WARNING: A restricted method in java.lang.System has been called
WARNING: java.lang.System::load has been called by net.rubygrapefruit.platform.internal.NativeLibraryLoader in an unnamed module (file:/home/rafael/.gradle/wrapper/dists/gradle-9.5.0-bin/bvnork1r7n8i6kp5cnkibsc9q/gradle-9.5.0/lib/native-platform-0.22-milestone-29.jar)
WARNING: Use --enable-native-access=ALL-UNNAMED to avoid a warning for callers in this module
WARNING: Restricted methods will be blocked in a future release unless native access is enabled

Calculating task graph as no cached configuration is available for tasks: :kflate:jvmBenchmarkBenchmark
> Task :kflate:jvmBenchmarkProcessResources NO-SOURCE
> Task :kflate:jvmProcessResources NO-SOURCE
> Task :kflate:kmpPartiallyResolvedDependenciesChecker
> Task :kflate:processJvmMainResources SKIPPED
> Task :kflate:checkKotlinGradlePluginConfigurationErrors SKIPPED
> Task :kflate:processJvmBenchmarkResources SKIPPED
> Task :kflate:compileKotlinJvm UP-TO-DATE
> Task :kflate:compileJvmMainJava NO-SOURCE
> Task :kflate:jvmMainClasses UP-TO-DATE
> Task :kflate:jvmJar UP-TO-DATE
> Task :kflate:compileBenchmarkKotlinJvm UP-TO-DATE
> Task :kflate:compileJvmBenchmarkJava NO-SOURCE
> Task :kflate:jvmBenchmarkClasses UP-TO-DATE
> Task :kflate:jvmBenchmarkBenchmarkGenerate UP-TO-DATE
> Task :kflate:jvmBenchmarkBenchmarkCompile UP-TO-DATE

> Task :kflate:jvmBenchmarkBenchmark
Running 'main' benchmarks for 'jvmBenchmark'

… com.rafambn.kflate.benchmark.CompressionBenchmarks.rawDeflateCompression | corpus=simpleText, level=0

Warm-up 1: ≈ 10⁻⁷ s/op
Warm-up 2: ≈ 10⁻⁷ s/op
Warm-up 3: ≈ 10⁻⁷ s/op
Warm-up 4: ≈ 10⁻⁷ s/op
Warm-up 5: ≈ 10⁻⁷ s/op
Warm-up 6: ≈ 10⁻⁷ s/op
Warm-up 7: ≈ 10⁻⁷ s/op
Warm-up 8: ≈ 10⁻⁷ s/op
Iteration 1: ≈ 10⁻⁷ s/op
Iteration 2: ≈ 10⁻⁷ s/op
Iteration 3: ≈ 10⁻⁷ s/op
Iteration 4: ≈ 10⁻⁷ s/op
Iteration 5: ≈ 10⁻⁷ s/op
Iteration 6: ≈ 10⁻⁷ s/op
Iteration 7: ≈ 10⁻⁷ s/op
Iteration 8: ≈ 10⁻⁷ s/op
Iteration 9: ≈ 10⁻⁷ s/op
Iteration 10: ≈ 10⁻⁷ s/op
Iteration 11: ≈ 10⁻⁷ s/op
Iteration 12: ≈ 10⁻⁷ s/op
Iteration 13: ≈ 10⁻⁷ s/op
Iteration 14: ≈ 10⁻⁷ s/op
Iteration 15: ≈ 10⁻⁷ s/op

Warm-up 1: ≈ 10⁻⁷ s/op
Warm-up 2: ≈ 10⁻⁷ s/op
Warm-up 3: ≈ 10⁻⁷ s/op
Warm-up 4: ≈ 10⁻⁷ s/op
Warm-up 5: ≈ 10⁻⁷ s/op
Warm-up 6: ≈ 10⁻⁷ s/op
Warm-up 7: ≈ 10⁻⁷ s/op
Warm-up 8: ≈ 10⁻⁷ s/op
Iteration 1: ≈ 10⁻⁷ s/op
Iteration 2: ≈ 10⁻⁷ s/op
Iteration 3: ≈ 10⁻⁷ s/op
Iteration 4: ≈ 10⁻⁷ s/op
Iteration 5: ≈ 10⁻⁷ s/op
Iteration 6: ≈ 10⁻⁷ s/op
Iteration 7: ≈ 10⁻⁷ s/op
Iteration 8: ≈ 10⁻⁷ s/op
Iteration 9: ≈ 10⁻⁷ s/op
Iteration 10: ≈ 10⁻⁷ s/op
Iteration 11: ≈ 10⁻⁷ s/op
Iteration 12: ≈ 10⁻⁷ s/op
Iteration 13: ≈ 10⁻⁷ s/op
Iteration 14: ≈ 10⁻⁷ s/op
Iteration 15: ≈ 10⁻⁷ s/op

Warm-up 1: ≈ 10⁻⁷ s/op
Warm-up 2: ≈ 10⁻⁷ s/op
Warm-up 3: ≈ 10⁻⁷ s/op
Warm-up 4: ≈ 10⁻⁷ s/op
Warm-up 5: ≈ 10⁻⁷ s/op
Warm-up 6: ≈ 10⁻⁷ s/op
Warm-up 7: ≈ 10⁻⁷ s/op
Warm-up 8: ≈ 10⁻⁷ s/op
Iteration 1: ≈ 10⁻⁷ s/op
Iteration 2: ≈ 10⁻⁷ s/op
Iteration 3: ≈ 10⁻⁷ s/op
Iteration 4: ≈ 10⁻⁷ s/op
Iteration 5: ≈ 10⁻⁷ s/op
Iteration 6: ≈ 10⁻⁷ s/op
Iteration 7: ≈ 10⁻⁷ s/op
Iteration 8: ≈ 10⁻⁷ s/op
Iteration 9: ≈ 10⁻⁷ s/op
Iteration 10: ≈ 10⁻⁷ s/op
Iteration 11: ≈ 10⁻⁷ s/op
Iteration 12: ≈ 10⁻⁷ s/op
Iteration 13: ≈ 10⁻⁷ s/op
Iteration 14: ≈ 10⁻⁷ s/op
Iteration 15: ≈ 10⁻⁷ s/op

  Success: ≈ 10⁻⁷ s/op

… com.rafambn.kflate.benchmark.CompressionBenchmarks.rawDeflateCompression | corpus=simpleText, level=1

Warm-up 1: ≈ 10⁻⁴ s/op
Warm-up 2: ≈ 10⁻⁵ s/op
Warm-up 3: ≈ 10⁻⁵ s/op
Warm-up 4: ≈ 10⁻⁵ s/op
Warm-up 5: ≈ 10⁻⁵ s/op
Warm-up 6: ≈ 10⁻⁵ s/op
Warm-up 7: ≈ 10⁻⁵ s/op
Warm-up 8: ≈ 10⁻⁵ s/op
Iteration 1: ≈ 10⁻⁵ s/op
Iteration 2: ≈ 10⁻⁵ s/op
Iteration 3: ≈ 10⁻⁵ s/op
Iteration 4: ≈ 10⁻⁵ s/op
Iteration 5: ≈ 10⁻⁵ s/op
Iteration 6: ≈ 10⁻⁵ s/op
Iteration 7: ≈ 10⁻⁵ s/op
Iteration 8: ≈ 10⁻⁵ s/op
Iteration 9: ≈ 10⁻⁵ s/op
Iteration 10: ≈ 10⁻⁵ s/op
Iteration 11: ≈ 10⁻⁵ s/op
Iteration 12: ≈ 10⁻⁵ s/op
Iteration 13: ≈ 10⁻⁵ s/op
Iteration 14: ≈ 10⁻⁵ s/op
Iteration 15: ≈ 10⁻⁵ s/op

Warm-up 1: ≈ 10⁻⁴ s/op
Warm-up 2: ≈ 10⁻⁵ s/op
Warm-up 3: ≈ 10⁻⁵ s/op
Warm-up 4: ≈ 10⁻⁵ s/op
Warm-up 5: ≈ 10⁻⁵ s/op
Warm-up 6: ≈ 10⁻⁵ s/op
Warm-up 7: ≈ 10⁻⁵ s/op
Warm-up 8: ≈ 10⁻⁵ s/op
Iteration 1: ≈ 10⁻⁵ s/op
Iteration 2: ≈ 10⁻⁵ s/op
Iteration 3: ≈ 10⁻⁵ s/op
Iteration 4: ≈ 10⁻⁵ s/op
Iteration 5: ≈ 10⁻⁵ s/op
Iteration 6: ≈ 10⁻⁵ s/op
Iteration 7: ≈ 10⁻⁵ s/op
Iteration 8: ≈ 10⁻⁵ s/op
Iteration 9: ≈ 10⁻⁵ s/op
Iteration 10: ≈ 10⁻⁵ s/op
Iteration 11: ≈ 10⁻⁵ s/op
Iteration 12: ≈ 10⁻⁵ s/op
Iteration 13: ≈ 10⁻⁵ s/op
Iteration 14: ≈ 10⁻⁵ s/op
Iteration 15: ≈ 10⁻⁵ s/op

Warm-up 1: ≈ 10⁻⁴ s/op
Warm-up 2: ≈ 10⁻⁵ s/op
Warm-up 3: ≈ 10⁻⁵ s/op
Warm-up 4: ≈ 10⁻⁵ s/op
Warm-up 5: ≈ 10⁻⁵ s/op
Warm-up 6: ≈ 10⁻⁵ s/op
Warm-up 7: ≈ 10⁻⁵ s/op
Warm-up 8: ≈ 10⁻⁵ s/op
Iteration 1: ≈ 10⁻⁵ s/op
Iteration 2: ≈ 10⁻⁵ s/op
Iteration 3: ≈ 10⁻⁴ s/op
Iteration 4: ≈ 10⁻⁴ s/op
Iteration 5: ≈ 10⁻⁵ s/op
Iteration 6: ≈ 10⁻⁵ s/op
Iteration 7: ≈ 10⁻⁵ s/op
Iteration 8: ≈ 10⁻⁵ s/op
Iteration 9: ≈ 10⁻⁵ s/op
Iteration 10: ≈ 10⁻⁵ s/op
Iteration 11: ≈ 10⁻⁵ s/op
Iteration 12: ≈ 10⁻⁵ s/op
Iteration 13: ≈ 10⁻⁵ s/op
Iteration 14: ≈ 10⁻⁵ s/op
Iteration 15: ≈ 10⁻⁵ s/op

  Success: ≈ 10⁻⁵ s/op

… com.rafambn.kflate.benchmark.CompressionBenchmarks.rawDeflateCompression | corpus=simpleText, level=2

Warm-up 1: ≈ 10⁻⁴ s/op
Warm-up 2: ≈ 10⁻⁵ s/op
Warm-up 3: ≈ 10⁻⁵ s/op
Warm-up 4: ≈ 10⁻⁵ s/op
Warm-up 5: ≈ 10⁻⁵ s/op
Warm-up 6: ≈ 10⁻⁵ s/op
Warm-up 7: ≈ 10⁻⁵ s/op
Warm-up 8: ≈ 10⁻⁵ s/op
Iteration 1: ≈ 10⁻⁵ s/op
Iteration 2: ≈ 10⁻⁵ s/op
Iteration 3: ≈ 10⁻⁵ s/op
Iteration 4: ≈ 10⁻⁵ s/op
Iteration 5: ≈ 10⁻⁵ s/op
Iteration 6: ≈ 10⁻⁵ s/op
Iteration 7: ≈ 10⁻⁵ s/op
Iteration 8: ≈ 10⁻⁵ s/op
Iteration 9: ≈ 10⁻⁴ s/op
Iteration 10: ≈ 10⁻⁵ s/op
Iteration 11: ≈ 10⁻⁴ s/op
Iteration 12: ≈ 10⁻⁴ s/op
Iteration 13: ≈ 10⁻⁵ s/op
Iteration 14: ≈ 10⁻⁵ s/op
Iteration 15: ≈ 10⁻⁵ s/op

Warm-up 1: ≈ 10⁻⁴ s/op
Warm-up 2: ≈ 10⁻⁵ s/op
Warm-up 3: ≈ 10⁻⁵ s/op
Warm-up 4: ≈ 10⁻⁵ s/op
Warm-up 5: ≈ 10⁻⁵ s/op
Warm-up 6: ≈ 10⁻⁵ s/op
Warm-up 7: ≈ 10⁻⁵ s/op
Warm-up 8: ≈ 10⁻⁵ s/op
Iteration 1: ≈ 10⁻⁵ s/op
Iteration 2: ≈ 10⁻⁵ s/op
Iteration 3: ≈ 10⁻⁵ s/op
Iteration 4: ≈ 10⁻⁵ s/op
Iteration 5: ≈ 10⁻⁵ s/op
Iteration 6: ≈ 10⁻⁵ s/op
Iteration 7: ≈ 10⁻⁵ s/op
Iteration 8: ≈ 10⁻⁵ s/op
Iteration 9: ≈ 10⁻⁵ s/op
Iteration 10: ≈ 10⁻⁵ s/op
Iteration 11: ≈ 10⁻⁵ s/op
Iteration 12: ≈ 10⁻⁵ s/op
Iteration 13: ≈ 10⁻⁵ s/op
Iteration 14: ≈ 10⁻⁵ s/op
Iteration 15: ≈ 10⁻⁵ s/op

Warm-up 1: ≈ 10⁻⁴ s/op
Warm-up 2: ≈ 10⁻⁵ s/op
Warm-up 3: ≈ 10⁻⁵ s/op
Warm-up 4: ≈ 10⁻⁵ s/op
Warm-up 5: ≈ 10⁻⁵ s/op
Warm-up 6: ≈ 10⁻⁵ s/op
Warm-up 7: ≈ 10⁻⁵ s/op
Warm-up 8: ≈ 10⁻⁵ s/op
Iteration 1: ≈ 10⁻⁵ s/op
Iteration 2: ≈ 10⁻⁵ s/op
Iteration 3: ≈ 10⁻⁵ s/op
Iteration 4: ≈ 10⁻⁵ s/op
Iteration 5: ≈ 10⁻⁵ s/op
Iteration 6: ≈ 10⁻⁵ s/op
Iteration 7: ≈ 10⁻⁵ s/op
Iteration 8: ≈ 10⁻⁵ s/op
Iteration 9: ≈ 10⁻⁵ s/op
Iteration 10: ≈ 10⁻⁵ s/op
Iteration 11: ≈ 10⁻⁵ s/op
Iteration 12: ≈ 10⁻⁵ s/op
Iteration 13: ≈ 10⁻⁵ s/op
Iteration 14: ≈ 10⁻⁵ s/op
Iteration 15: ≈ 10⁻⁵ s/op

  Success: ≈ 10⁻⁵ s/op

… com.rafambn.kflate.benchmark.CompressionBenchmarks.rawDeflateCompression | corpus=simpleText, level=3

Warm-up 1: ≈ 10⁻⁴ s/op
Warm-up 2: ≈ 10⁻⁵ s/op
Warm-up 3: ≈ 10⁻⁵ s/op
Warm-up 4: ≈ 10⁻⁵ s/op
Warm-up 5: ≈ 10⁻⁵ s/op
Warm-up 6: ≈ 10⁻⁵ s/op
Warm-up 7: ≈ 10⁻⁵ s/op
Warm-up 8: ≈ 10⁻⁵ s/op
Iteration 1: ≈ 10⁻⁵ s/op
Iteration 2: ≈ 10⁻⁵ s/op
Iteration 3: ≈ 10⁻⁵ s/op
Iteration 4: ≈ 10⁻⁵ s/op
Iteration 5: ≈ 10⁻⁵ s/op
Iteration 6: ≈ 10⁻⁵ s/op
Iteration 7: ≈ 10⁻⁵ s/op
Iteration 8: ≈ 10⁻⁵ s/op
Iteration 9: ≈ 10⁻⁵ s/op
Iteration 10: ≈ 10⁻⁵ s/op
Iteration 11: ≈ 10⁻⁵ s/op
Iteration 12: ≈ 10⁻⁵ s/op
Iteration 13: ≈ 10⁻⁵ s/op
Iteration 14: ≈ 10⁻⁵ s/op
Iteration 15: ≈ 10⁻⁵ s/op

Warm-up 1: ≈ 10⁻⁴ s/op
Warm-up 2: ≈ 10⁻⁵ s/op
Warm-up 3: ≈ 10⁻⁵ s/op
Warm-up 4: ≈ 10⁻⁵ s/op
Warm-up 5: ≈ 10⁻⁵ s/op
Warm-up 6: ≈ 10⁻⁵ s/op
Warm-up 7: ≈ 10⁻⁵ s/op
Warm-up 8: ≈ 10⁻⁵ s/op
Iteration 1: ≈ 10⁻⁵ s/op
Iteration 2: ≈ 10⁻⁵ s/op
Iteration 3: ≈ 10⁻⁵ s/op
Iteration 4: ≈ 10⁻⁵ s/op
Iteration 5: ≈ 10⁻⁵ s/op
Iteration 6: ≈ 10⁻⁵ s/op
Iteration 7: ≈ 10⁻⁵ s/op
Iteration 8: ≈ 10⁻⁵ s/op
Iteration 9: ≈ 10⁻⁵ s/op
Iteration 10: ≈ 10⁻⁵ s/op
Iteration 11: ≈ 10⁻⁵ s/op
Iteration 12: ≈ 10⁻⁵ s/op
Iteration 13: ≈ 10⁻⁵ s/op
Iteration 14: ≈ 10⁻⁵ s/op
Iteration 15: ≈ 10⁻⁵ s/op

Warm-up 1: ≈ 10⁻⁴ s/op
Warm-up 2: ≈ 10⁻⁵ s/op
Warm-up 3: ≈ 10⁻⁵ s/op
Warm-up 4: ≈ 10⁻⁵ s/op
Warm-up 5: ≈ 10⁻⁵ s/op
Warm-up 6: ≈ 10⁻⁵ s/op
Warm-up 7: ≈ 10⁻⁵ s/op
Warm-up 8: ≈ 10⁻⁵ s/op
Iteration 1: ≈ 10⁻⁵ s/op
Iteration 2: ≈ 10⁻⁵ s/op
Iteration 3: ≈ 10⁻⁵ s/op
Iteration 4: ≈ 10⁻⁴ s/op
Iteration 5: ≈ 10⁻⁵ s/op
Iteration 6: ≈ 10⁻⁵ s/op
Iteration 7: ≈ 10⁻⁵ s/op
Iteration 8: ≈ 10⁻⁵ s/op
Iteration 9: ≈ 10⁻⁵ s/op
Iteration 10: ≈ 10⁻⁵ s/op
Iteration 11: ≈ 10⁻⁵ s/op
Iteration 12: ≈ 10⁻⁵ s/op
Iteration 13: ≈ 10⁻⁵ s/op
Iteration 14: ≈ 10⁻⁵ s/op
Iteration 15: ≈ 10⁻⁵ s/op

  Success: ≈ 10⁻⁵ s/op

… com.rafambn.kflate.benchmark.CompressionBenchmarks.rawDeflateCompression | corpus=simpleText, level=4

Warm-up 1: ≈ 10⁻⁴ s/op
Warm-up 2: ≈ 10⁻⁵ s/op
Warm-up 3: ≈ 10⁻⁵ s/op
Warm-up 4: ≈ 10⁻⁵ s/op
Warm-up 5: ≈ 10⁻⁵ s/op
Warm-up 6: ≈ 10⁻⁵ s/op
Warm-up 7: ≈ 10⁻⁵ s/op
Warm-up 8: ≈ 10⁻⁵ s/op
Iteration 1: ≈ 10⁻⁵ s/op
Iteration 2: ≈ 10⁻⁵ s/op
Iteration 3: ≈ 10⁻⁵ s/op
Iteration 4: ≈ 10⁻⁵ s/op
Iteration 5: ≈ 10⁻⁵ s/op
Iteration 6: ≈ 10⁻⁵ s/op
Iteration 7: ≈ 10⁻⁵ s/op
Iteration 8: ≈ 10⁻⁵ s/op
Iteration 9: ≈ 10⁻⁵ s/op
Iteration 10: ≈ 10⁻⁵ s/op
Iteration 11: ≈ 10⁻⁵ s/op
Iteration 12: ≈ 10⁻⁵ s/op
Iteration 13: ≈ 10⁻⁵ s/op
Iteration 14: ≈ 10⁻⁵ s/op
Iteration 15: ≈ 10⁻⁵ s/op

Warm-up 1: ≈ 10⁻⁴ s/op
Warm-up 2: ≈ 10⁻⁵ s/op
Warm-up 3: ≈ 10⁻⁵ s/op
Warm-up 4: ≈ 10⁻⁵ s/op
Warm-up 5: ≈ 10⁻⁵ s/op
Warm-up 6: ≈ 10⁻⁵ s/op
Warm-up 7: ≈ 10⁻⁵ s/op
Warm-up 8: ≈ 10⁻⁵ s/op
Iteration 1: ≈ 10⁻⁵ s/op
Iteration 2: ≈ 10⁻⁵ s/op
Iteration 3: ≈ 10⁻⁵ s/op
Iteration 4: ≈ 10⁻⁵ s/op
Iteration 5: ≈ 10⁻⁵ s/op
Iteration 6: ≈ 10⁻⁵ s/op
Iteration 7: ≈ 10⁻⁵ s/op
Iteration 8: ≈ 10⁻⁵ s/op
Iteration 9: ≈ 10⁻⁵ s/op
Iteration 10: ≈ 10⁻⁵ s/op
Iteration 11: ≈ 10⁻⁵ s/op
Iteration 12: ≈ 10⁻⁵ s/op
Iteration 13: ≈ 10⁻⁵ s/op
Iteration 14: ≈ 10⁻⁵ s/op
Iteration 15: ≈ 10⁻⁵ s/op

Warm-up 1: ≈ 10⁻⁴ s/op
Warm-up 2: ≈ 10⁻⁵ s/op
Warm-up 3: ≈ 10⁻⁵ s/op
Warm-up 4: ≈ 10⁻⁵ s/op
Warm-up 5: ≈ 10⁻⁵ s/op
Warm-up 6: ≈ 10⁻⁵ s/op
Warm-up 7: ≈ 10⁻⁵ s/op
Warm-up 8: ≈ 10⁻⁵ s/op
Iteration 1: ≈ 10⁻⁵ s/op
Iteration 2: ≈ 10⁻⁵ s/op
Iteration 3: ≈ 10⁻⁵ s/op
Iteration 4: ≈ 10⁻⁵ s/op
Iteration 5: ≈ 10⁻⁵ s/op
Iteration 6: ≈ 10⁻⁵ s/op
Iteration 7: ≈ 10⁻⁵ s/op
Iteration 8: ≈ 10⁻⁵ s/op
Iteration 9: ≈ 10⁻⁵ s/op
Iteration 10: ≈ 10⁻⁵ s/op
Iteration 11: ≈ 10⁻⁵ s/op
Iteration 12: ≈ 10⁻⁵ s/op
Iteration 13: ≈ 10⁻⁵ s/op
Iteration 14: ≈ 10⁻⁵ s/op
Iteration 15: ≈ 10⁻⁵ s/op

  Success: ≈ 10⁻⁵ s/op

… com.rafambn.kflate.benchmark.CompressionBenchmarks.rawDeflateCompression | corpus=simpleText, level=5

Warm-up 1: ≈ 10⁻⁴ s/op
Warm-up 2: ≈ 10⁻⁵ s/op
Warm-up 3: ≈ 10⁻⁵ s/op
Warm-up 4: ≈ 10⁻⁵ s/op
Warm-up 5: ≈ 10⁻⁵ s/op
Warm-up 6: ≈ 10⁻⁵ s/op
Warm-up 7: ≈ 10⁻⁵ s/op
Warm-up 8: ≈ 10⁻⁵ s/op
Iteration 1: ≈ 10⁻⁵ s/op
Iteration 2: ≈ 10⁻⁵ s/op
Iteration 3: ≈ 10⁻⁵ s/op
Iteration 4: ≈ 10⁻⁵ s/op
Iteration 5: ≈ 10⁻⁵ s/op
Iteration 6: ≈ 10⁻⁵ s/op
Iteration 7: ≈ 10⁻⁵ s/op
Iteration 8: ≈ 10⁻⁵ s/op
Iteration 9: ≈ 10⁻⁵ s/op
Iteration 10: ≈ 10⁻⁵ s/op
Iteration 11: ≈ 10⁻⁵ s/op
Iteration 12: ≈ 10⁻⁵ s/op
Iteration 13: ≈ 10⁻⁵ s/op
Iteration 14: ≈ 10⁻⁵ s/op
Iteration 15: ≈ 10⁻⁵ s/op

Warm-up 1: ≈ 10⁻⁴ s/op
Warm-up 2: ≈ 10⁻⁵ s/op
Warm-up 3: ≈ 10⁻⁵ s/op
Warm-up 4: ≈ 10⁻⁵ s/op
Warm-up 5: ≈ 10⁻⁵ s/op
Warm-up 6: ≈ 10⁻⁵ s/op
Warm-up 7: ≈ 10⁻⁵ s/op
Warm-up 8: ≈ 10⁻⁵ s/op
Iteration 1: ≈ 10⁻⁵ s/op
Iteration 2: ≈ 10⁻⁵ s/op
Iteration 3: ≈ 10⁻⁵ s/op
Iteration 4: ≈ 10⁻⁵ s/op
Iteration 5: ≈ 10⁻⁵ s/op
Iteration 6: ≈ 10⁻⁵ s/op
Iteration 7: ≈ 10⁻⁵ s/op
Iteration 8: ≈ 10⁻⁵ s/op
Iteration 9: ≈ 10⁻⁵ s/op
Iteration 10: ≈ 10⁻⁵ s/op
Iteration 11: ≈ 10⁻⁵ s/op
Iteration 12: ≈ 10⁻⁵ s/op
Iteration 13: ≈ 10⁻⁵ s/op
Iteration 14: ≈ 10⁻⁵ s/op
Iteration 15: ≈ 10⁻⁵ s/op

Warm-up 1: ≈ 10⁻⁴ s/op
Warm-up 2: ≈ 10⁻⁵ s/op
Warm-up 3: ≈ 10⁻⁵ s/op
Warm-up 4: ≈ 10⁻⁵ s/op
Warm-up 5: ≈ 10⁻⁵ s/op
Warm-up 6: ≈ 10⁻⁵ s/op
Warm-up 7: ≈ 10⁻⁵ s/op
Warm-up 8: ≈ 10⁻⁵ s/op
Iteration 1: ≈ 10⁻⁵ s/op
Iteration 2: ≈ 10⁻⁵ s/op
Iteration 3: ≈ 10⁻⁵ s/op
Iteration 4: ≈ 10⁻⁵ s/op
Iteration 5: ≈ 10⁻⁵ s/op
Iteration 6: ≈ 10⁻⁵ s/op
Iteration 7: ≈ 10⁻⁵ s/op
Iteration 8: ≈ 10⁻⁵ s/op
Iteration 9: ≈ 10⁻⁵ s/op
Iteration 10: ≈ 10⁻⁵ s/op
Iteration 11: ≈ 10⁻⁵ s/op
Iteration 12: ≈ 10⁻⁵ s/op
Iteration 13: ≈ 10⁻⁵ s/op
Iteration 14: ≈ 10⁻⁵ s/op
Iteration 15: ≈ 10⁻⁵ s/op

  Success: ≈ 10⁻⁵ s/op

… com.rafambn.kflate.benchmark.CompressionBenchmarks.rawDeflateCompression | corpus=simpleText, level=6

Warm-up 1: ≈ 10⁻⁴ s/op
Warm-up 2: ≈ 10⁻⁵ s/op
Warm-up 3: ≈ 10⁻⁵ s/op
Warm-up 4: ≈ 10⁻⁵ s/op
Warm-up 5: ≈ 10⁻⁵ s/op
Warm-up 6: ≈ 10⁻⁵ s/op
Warm-up 7: ≈ 10⁻⁵ s/op
Warm-up 8: ≈ 10⁻⁵ s/op
Iteration 1: ≈ 10⁻⁵ s/op
Iteration 2: ≈ 10⁻⁵ s/op
Iteration 3: ≈ 10⁻⁵ s/op
Iteration 4: ≈ 10⁻⁵ s/op
Iteration 5: ≈ 10⁻⁵ s/op
Iteration 6: ≈ 10⁻⁵ s/op
Iteration 7: ≈ 10⁻⁵ s/op
Iteration 8: ≈ 10⁻⁵ s/op
Iteration 9: ≈ 10⁻⁵ s/op
Iteration 10: ≈ 10⁻⁵ s/op
Iteration 11: ≈ 10⁻⁵ s/op
Iteration 12: ≈ 10⁻⁵ s/op
Iteration 13: ≈ 10⁻⁵ s/op
Iteration 14: ≈ 10⁻⁵ s/op
Iteration 15: ≈ 10⁻⁵ s/op

Warm-up 1: ≈ 10⁻⁴ s/op
Warm-up 2: ≈ 10⁻⁵ s/op
Warm-up 3: ≈ 10⁻⁵ s/op
Warm-up 4: ≈ 10⁻⁵ s/op
Warm-up 5: ≈ 10⁻⁵ s/op
Warm-up 6: ≈ 10⁻⁵ s/op
Warm-up 7: ≈ 10⁻⁵ s/op
Warm-up 8: ≈ 10⁻⁵ s/op
Iteration 1: ≈ 10⁻⁵ s/op
Iteration 2: ≈ 10⁻⁵ s/op
Iteration 3: ≈ 10⁻⁵ s/op
Iteration 4: ≈ 10⁻⁵ s/op
Iteration 5: ≈ 10⁻⁵ s/op
Iteration 6: ≈ 10⁻⁵ s/op
Iteration 7: ≈ 10⁻⁵ s/op
Iteration 8: ≈ 10⁻⁵ s/op
Iteration 9: ≈ 10⁻⁵ s/op
Iteration 10: ≈ 10⁻⁵ s/op
Iteration 11: ≈ 10⁻⁵ s/op
Iteration 12: ≈ 10⁻⁵ s/op
Iteration 13: ≈ 10⁻⁵ s/op
Iteration 14: ≈ 10⁻⁵ s/op
Iteration 15: ≈ 10⁻⁵ s/op

Warm-up 1: ≈ 10⁻⁴ s/op
Warm-up 2: ≈ 10⁻⁵ s/op
Warm-up 3: ≈ 10⁻⁵ s/op
Warm-up 4: ≈ 10⁻⁵ s/op
Warm-up 5: ≈ 10⁻⁵ s/op
Warm-up 6: ≈ 10⁻⁵ s/op
Warm-up 7: ≈ 10⁻⁵ s/op
Warm-up 8: ≈ 10⁻⁵ s/op
Iteration 1: ≈ 10⁻⁵ s/op
Iteration 2: ≈ 10⁻⁵ s/op
Iteration 3: ≈ 10⁻⁵ s/op
Iteration 4: ≈ 10⁻⁵ s/op
Iteration 5: ≈ 10⁻⁵ s/op
Iteration 6: ≈ 10⁻⁵ s/op
Iteration 7: ≈ 10⁻⁵ s/op
Iteration 8: ≈ 10⁻⁵ s/op
Iteration 9: ≈ 10⁻⁵ s/op
Iteration 10: ≈ 10⁻⁵ s/op
Iteration 11: ≈ 10⁻⁵ s/op
Iteration 12: ≈ 10⁻⁵ s/op
Iteration 13: ≈ 10⁻⁵ s/op
Iteration 14: ≈ 10⁻⁵ s/op
Iteration 15: ≈ 10⁻⁵ s/op

  Success: ≈ 10⁻⁵ s/op

… com.rafambn.kflate.benchmark.CompressionBenchmarks.rawDeflateCompression | corpus=simpleText, level=7

Warm-up 1: ≈ 10⁻⁴ s/op
Warm-up 2: ≈ 10⁻⁵ s/op
Warm-up 3: ≈ 10⁻⁵ s/op
Warm-up 4: ≈ 10⁻⁵ s/op
Warm-up 5: ≈ 10⁻⁵ s/op
Warm-up 6: ≈ 10⁻⁵ s/op
Warm-up 7: ≈ 10⁻⁵ s/op
Warm-up 8: ≈ 10⁻⁵ s/op
Iteration 1: ≈ 10⁻⁵ s/op
Iteration 2: ≈ 10⁻⁵ s/op
Iteration 3: ≈ 10⁻⁵ s/op
Iteration 4: ≈ 10⁻⁵ s/op
Iteration 5: ≈ 10⁻⁵ s/op
Iteration 6: ≈ 10⁻⁵ s/op
Iteration 7: ≈ 10⁻⁵ s/op
Iteration 8: ≈ 10⁻⁵ s/op
Iteration 9: ≈ 10⁻⁵ s/op
Iteration 10: ≈ 10⁻⁵ s/op
Iteration 11: ≈ 10⁻⁵ s/op
Iteration 12: ≈ 10⁻⁵ s/op
Iteration 13: ≈ 10⁻⁵ s/op
Iteration 14: ≈ 10⁻⁵ s/op
Iteration 15: ≈ 10⁻⁵ s/op

Warm-up 1: ≈ 10⁻⁴ s/op
Warm-up 2: ≈ 10⁻⁵ s/op
Warm-up 3: ≈ 10⁻⁵ s/op
Warm-up 4: ≈ 10⁻⁵ s/op
Warm-up 5: ≈ 10⁻⁵ s/op
Warm-up 6: ≈ 10⁻⁵ s/op
Warm-up 7: ≈ 10⁻⁵ s/op
Warm-up 8: ≈ 10⁻⁵ s/op
Iteration 1: ≈ 10⁻⁵ s/op
Iteration 2: ≈ 10⁻⁵ s/op
Iteration 3: ≈ 10⁻⁵ s/op
Iteration 4: ≈ 10⁻⁵ s/op
Iteration 5: ≈ 10⁻⁵ s/op
Iteration 6: ≈ 10⁻⁴ s/op
Iteration 7: ≈ 10⁻⁵ s/op
Iteration 8: ≈ 10⁻⁵ s/op
Iteration 9: ≈ 10⁻⁵ s/op
Iteration 10: ≈ 10⁻⁴ s/op
Iteration 11: ≈ 10⁻⁴ s/op
Iteration 12: ≈ 10⁻⁴ s/op
Iteration 13: ≈ 10⁻⁵ s/op
Iteration 14: ≈ 10⁻⁵ s/op
Iteration 15: ≈ 10⁻⁵ s/op

Warm-up 1: ≈ 10⁻⁴ s/op
Warm-up 2: ≈ 10⁻⁵ s/op
Warm-up 3: ≈ 10⁻⁵ s/op
Warm-up 4: ≈ 10⁻⁵ s/op
Warm-up 5: ≈ 10⁻⁵ s/op
Warm-up 6: ≈ 10⁻⁵ s/op
Warm-up 7: ≈ 10⁻⁵ s/op
Warm-up 8: ≈ 10⁻⁵ s/op
Iteration 1: ≈ 10⁻⁵ s/op
Iteration 2: ≈ 10⁻⁵ s/op
Iteration 3: ≈ 10⁻⁵ s/op
Iteration 4: ≈ 10⁻⁵ s/op
Iteration 5: ≈ 10⁻⁵ s/op
Iteration 6: ≈ 10⁻⁴ s/op
Iteration 7: ≈ 10⁻⁴ s/op
Iteration 8: ≈ 10⁻⁵ s/op
Iteration 9: ≈ 10⁻⁵ s/op
Iteration 10: ≈ 10⁻⁵ s/op
Iteration 11: ≈ 10⁻⁵ s/op
Iteration 12: ≈ 10⁻⁵ s/op
Iteration 13: ≈ 10⁻⁴ s/op
Iteration 14: ≈ 10⁻⁵ s/op
Iteration 15: ≈ 10⁻⁵ s/op

  Success: ≈ 10⁻⁵ s/op

… com.rafambn.kflate.benchmark.CompressionBenchmarks.rawDeflateCompression | corpus=simpleText, level=8

Warm-up 1: ≈ 10⁻⁴ s/op
Warm-up 2: ≈ 10⁻⁵ s/op
Warm-up 3: ≈ 10⁻⁵ s/op
Warm-up 4: ≈ 10⁻⁵ s/op
Warm-up 5: ≈ 10⁻⁵ s/op
Warm-up 6: ≈ 10⁻⁵ s/op
Warm-up 7: ≈ 10⁻⁵ s/op
Warm-up 8: ≈ 10⁻⁵ s/op
Iteration 1: ≈ 10⁻⁵ s/op
Iteration 2: ≈ 10⁻⁵ s/op
Iteration 3: ≈ 10⁻⁵ s/op
Iteration 4: ≈ 10⁻⁵ s/op
Iteration 5: ≈ 10⁻⁵ s/op
Iteration 6: ≈ 10⁻⁵ s/op
Iteration 7: ≈ 10⁻⁵ s/op
Iteration 8: ≈ 10⁻⁵ s/op
Iteration 9: ≈ 10⁻⁵ s/op
Iteration 10: ≈ 10⁻⁵ s/op
Iteration 11: ≈ 10⁻⁵ s/op
Iteration 12: ≈ 10⁻⁵ s/op
Iteration 13: ≈ 10⁻⁵ s/op
Iteration 14: ≈ 10⁻⁵ s/op
Iteration 15: ≈ 10⁻⁵ s/op

Warm-up 1: ≈ 10⁻⁴ s/op
Warm-up 2: ≈ 10⁻⁵ s/op
Warm-up 3: ≈ 10⁻⁵ s/op
Warm-up 4: ≈ 10⁻⁵ s/op
Warm-up 5: ≈ 10⁻⁵ s/op
Warm-up 6: ≈ 10⁻⁵ s/op
Warm-up 7: ≈ 10⁻⁵ s/op
Warm-up 8: ≈ 10⁻⁵ s/op
Iteration 1: ≈ 10⁻⁵ s/op
Iteration 2: ≈ 10⁻⁵ s/op
Iteration 3: ≈ 10⁻⁵ s/op
Iteration 4: ≈ 10⁻⁵ s/op
Iteration 5: ≈ 10⁻⁵ s/op
Iteration 6: ≈ 10⁻⁵ s/op
Iteration 7: ≈ 10⁻⁵ s/op
Iteration 8: ≈ 10⁻⁵ s/op
Iteration 9: ≈ 10⁻⁵ s/op
Iteration 10: ≈ 10⁻⁵ s/op
Iteration 11: ≈ 10⁻⁵ s/op
Iteration 12: ≈ 10⁻⁵ s/op
Iteration 13: ≈ 10⁻⁵ s/op
Iteration 14: ≈ 10⁻⁵ s/op
Iteration 15: ≈ 10⁻⁵ s/op

Warm-up 1: ≈ 10⁻⁴ s/op
Warm-up 2: ≈ 10⁻⁵ s/op
Warm-up 3: ≈ 10⁻⁵ s/op
Warm-up 4: ≈ 10⁻⁵ s/op
Warm-up 5: ≈ 10⁻⁵ s/op
Warm-up 6: ≈ 10⁻⁵ s/op
Warm-up 7: ≈ 10⁻⁵ s/op
Warm-up 8: ≈ 10⁻⁵ s/op
Iteration 1: ≈ 10⁻⁵ s/op
Iteration 2: ≈ 10⁻⁵ s/op
Iteration 3: ≈ 10⁻⁵ s/op
Iteration 4: ≈ 10⁻⁵ s/op
Iteration 5: ≈ 10⁻⁵ s/op
Iteration 6: ≈ 10⁻⁵ s/op
Iteration 7: ≈ 10⁻⁵ s/op
Iteration 8: ≈ 10⁻⁵ s/op
Iteration 9: ≈ 10⁻⁵ s/op
Iteration 10: ≈ 10⁻⁵ s/op
Iteration 11: ≈ 10⁻⁵ s/op
Iteration 12: ≈ 10⁻⁵ s/op
Iteration 13: ≈ 10⁻⁵ s/op
Iteration 14: ≈ 10⁻⁵ s/op
Iteration 15: ≈ 10⁻⁵ s/op

  Success: ≈ 10⁻⁵ s/op

… com.rafambn.kflate.benchmark.CompressionBenchmarks.rawDeflateCompression | corpus=simpleText, level=9

Warm-up 1: ≈ 10⁻⁴ s/op
Warm-up 2: ≈ 10⁻⁵ s/op
Warm-up 3: ≈ 10⁻⁵ s/op
Warm-up 4: ≈ 10⁻⁵ s/op
Warm-up 5: ≈ 10⁻⁵ s/op
Warm-up 6: ≈ 10⁻⁵ s/op
Warm-up 7: ≈ 10⁻⁵ s/op
Warm-up 8: ≈ 10⁻⁵ s/op
Iteration 1: ≈ 10⁻⁵ s/op
Iteration 2: ≈ 10⁻⁵ s/op
Iteration 3: ≈ 10⁻⁵ s/op
Iteration 4: ≈ 10⁻⁵ s/op
Iteration 5: ≈ 10⁻⁵ s/op
Iteration 6: ≈ 10⁻⁵ s/op
Iteration 7: ≈ 10⁻⁵ s/op
Iteration 8: ≈ 10⁻⁵ s/op
Iteration 9: ≈ 10⁻⁵ s/op
Iteration 10: ≈ 10⁻⁵ s/op
Iteration 11: ≈ 10⁻⁵ s/op
Iteration 12: ≈ 10⁻⁵ s/op
Iteration 13: ≈ 10⁻⁵ s/op
Iteration 14: ≈ 10⁻⁵ s/op
Iteration 15: ≈ 10⁻⁵ s/op

Warm-up 1: ≈ 10⁻⁴ s/op
Warm-up 2: ≈ 10⁻⁵ s/op
Warm-up 3: ≈ 10⁻⁵ s/op
Warm-up 4: ≈ 10⁻⁵ s/op
Warm-up 5: ≈ 10⁻⁵ s/op
Warm-up 6: ≈ 10⁻⁵ s/op
Warm-up 7: ≈ 10⁻⁵ s/op
Warm-up 8: ≈ 10⁻⁵ s/op
Iteration 1: ≈ 10⁻⁵ s/op
Iteration 2: ≈ 10⁻⁵ s/op
Iteration 3: ≈ 10⁻⁵ s/op
Iteration 4: ≈ 10⁻⁵ s/op
Iteration 5: ≈ 10⁻⁵ s/op
Iteration 6: ≈ 10⁻⁵ s/op
Iteration 7: ≈ 10⁻⁵ s/op
Iteration 8: ≈ 10⁻⁵ s/op
Iteration 9: ≈ 10⁻⁵ s/op
Iteration 10: ≈ 10⁻⁵ s/op
Iteration 11: ≈ 10⁻⁵ s/op
Iteration 12: ≈ 10⁻⁵ s/op
Iteration 13: ≈ 10⁻⁵ s/op
Iteration 14: ≈ 10⁻⁵ s/op
Iteration 15: ≈ 10⁻⁵ s/op

Warm-up 1: ≈ 10⁻⁴ s/op
Warm-up 2: ≈ 10⁻⁵ s/op
Warm-up 3: ≈ 10⁻⁵ s/op
Warm-up 4: ≈ 10⁻⁴ s/op
Warm-up 5: ≈ 10⁻⁴ s/op
Warm-up 6: ≈ 10⁻⁵ s/op
Warm-up 7: ≈ 10⁻⁵ s/op
Warm-up 8: ≈ 10⁻⁵ s/op
Iteration 1: ≈ 10⁻⁵ s/op
Iteration 2: ≈ 10⁻⁵ s/op
Iteration 3: ≈ 10⁻⁵ s/op
Iteration 4: ≈ 10⁻⁵ s/op
Iteration 5: ≈ 10⁻⁵ s/op
Iteration 6: ≈ 10⁻⁴ s/op
Iteration 7: ≈ 10⁻⁵ s/op
Iteration 8: ≈ 10⁻⁵ s/op
Iteration 9: ≈ 10⁻⁵ s/op
Iteration 10: ≈ 10⁻⁵ s/op
Iteration 11: ≈ 10⁻⁵ s/op
Iteration 12: ≈ 10⁻⁵ s/op
Iteration 13: ≈ 10⁻⁵ s/op
Iteration 14: ≈ 10⁻⁵ s/op
Iteration 15: ≈ 10⁻⁵ s/op

  Success: ≈ 10⁻⁵ s/op

… com.rafambn.kflate.benchmark.CompressionBenchmarks.rawDeflateCompression | corpus=text, level=0

Warm-up 1: 0.001 s/op
Warm-up 2: ≈ 10⁻³ s/op
Warm-up 3: 0.001 s/op
Warm-up 4: 0.001 s/op
Warm-up 5: 0.001 s/op
Warm-up 6: ≈ 10⁻³ s/op
Warm-up 7: ≈ 10⁻³ s/op
Warm-up 8: 0.001 s/op
Iteration 1: 0.001 s/op
Iteration 2: 0.001 s/op
Iteration 3: ≈ 10⁻³ s/op
Iteration 4: ≈ 10⁻³ s/op
Iteration 5: ≈ 10⁻³ s/op
Iteration 6: ≈ 10⁻³ s/op
Iteration 7: ≈ 10⁻³ s/op
Iteration 8: ≈ 10⁻³ s/op
Iteration 9: ≈ 10⁻³ s/op
Iteration 10: ≈ 10⁻³ s/op
Iteration 11: ≈ 10⁻³ s/op
Iteration 12: ≈ 10⁻³ s/op
Iteration 13: ≈ 10⁻³ s/op
Iteration 14: ≈ 10⁻³ s/op
Iteration 15: ≈ 10⁻³ s/op

Warm-up 1: 0.001 s/op
Warm-up 2: 0.001 s/op
Warm-up 3: 0.001 s/op
Warm-up 4: 0.001 s/op
Warm-up 5: 0.001 s/op
Warm-up 6: 0.001 s/op
Warm-up 7: 0.001 s/op
Warm-up 8: ≈ 10⁻³ s/op
Iteration 1: ≈ 10⁻³ s/op
Iteration 2: ≈ 10⁻³ s/op
Iteration 3: 0.001 s/op
Iteration 4: 0.001 s/op
Iteration 5: ≈ 10⁻³ s/op
Iteration 6: ≈ 10⁻³ s/op
Iteration 7: ≈ 10⁻³ s/op
Iteration 8: 0.001 s/op
Iteration 9: 0.001 s/op
Iteration 10: ≈ 10⁻³ s/op
Iteration 11: ≈ 10⁻³ s/op
Iteration 12: ≈ 10⁻³ s/op
Iteration 13: 0.001 s/op
Iteration 14: 0.001 s/op
Iteration 15: 0.001 s/op

Warm-up 1: 0.001 s/op
Warm-up 2: 0.001 s/op
Warm-up 3: 0.001 s/op
Warm-up 4: 0.001 s/op
Warm-up 5: 0.001 s/op
Warm-up 6: 0.001 s/op
Warm-up 7: 0.001 s/op
Warm-up 8: 0.001 s/op
Iteration 1: 0.001 s/op
Iteration 2: 0.001 s/op
Iteration 3: 0.001 s/op
Iteration 4: 0.001 s/op
Iteration 5: 0.001 s/op
Iteration 6: ≈ 10⁻³ s/op
Iteration 7: ≈ 10⁻³ s/op
Iteration 8: ≈ 10⁻³ s/op
Iteration 9: ≈ 10⁻³ s/op
Iteration 10: 0.001 s/op
Iteration 11: 0.001 s/op
Iteration 12: 0.001 s/op
Iteration 13: ≈ 10⁻³ s/op
Iteration 14: ≈ 10⁻³ s/op
Iteration 15: 0.001 s/op

  Success: ≈ 10⁻³ s/op

… com.rafambn.kflate.benchmark.CompressionBenchmarks.rawDeflateCompression | corpus=text, level=1

Warm-up 1: 0.025 s/op
Warm-up 2: 0.024 s/op
Warm-up 3: 0.024 s/op
Warm-up 4: 0.023 s/op
Warm-up 5: 0.023 s/op
Warm-up 6: 0.023 s/op
Warm-up 7: 0.023 s/op
Warm-up 8: 0.023 s/op
Iteration 1: 0.023 s/op
Iteration 2: 0.023 s/op
Iteration 3: 0.023 s/op
Iteration 4: 0.023 s/op
Iteration 5: 0.023 s/op
Iteration 6: 0.023 s/op
Iteration 7: 0.023 s/op
Iteration 8: 0.023 s/op
Iteration 9: 0.023 s/op
Iteration 10: 0.023 s/op
Iteration 11: 0.023 s/op
Iteration 12: 0.023 s/op
Iteration 13: 0.023 s/op
Iteration 14: 0.023 s/op
Iteration 15: 0.023 s/op

Warm-up 1: 0.024 s/op
Warm-up 2: 0.024 s/op
Warm-up 3: 0.024 s/op
Warm-up 4: 0.023 s/op
Warm-up 5: 0.023 s/op
Warm-up 6: 0.023 s/op
Warm-up 7: 0.023 s/op
Warm-up 8: 0.023 s/op
Iteration 1: 0.023 s/op
Iteration 2: 0.023 s/op
Iteration 3: 0.023 s/op
Iteration 4: 0.023 s/op
Iteration 5: 0.023 s/op
Iteration 6: 0.023 s/op
Iteration 7: 0.023 s/op
Iteration 8: 0.023 s/op
Iteration 9: 0.023 s/op
Iteration 10: 0.023 s/op
Iteration 11: 0.023 s/op
Iteration 12: 0.023 s/op
Iteration 13: 0.023 s/op
Iteration 14: 0.023 s/op
Iteration 15: 0.023 s/op

Warm-up 1: 0.020 s/op
Warm-up 2: 0.020 s/op
Warm-up 3: 0.020 s/op
Warm-up 4: 0.019 s/op
Warm-up 5: 0.020 s/op
Warm-up 6: 0.020 s/op
Warm-up 7: 0.019 s/op
Warm-up 8: 0.019 s/op
Iteration 1: 0.019 s/op
Iteration 2: 0.019 s/op
Iteration 3: 0.019 s/op
Iteration 4: 0.020 s/op
Iteration 5: 0.019 s/op
Iteration 6: 0.019 s/op
Iteration 7: 0.020 s/op
Iteration 8: 0.020 s/op
Iteration 9: 0.020 s/op
Iteration 10: 0.020 s/op
Iteration 11: 0.020 s/op
Iteration 12: 0.020 s/op
Iteration 13: 0.020 s/op
Iteration 14: 0.020 s/op
Iteration 15: 0.020 s/op

  Success: 0.022 ±(99.9%) 0.001 s/op [Average]
  (min, avg, max) = (0.019, 0.022, 0.023), stdev = 0.002
  CI (99.9%): [0.021, 0.023] (assumes normal distribution)

… com.rafambn.kflate.benchmark.CompressionBenchmarks.rawDeflateCompression | corpus=text, level=2

Warm-up 1: 0.030 s/op
Warm-up 2: 0.027 s/op
Warm-up 3: 0.025 s/op
Warm-up 4: 0.025 s/op
Warm-up 5: 0.024 s/op
Warm-up 6: 0.024 s/op
Warm-up 7: 0.024 s/op
Warm-up 8: 0.024 s/op
Iteration 1: 0.024 s/op
Iteration 2: 0.024 s/op
Iteration 3: 0.024 s/op
Iteration 4: 0.024 s/op
Iteration 5: 0.024 s/op
Iteration 6: 0.024 s/op
Iteration 7: 0.024 s/op
Iteration 8: 0.024 s/op
Iteration 9: 0.024 s/op
Iteration 10: 0.024 s/op
Iteration 11: 0.024 s/op
Iteration 12: 0.024 s/op
Iteration 13: 0.024 s/op
Iteration 14: 0.027 s/op
Iteration 15: 0.024 s/op

Warm-up 1: 0.025 s/op
Warm-up 2: 0.025 s/op
Warm-up 3: 0.025 s/op
Warm-up 4: 0.024 s/op
Warm-up 5: 0.024 s/op
Warm-up 6: 0.024 s/op
Warm-up 7: 0.024 s/op
Warm-up 8: 0.024 s/op
Iteration 1: 0.024 s/op
Iteration 2: 0.024 s/op
Iteration 3: 0.024 s/op
Iteration 4: 0.024 s/op
Iteration 5: 0.024 s/op
Iteration 6: 0.024 s/op
Iteration 7: 0.024 s/op
Iteration 8: 0.024 s/op
Iteration 9: 0.024 s/op
Iteration 10: 0.025 s/op
Iteration 11: 0.030 s/op
Iteration 12: 0.025 s/op
Iteration 13: 0.027 s/op
Iteration 14: 0.024 s/op
Iteration 15: 0.024 s/op

Warm-up 1: 0.028 s/op
Warm-up 2: 0.028 s/op
Warm-up 3: 0.028 s/op
Warm-up 4: 0.028 s/op
Warm-up 5: 0.028 s/op
Warm-up 6: 0.028 s/op
Warm-up 7: 0.027 s/op
Warm-up 8: 0.027 s/op
Iteration 1: 0.027 s/op
Iteration 2: 0.027 s/op
Iteration 3: 0.027 s/op
Iteration 4: 0.027 s/op
Iteration 5: 0.027 s/op
Iteration 6: 0.027 s/op
Iteration 7: 0.028 s/op
Iteration 8: 0.028 s/op
Iteration 9: 0.027 s/op
Iteration 10: 0.027 s/op
Iteration 11: 0.027 s/op
Iteration 12: 0.027 s/op
Iteration 13: 0.027 s/op
Iteration 14: 0.027 s/op
Iteration 15: 0.027 s/op

  Success: 0.025 ±(99.9%) 0.001 s/op [Average]
  (min, avg, max) = (0.024, 0.025, 0.030), stdev = 0.002
  CI (99.9%): [0.025, 0.026] (assumes normal distribution)

… com.rafambn.kflate.benchmark.CompressionBenchmarks.rawDeflateCompression | corpus=text, level=3

Warm-up 1: 0.031 s/op
Warm-up 2: 0.029 s/op
Warm-up 3: 0.030 s/op
Warm-up 4: 0.030 s/op
Warm-up 5: 0.029 s/op
Warm-up 6: 0.029 s/op
Warm-up 7: 0.029 s/op
Warm-up 8: 0.029 s/op
Iteration 1: 0.029 s/op
Iteration 2: 0.029 s/op
Iteration 3: 0.029 s/op
Iteration 4: 0.030 s/op
Iteration 5: 0.029 s/op
Iteration 6: 0.029 s/op
Iteration 7: 0.029 s/op
Iteration 8: 0.029 s/op
Iteration 9: 0.029 s/op
Iteration 10: 0.029 s/op
Iteration 11: 0.029 s/op
Iteration 12: 0.030 s/op
Iteration 13: 0.031 s/op
Iteration 14: 0.029 s/op
Iteration 15: 0.029 s/op

Warm-up 1: 0.031 s/op
Warm-up 2: 0.030 s/op
Warm-up 3: 0.030 s/op
Warm-up 4: 0.030 s/op
Warm-up 5: 0.030 s/op
Warm-up 6: 0.029 s/op
Warm-up 7: 0.029 s/op
Warm-up 8: 0.029 s/op
Iteration 1: 0.030 s/op
Iteration 2: 0.029 s/op
Iteration 3: 0.029 s/op
Iteration 4: 0.029 s/op
Iteration 5: 0.029 s/op
Iteration 6: 0.030 s/op
Iteration 7: 0.033 s/op
Iteration 8: 0.034 s/op
Iteration 9: 0.034 s/op
Iteration 10: 0.034 s/op
Iteration 11: 0.031 s/op
Iteration 12: 0.029 s/op
Iteration 13: 0.029 s/op
Iteration 14: 0.029 s/op
Iteration 15: 0.031 s/op

Warm-up 1: 0.030 s/op
Warm-up 2: 0.029 s/op
Warm-up 3: 0.029 s/op
Warm-up 4: 0.030 s/op
Warm-up 5: 0.029 s/op
Warm-up 6: 0.030 s/op
Warm-up 7: 0.029 s/op
Warm-up 8: 0.034 s/op
Iteration 1: 0.034 s/op
Iteration 2: 0.033 s/op
Iteration 3: 0.034 s/op
Iteration 4: 0.033 s/op
Iteration 5: 0.033 s/op
Iteration 6: 0.033 s/op
Iteration 7: 0.033 s/op
Iteration 8: 0.033 s/op
Iteration 9: 0.033 s/op
Iteration 10: 0.033 s/op
Iteration 11: 0.034 s/op
Iteration 12: 0.033 s/op
Iteration 13: 0.033 s/op
Iteration 14: 0.033 s/op
Iteration 15: 0.033 s/op

  Success: 0.031 ±(99.9%) 0.001 s/op [Average]
  (min, avg, max) = (0.029, 0.031, 0.034), stdev = 0.002
  CI (99.9%): [0.030, 0.032] (assumes normal distribution)

… com.rafambn.kflate.benchmark.CompressionBenchmarks.rawDeflateCompression | corpus=text, level=4

Warm-up 1: 0.037 s/op
Warm-up 2: 0.035 s/op
Warm-up 3: 0.035 s/op
Warm-up 4: 0.036 s/op
Warm-up 5: 0.036 s/op
Warm-up 6: 0.035 s/op
Warm-up 7: 0.035 s/op
Warm-up 8: 0.035 s/op
Iteration 1: 0.035 s/op
Iteration 2: 0.035 s/op
Iteration 3: 0.036 s/op
Iteration 4: 0.036 s/op
Iteration 5: 0.035 s/op
Iteration 6: 0.035 s/op
Iteration 7: 0.035 s/op
Iteration 8: 0.035 s/op
Iteration 9: 0.035 s/op
Iteration 10: 0.035 s/op
Iteration 11: 0.035 s/op
Iteration 12: 0.035 s/op
Iteration 13: 0.035 s/op
Iteration 14: 0.035 s/op
Iteration 15: 0.035 s/op

Warm-up 1: 0.037 s/op
Warm-up 2: 0.036 s/op
Warm-up 3: 0.036 s/op
Warm-up 4: 0.036 s/op
Warm-up 5: 0.036 s/op
Warm-up 6: 0.036 s/op
Warm-up 7: 0.036 s/op
Warm-up 8: 0.036 s/op
Iteration 1: 0.036 s/op
Iteration 2: 0.036 s/op
Iteration 3: 0.036 s/op
Iteration 4: 0.036 s/op
Iteration 5: 0.036 s/op
Iteration 6: 0.036 s/op
Iteration 7: 0.036 s/op
Iteration 8: 0.036 s/op
Iteration 9: 0.036 s/op
Iteration 10: 0.036 s/op
Iteration 11: 0.036 s/op
Iteration 12: 0.036 s/op
Iteration 13: 0.036 s/op
Iteration 14: 0.036 s/op
Iteration 15: 0.036 s/op

Warm-up 1: 0.037 s/op
Warm-up 2: 0.037 s/op
Warm-up 3: 0.036 s/op
Warm-up 4: 0.036 s/op
Warm-up 5: 0.036 s/op
Warm-up 6: 0.035 s/op
Warm-up 7: 0.035 s/op
Warm-up 8: 0.035 s/op
Iteration 1: 0.035 s/op
Iteration 2: 0.035 s/op
Iteration 3: 0.035 s/op
Iteration 4: 0.036 s/op
Iteration 5: 0.036 s/op
Iteration 6: 0.036 s/op
Iteration 7: 0.035 s/op
Iteration 8: 0.035 s/op
Iteration 9: 0.035 s/op
Iteration 10: 0.035 s/op
Iteration 11: 0.035 s/op
Iteration 12: 0.036 s/op
Iteration 13: 0.035 s/op
Iteration 14: 0.035 s/op
Iteration 15: 0.035 s/op

  Success: 0.035 ±(99.9%) 0.001 s/op [Average]
  (min, avg, max) = (0.035, 0.035, 0.036), stdev = 0.001
  CI (99.9%): [0.035, 0.036] (assumes normal distribution)

… com.rafambn.kflate.benchmark.CompressionBenchmarks.rawDeflateCompression | corpus=text, level=5

Warm-up 1: 0.062 s/op
Warm-up 2: 0.060 s/op
Warm-up 3: 0.059 s/op
Warm-up 4: 0.060 s/op
Warm-up 5: 0.060 s/op
Warm-up 6: 0.060 s/op
Warm-up 7: 0.060 s/op
Warm-up 8: 0.059 s/op
Iteration 1: 0.059 s/op
Iteration 2: 0.059 s/op
Iteration 3: 0.059 s/op
Iteration 4: 0.059 s/op
Iteration 5: 0.058 s/op
Iteration 6: 0.058 s/op
Iteration 7: 0.059 s/op
Iteration 8: 0.059 s/op
Iteration 9: 0.060 s/op
Iteration 10: 0.062 s/op
Iteration 11: 0.060 s/op
Iteration 12: 0.065 s/op
Iteration 13: 0.065 s/op
Iteration 14: 0.060 s/op
Iteration 15: 0.061 s/op

Warm-up 1: 0.056 s/op
Warm-up 2: 0.055 s/op
Warm-up 3: 0.054 s/op
Warm-up 4: 0.054 s/op
Warm-up 5: 0.055 s/op
Warm-up 6: 0.055 s/op
Warm-up 7: 0.055 s/op
Warm-up 8: 0.054 s/op
Iteration 1: 0.054 s/op
Iteration 2: 0.054 s/op
Iteration 3: 0.054 s/op
Iteration 4: 0.054 s/op
Iteration 5: 0.054 s/op
Iteration 6: 0.054 s/op
Iteration 7: 0.054 s/op
Iteration 8: 0.054 s/op
Iteration 9: 0.058 s/op
Iteration 10: 0.054 s/op
Iteration 11: 0.054 s/op
Iteration 12: 0.054 s/op
Iteration 13: 0.054 s/op
Iteration 14: 0.054 s/op
Iteration 15: 0.054 s/op

Warm-up 1: 0.057 s/op
Warm-up 2: 0.056 s/op
Warm-up 3: 0.055 s/op
Warm-up 4: 0.055 s/op
Warm-up 5: 0.056 s/op
Warm-up 6: 0.056 s/op
Warm-up 7: 0.056 s/op
Warm-up 8: 0.057 s/op
Iteration 1: 0.055 s/op
Iteration 2: 0.059 s/op
Iteration 3: 0.056 s/op
Iteration 4: 0.055 s/op
Iteration 5: 0.057 s/op
Iteration 6: 0.056 s/op
Iteration 7: 0.055 s/op
Iteration 8: 0.055 s/op
Iteration 9: 0.060 s/op
Iteration 10: 0.067 s/op
Iteration 11: 0.063 s/op
Iteration 12: 0.060 s/op
Iteration 13: 0.062 s/op
Iteration 14: 0.053 s/op
Iteration 15: 0.056 s/op

  Success: 0.057 ±(99.9%) 0.002 s/op [Average]
  (min, avg, max) = (0.053, 0.057, 0.067), stdev = 0.003
  CI (99.9%): [0.056, 0.059] (assumes normal distribution)

… com.rafambn.kflate.benchmark.CompressionBenchmarks.rawDeflateCompression | corpus=text, level=6

Warm-up 1: 0.077 s/op
Warm-up 2: 0.076 s/op
Warm-up 3: 0.074 s/op
Warm-up 4: 0.074 s/op
Warm-up 5: 0.075 s/op
Warm-up 6: 0.075 s/op
Warm-up 7: 0.077 s/op
Warm-up 8: 0.069 s/op
Iteration 1: 0.067 s/op
Iteration 2: 0.066 s/op
Iteration 3: 0.065 s/op
Iteration 4: 0.065 s/op
Iteration 5: 0.065 s/op
Iteration 6: 0.066 s/op
Iteration 7: 0.066 s/op
Iteration 8: 0.071 s/op
Iteration 9: 0.072 s/op
Iteration 10: 0.064 s/op
Iteration 11: 0.064 s/op
Iteration 12: 0.064 s/op
Iteration 13: 0.064 s/op
Iteration 14: 0.064 s/op
Iteration 15: 0.065 s/op

Warm-up 1: 0.090 s/op
Warm-up 2: 0.090 s/op
Warm-up 3: 0.089 s/op
Warm-up 4: 0.089 s/op
Warm-up 5: 0.088 s/op
Warm-up 6: 0.090 s/op
Warm-up 7: 0.089 s/op
Warm-up 8: 0.090 s/op
Iteration 1: 0.090 s/op
Iteration 2: 0.090 s/op
Iteration 3: 0.090 s/op
Iteration 4: 0.091 s/op
Iteration 5: 0.094 s/op
Iteration 6: 0.094 s/op
Iteration 7: 0.090 s/op
Iteration 8: 0.091 s/op
Iteration 9: 0.089 s/op
Iteration 10: 0.090 s/op
Iteration 11: 0.090 s/op
Iteration 12: 0.091 s/op
Iteration 13: 0.090 s/op
Iteration 14: 0.090 s/op
Iteration 15: 0.091 s/op

Warm-up 1: 0.067 s/op
Warm-up 2: 0.066 s/op
Warm-up 3: 0.064 s/op
Warm-up 4: 0.072 s/op
Warm-up 5: 0.075 s/op
Warm-up 6: 0.076 s/op
Warm-up 7: 0.076 s/op
Warm-up 8: 0.076 s/op
Iteration 1: 0.077 s/op
Iteration 2: 0.078 s/op
Iteration 3: 0.064 s/op
Iteration 4: 0.064 s/op
Iteration 5: 0.064 s/op
Iteration 6: 0.064 s/op
Iteration 7: 0.065 s/op
Iteration 8: 0.065 s/op
Iteration 9: 0.074 s/op
Iteration 10: 0.074 s/op
Iteration 11: 0.075 s/op
Iteration 12: 0.075 s/op
Iteration 13: 0.076 s/op
Iteration 14: 0.074 s/op
Iteration 15: 0.075 s/op

  Success: 0.076 ±(99.9%) 0.006 s/op [Average]
  (min, avg, max) = (0.064, 0.076, 0.094), stdev = 0.011
  CI (99.9%): [0.070, 0.082] (assumes normal distribution)

… com.rafambn.kflate.benchmark.CompressionBenchmarks.rawDeflateCompression | corpus=text, level=7

Warm-up 1: 0.099 s/op
Warm-up 2: 0.098 s/op
Warm-up 3: 0.099 s/op
Warm-up 4: 0.093 s/op
Warm-up 5: 0.084 s/op
Warm-up 6: 0.085 s/op
Warm-up 7: 0.085 s/op
Warm-up 8: 0.086 s/op
Iteration 1: 0.086 s/op
Iteration 2: 0.086 s/op
Iteration 3: 0.084 s/op
Iteration 4: 0.088 s/op
Iteration 5: 0.086 s/op
Iteration 6: 0.085 s/op
Iteration 7: 0.093 s/op
Iteration 8: 0.105 s/op
Iteration 9: 0.101 s/op
Iteration 10: 0.100 s/op
Iteration 11: 0.098 s/op
Iteration 12: 0.097 s/op
Iteration 13: 0.097 s/op
Iteration 14: 0.097 s/op
Iteration 15: 0.097 s/op

Warm-up 1: 0.069 s/op
Warm-up 2: 0.069 s/op
Warm-up 3: 0.074 s/op
Warm-up 4: 0.077 s/op
Warm-up 5: 0.078 s/op
Warm-up 6: 0.079 s/op
Warm-up 7: 0.079 s/op
Warm-up 8: 0.078 s/op
Iteration 1: 0.078 s/op
Iteration 2: 0.078 s/op
Iteration 3: 0.078 s/op
Iteration 4: 0.078 s/op
Iteration 5: 0.079 s/op
Iteration 6: 0.076 s/op
Iteration 7: 0.077 s/op
Iteration 8: 0.077 s/op
Iteration 9: 0.077 s/op
Iteration 10: 0.076 s/op
Iteration 11: 0.072 s/op
Iteration 12: 0.067 s/op
Iteration 13: 0.072 s/op
Iteration 14: 0.077 s/op
Iteration 15: 0.076 s/op

Warm-up 1: 0.070 s/op
Warm-up 2: 0.068 s/op
Warm-up 3: 0.068 s/op
Warm-up 4: 0.068 s/op
Warm-up 5: 0.068 s/op
Warm-up 6: 0.068 s/op
Warm-up 7: 0.068 s/op
Warm-up 8: 0.067 s/op
Iteration 1: 0.066 s/op
Iteration 2: 0.066 s/op
Iteration 3: 0.066 s/op
Iteration 4: 0.066 s/op
Iteration 5: 0.066 s/op
Iteration 6: 0.066 s/op
Iteration 7: 0.066 s/op
Iteration 8: 0.066 s/op
Iteration 9: 0.067 s/op
Iteration 10: 0.067 s/op
Iteration 11: 0.067 s/op
Iteration 12: 0.066 s/op
Iteration 13: 0.067 s/op
Iteration 14: 0.067 s/op
Iteration 15: 0.067 s/op

  Success: 0.079 ±(99.9%) 0.006 s/op [Average]
  (min, avg, max) = (0.066, 0.079, 0.105), stdev = 0.012
  CI (99.9%): [0.072, 0.085] (assumes normal distribution)

… com.rafambn.kflate.benchmark.CompressionBenchmarks.rawDeflateCompression | corpus=text, level=8

Warm-up 1: 0.105 s/op
Warm-up 2: 0.103 s/op
Warm-up 3: 0.103 s/op
Warm-up 4: 0.107 s/op
Warm-up 5: 0.093 s/op
Warm-up 6: 0.088 s/op
Warm-up 7: 0.092 s/op
Warm-up 8: 0.108 s/op
Iteration 1: 0.103 s/op
Iteration 2: 0.102 s/op
Iteration 3: 0.104 s/op
Iteration 4: 0.105 s/op
Iteration 5: 0.102 s/op
Iteration 6: 0.102 s/op
Iteration 7: 0.102 s/op
Iteration 8: 0.102 s/op
Iteration 9: 0.105 s/op
Iteration 10: 0.102 s/op
Iteration 11: 0.104 s/op
Iteration 12: 0.103 s/op
Iteration 13: 0.103 s/op
Iteration 14: 0.103 s/op
Iteration 15: 0.102 s/op

Warm-up 1: 0.082 s/op
Warm-up 2: 0.082 s/op
Warm-up 3: 0.082 s/op
Warm-up 4: 0.082 s/op
Warm-up 5: 0.082 s/op
Warm-up 6: 0.079 s/op
Warm-up 7: 0.071 s/op
Warm-up 8: 0.071 s/op
Iteration 1: 0.071 s/op
Iteration 2: 0.072 s/op
Iteration 3: 0.070 s/op
Iteration 4: 0.074 s/op
Iteration 5: 0.084 s/op
Iteration 6: 0.080 s/op
Iteration 7: 0.070 s/op
Iteration 8: 0.070 s/op
Iteration 9: 0.070 s/op
Iteration 10: 0.070 s/op
Iteration 11: 0.070 s/op
Iteration 12: 0.082 s/op
Iteration 13: 0.081 s/op
Iteration 14: 0.082 s/op
Iteration 15: 0.082 s/op

Warm-up 1: 0.072 s/op
Warm-up 2: 0.071 s/op
Warm-up 3: 0.071 s/op
Warm-up 4: 0.070 s/op
Warm-up 5: 0.071 s/op
Warm-up 6: 0.071 s/op
Warm-up 7: 0.071 s/op
Warm-up 8: 0.071 s/op
Iteration 1: 0.071 s/op
Iteration 2: 0.071 s/op
Iteration 3: 0.081 s/op
Iteration 4: 0.081 s/op
Iteration 5: 0.081 s/op
Iteration 6: 0.081 s/op
Iteration 7: 0.080 s/op
Iteration 8: 0.081 s/op
Iteration 9: 0.081 s/op
Iteration 10: 0.081 s/op
Iteration 11: 0.079 s/op
Iteration 12: 0.079 s/op
Iteration 13: 0.081 s/op
Iteration 14: 0.079 s/op
Iteration 15: 0.079 s/op

  Success: 0.086 ±(99.9%) 0.007 s/op [Average]
  (min, avg, max) = (0.070, 0.086, 0.105), stdev = 0.013
  CI (99.9%): [0.079, 0.093] (assumes normal distribution)

… com.rafambn.kflate.benchmark.CompressionBenchmarks.rawDeflateCompression | corpus=text, level=9

Warm-up 1: 0.217 s/op
Warm-up 2: 0.210 s/op
Warm-up 3: 0.192 s/op
Warm-up 4: 0.186 s/op
Warm-up 5: 0.186 s/op
Warm-up 6: 0.187 s/op
Warm-up 7: 0.190 s/op
Warm-up 8: 0.189 s/op
Iteration 1: 0.189 s/op
Iteration 2: 0.189 s/op
Iteration 3: 0.206 s/op
Iteration 4: 0.193 s/op
Iteration 5: 0.183 s/op
Iteration 6: 0.184 s/op
Iteration 7: 0.185 s/op
Iteration 8: 0.183 s/op
Iteration 9: 0.186 s/op
Iteration 10: 0.200 s/op
Iteration 11: 0.215 s/op
Iteration 12: 0.214 s/op
Iteration 13: 0.218 s/op
Iteration 14: 0.215 s/op
Iteration 15: 0.213 s/op

Warm-up 1: 0.213 s/op
Warm-up 2: 0.214 s/op
Warm-up 3: 0.221 s/op
Warm-up 4: 0.225 s/op
Warm-up 5: 0.213 s/op
Warm-up 6: 0.216 s/op
Warm-up 7: 0.220 s/op
Warm-up 8: 0.219 s/op
Iteration 1: 0.220 s/op
Iteration 2: 0.214 s/op
Iteration 3: 0.215 s/op
Iteration 4: 0.214 s/op
Iteration 5: 0.215 s/op
Iteration 6: 0.184 s/op
Iteration 7: 0.185 s/op
Iteration 8: 0.183 s/op
Iteration 9: 0.185 s/op
Iteration 10: 0.183 s/op
Iteration 11: 0.183 s/op
Iteration 12: 0.182 s/op
Iteration 13: 0.183 s/op
Iteration 14: 0.184 s/op
Iteration 15: 0.182 s/op

Warm-up 1: 0.186 s/op
Warm-up 2: 0.184 s/op
Warm-up 3: 0.186 s/op
Warm-up 4: 0.183 s/op
Warm-up 5: 0.184 s/op
Warm-up 6: 0.187 s/op
Warm-up 7: 0.186 s/op
Warm-up 8: 0.185 s/op
Iteration 1: 0.185 s/op
Iteration 2: 0.186 s/op
Iteration 3: 0.185 s/op
Iteration 4: 0.186 s/op
Iteration 5: 0.198 s/op
Iteration 6: 0.197 s/op
Iteration 7: 0.187 s/op
Iteration 8: 0.187 s/op
Iteration 9: 0.188 s/op
Iteration 10: 0.185 s/op
Iteration 11: 0.190 s/op
Iteration 12: 0.222 s/op
Iteration 13: 0.216 s/op
Iteration 14: 0.220 s/op
Iteration 15: 0.221 s/op

  Success: 0.196 ±(99.9%) 0.008 s/op [Average]
  (min, avg, max) = (0.182, 0.196, 0.222), stdev = 0.015
  CI (99.9%): [0.189, 0.204] (assumes normal distribution)

… com.rafambn.kflate.benchmark.CompressionBenchmarks.rawDeflateCompression | corpus=model3D, level=0

Warm-up 1: ≈ 10⁻⁶ s/op
Warm-up 2: ≈ 10⁻⁶ s/op
Warm-up 3: ≈ 10⁻⁶ s/op
Warm-up 4: ≈ 10⁻⁶ s/op
Warm-up 5: ≈ 10⁻⁶ s/op
Warm-up 6: ≈ 10⁻⁶ s/op
Warm-up 7: ≈ 10⁻⁶ s/op
Warm-up 8: ≈ 10⁻⁶ s/op
Iteration 1: ≈ 10⁻⁶ s/op
Iteration 2: ≈ 10⁻⁶ s/op
Iteration 3: ≈ 10⁻⁶ s/op
Iteration 4: ≈ 10⁻⁶ s/op
Iteration 5: ≈ 10⁻⁶ s/op
Iteration 6: ≈ 10⁻⁶ s/op
Iteration 7: ≈ 10⁻⁶ s/op
Iteration 8: ≈ 10⁻⁶ s/op
Iteration 9: ≈ 10⁻⁶ s/op
Iteration 10: ≈ 10⁻⁶ s/op
Iteration 11: ≈ 10⁻⁶ s/op
Iteration 12: ≈ 10⁻⁶ s/op
Iteration 13: ≈ 10⁻⁶ s/op
Iteration 14: ≈ 10⁻⁶ s/op
Iteration 15: ≈ 10⁻⁶ s/op

Warm-up 1: ≈ 10⁻⁶ s/op
Warm-up 2: ≈ 10⁻⁶ s/op
Warm-up 3: ≈ 10⁻⁶ s/op
Warm-up 4: ≈ 10⁻⁶ s/op
Warm-up 5: ≈ 10⁻⁶ s/op
Warm-up 6: ≈ 10⁻⁶ s/op
Warm-up 7: ≈ 10⁻⁶ s/op
Warm-up 8: ≈ 10⁻⁶ s/op
Iteration 1: ≈ 10⁻⁶ s/op
Iteration 2: ≈ 10⁻⁶ s/op
Iteration 3: ≈ 10⁻⁶ s/op
Iteration 4: ≈ 10⁻⁶ s/op
Iteration 5: ≈ 10⁻⁶ s/op
Iteration 6: ≈ 10⁻⁶ s/op
Iteration 7: ≈ 10⁻⁶ s/op
Iteration 8: ≈ 10⁻⁶ s/op
Iteration 9: ≈ 10⁻⁶ s/op
Iteration 10: ≈ 10⁻⁶ s/op
Iteration 11: ≈ 10⁻⁶ s/op
Iteration 12: ≈ 10⁻⁶ s/op
Iteration 13: ≈ 10⁻⁶ s/op
Iteration 14: ≈ 10⁻⁶ s/op
Iteration 15: ≈ 10⁻⁶ s/op

Warm-up 1: ≈ 10⁻⁶ s/op
Warm-up 2: ≈ 10⁻⁶ s/op
Warm-up 3: ≈ 10⁻⁶ s/op
Warm-up 4: ≈ 10⁻⁶ s/op
Warm-up 5: ≈ 10⁻⁶ s/op
Warm-up 6: ≈ 10⁻⁶ s/op
Warm-up 7: ≈ 10⁻⁶ s/op
Warm-up 8: ≈ 10⁻⁶ s/op
Iteration 1: ≈ 10⁻⁶ s/op
Iteration 2: ≈ 10⁻⁶ s/op
Iteration 3: ≈ 10⁻⁶ s/op
Iteration 4: ≈ 10⁻⁶ s/op
Iteration 5: ≈ 10⁻⁶ s/op
Iteration 6: ≈ 10⁻⁶ s/op
Iteration 7: ≈ 10⁻⁶ s/op
Iteration 8: ≈ 10⁻⁶ s/op
Iteration 9: ≈ 10⁻⁶ s/op
Iteration 10: ≈ 10⁻⁶ s/op
Iteration 11: ≈ 10⁻⁶ s/op
Iteration 12: ≈ 10⁻⁶ s/op
Iteration 13: ≈ 10⁻⁶ s/op
Iteration 14: ≈ 10⁻⁶ s/op
Iteration 15: ≈ 10⁻⁶ s/op

  Success: ≈ 10⁻⁶ s/op

… com.rafambn.kflate.benchmark.CompressionBenchmarks.rawDeflateCompression | corpus=model3D, level=1

Warm-up 1: ≈ 10⁻⁴ s/op
Warm-up 2: ≈ 10⁻⁴ s/op
Warm-up 3: ≈ 10⁻⁴ s/op
Warm-up 4: ≈ 10⁻⁴ s/op
Warm-up 5: ≈ 10⁻⁴ s/op
Warm-up 6: ≈ 10⁻⁴ s/op
Warm-up 7: ≈ 10⁻⁴ s/op
Warm-up 8: ≈ 10⁻⁴ s/op
Iteration 1: ≈ 10⁻⁴ s/op
Iteration 2: ≈ 10⁻⁴ s/op
Iteration 3: ≈ 10⁻⁴ s/op
Iteration 4: ≈ 10⁻⁴ s/op
Iteration 5: ≈ 10⁻⁴ s/op
Iteration 6: ≈ 10⁻⁴ s/op
Iteration 7: ≈ 10⁻⁴ s/op
Iteration 8: ≈ 10⁻⁴ s/op
Iteration 9: ≈ 10⁻⁴ s/op
Iteration 10: ≈ 10⁻⁴ s/op
Iteration 11: ≈ 10⁻⁴ s/op
Iteration 12: ≈ 10⁻⁴ s/op
Iteration 13: ≈ 10⁻⁴ s/op
Iteration 14: ≈ 10⁻⁴ s/op
Iteration 15: ≈ 10⁻⁴ s/op

Warm-up 1: ≈ 10⁻⁴ s/op
Warm-up 2: ≈ 10⁻⁴ s/op
Warm-up 3: ≈ 10⁻⁴ s/op
Warm-up 4: ≈ 10⁻⁴ s/op
Warm-up 5: ≈ 10⁻⁴ s/op
Warm-up 6: ≈ 10⁻⁴ s/op
Warm-up 7: ≈ 10⁻⁴ s/op
Warm-up 8: ≈ 10⁻⁴ s/op
Iteration 1: ≈ 10⁻⁴ s/op
Iteration 2: ≈ 10⁻⁴ s/op
Iteration 3: ≈ 10⁻⁴ s/op
Iteration 4: ≈ 10⁻⁴ s/op
Iteration 5: ≈ 10⁻⁴ s/op
Iteration 6: ≈ 10⁻⁴ s/op
Iteration 7: ≈ 10⁻⁴ s/op
Iteration 8: ≈ 10⁻⁴ s/op
Iteration 9: ≈ 10⁻⁴ s/op
Iteration 10: ≈ 10⁻⁴ s/op
Iteration 11: ≈ 10⁻⁴ s/op
Iteration 12: ≈ 10⁻⁴ s/op
Iteration 13: ≈ 10⁻⁴ s/op
Iteration 14: ≈ 10⁻⁴ s/op
Iteration 15: ≈ 10⁻⁴ s/op

Warm-up 1: ≈ 10⁻⁴ s/op
Warm-up 2: ≈ 10⁻⁴ s/op
Warm-up 3: ≈ 10⁻⁴ s/op
Warm-up 4: ≈ 10⁻⁴ s/op
Warm-up 5: ≈ 10⁻⁴ s/op
Warm-up 6: ≈ 10⁻⁴ s/op
Warm-up 7: ≈ 10⁻⁴ s/op
Warm-up 8: ≈ 10⁻⁴ s/op
Iteration 1: ≈ 10⁻⁴ s/op
Iteration 2: ≈ 10⁻⁴ s/op
Iteration 3: ≈ 10⁻⁴ s/op
Iteration 4: ≈ 10⁻⁴ s/op
Iteration 5: ≈ 10⁻⁴ s/op
Iteration 6: ≈ 10⁻⁴ s/op
Iteration 7: ≈ 10⁻⁴ s/op
Iteration 8: ≈ 10⁻⁴ s/op
Iteration 9: ≈ 10⁻⁴ s/op
Iteration 10: ≈ 10⁻⁴ s/op
Iteration 11: ≈ 10⁻⁴ s/op
Iteration 12: ≈ 10⁻⁴ s/op
Iteration 13: ≈ 10⁻⁴ s/op
Iteration 14: ≈ 10⁻⁴ s/op
Iteration 15: ≈ 10⁻⁴ s/op

  Success: ≈ 10⁻⁴ s/op

… com.rafambn.kflate.benchmark.CompressionBenchmarks.rawDeflateCompression | corpus=model3D, level=2

Warm-up 1: ≈ 10⁻⁴ s/op
Warm-up 2: ≈ 10⁻⁴ s/op
Warm-up 3: ≈ 10⁻⁴ s/op
Warm-up 4: ≈ 10⁻⁴ s/op
Warm-up 5: ≈ 10⁻⁴ s/op
Warm-up 6: ≈ 10⁻⁴ s/op
Warm-up 7: ≈ 10⁻⁴ s/op
Warm-up 8: ≈ 10⁻⁴ s/op
Iteration 1: ≈ 10⁻⁴ s/op
Iteration 2: ≈ 10⁻⁴ s/op
Iteration 3: ≈ 10⁻⁴ s/op
Iteration 4: ≈ 10⁻⁴ s/op
Iteration 5: ≈ 10⁻⁴ s/op
Iteration 6: ≈ 10⁻⁴ s/op
Iteration 7: ≈ 10⁻⁴ s/op
Iteration 8: ≈ 10⁻⁴ s/op
Iteration 9: ≈ 10⁻⁴ s/op
Iteration 10: ≈ 10⁻⁴ s/op
Iteration 11: ≈ 10⁻⁴ s/op
Iteration 12: ≈ 10⁻⁴ s/op
Iteration 13: ≈ 10⁻⁴ s/op
Iteration 14: ≈ 10⁻⁴ s/op
Iteration 15: ≈ 10⁻⁴ s/op

Warm-up 1: ≈ 10⁻⁴ s/op
Warm-up 2: ≈ 10⁻⁴ s/op
Warm-up 3: ≈ 10⁻⁴ s/op
Warm-up 4: ≈ 10⁻⁴ s/op
Warm-up 5: ≈ 10⁻⁴ s/op
Warm-up 6: ≈ 10⁻⁴ s/op
Warm-up 7: ≈ 10⁻⁴ s/op
Warm-up 8: ≈ 10⁻⁴ s/op
Iteration 1: ≈ 10⁻⁴ s/op
Iteration 2: ≈ 10⁻⁴ s/op
Iteration 3: ≈ 10⁻⁴ s/op
Iteration 4: ≈ 10⁻⁴ s/op
Iteration 5: ≈ 10⁻⁴ s/op
Iteration 6: ≈ 10⁻⁴ s/op
Iteration 7: ≈ 10⁻⁴ s/op
Iteration 8: ≈ 10⁻⁴ s/op
Iteration 9: ≈ 10⁻⁴ s/op
Iteration 10: ≈ 10⁻⁴ s/op
Iteration 11: ≈ 10⁻⁴ s/op
Iteration 12: ≈ 10⁻⁴ s/op
Iteration 13: ≈ 10⁻⁴ s/op
Iteration 14: ≈ 10⁻⁴ s/op
Iteration 15: ≈ 10⁻⁴ s/op

Warm-up 1: ≈ 10⁻⁴ s/op
Warm-up 2: ≈ 10⁻⁴ s/op
Warm-up 3: ≈ 10⁻⁴ s/op
Warm-up 4: ≈ 10⁻⁴ s/op
Warm-up 5: ≈ 10⁻⁴ s/op
Warm-up 6: ≈ 10⁻⁴ s/op
Warm-up 7: ≈ 10⁻⁴ s/op
Warm-up 8: ≈ 10⁻⁴ s/op
Iteration 1: ≈ 10⁻⁴ s/op
Iteration 2: ≈ 10⁻⁴ s/op
Iteration 3: ≈ 10⁻⁴ s/op
Iteration 4: ≈ 10⁻⁴ s/op
Iteration 5: ≈ 10⁻⁴ s/op
Iteration 6: ≈ 10⁻⁴ s/op
Iteration 7: ≈ 10⁻⁴ s/op
Iteration 8: ≈ 10⁻⁴ s/op
Iteration 9: ≈ 10⁻⁴ s/op
Iteration 10: ≈ 10⁻⁴ s/op
Iteration 11: ≈ 10⁻⁴ s/op
Iteration 12: ≈ 10⁻⁴ s/op
Iteration 13: ≈ 10⁻⁴ s/op
Iteration 14: ≈ 10⁻⁴ s/op
Iteration 15: ≈ 10⁻⁴ s/op

  Success: ≈ 10⁻⁴ s/op

… com.rafambn.kflate.benchmark.CompressionBenchmarks.rawDeflateCompression | corpus=model3D, level=3

Warm-up 1: ≈ 10⁻⁴ s/op
Warm-up 2: ≈ 10⁻⁴ s/op
Warm-up 3: ≈ 10⁻⁴ s/op
Warm-up 4: ≈ 10⁻⁴ s/op
Warm-up 5: ≈ 10⁻⁴ s/op
Warm-up 6: ≈ 10⁻⁴ s/op
Warm-up 7: ≈ 10⁻⁴ s/op
Warm-up 8: ≈ 10⁻⁴ s/op
Iteration 1: ≈ 10⁻⁴ s/op
Iteration 2: ≈ 10⁻⁴ s/op
Iteration 3: ≈ 10⁻⁴ s/op
Iteration 4: ≈ 10⁻⁴ s/op
Iteration 5: ≈ 10⁻⁴ s/op
Iteration 6: ≈ 10⁻⁴ s/op
Iteration 7: ≈ 10⁻⁴ s/op
Iteration 8: ≈ 10⁻⁴ s/op
Iteration 9: ≈ 10⁻⁴ s/op
Iteration 10: ≈ 10⁻⁴ s/op
Iteration 11: ≈ 10⁻⁴ s/op
Iteration 12: ≈ 10⁻⁴ s/op
Iteration 13: ≈ 10⁻⁴ s/op
Iteration 14: ≈ 10⁻⁴ s/op
Iteration 15: ≈ 10⁻⁴ s/op

Warm-up 1: ≈ 10⁻⁴ s/op
Warm-up 2: ≈ 10⁻⁴ s/op
Warm-up 3: ≈ 10⁻⁴ s/op
Warm-up 4: ≈ 10⁻⁴ s/op
Warm-up 5: ≈ 10⁻⁴ s/op
Warm-up 6: ≈ 10⁻⁴ s/op
Warm-up 7: ≈ 10⁻⁴ s/op
Warm-up 8: ≈ 10⁻⁴ s/op
Iteration 1: ≈ 10⁻⁴ s/op
Iteration 2: ≈ 10⁻⁴ s/op
Iteration 3: ≈ 10⁻⁴ s/op
Iteration 4: ≈ 10⁻⁴ s/op
Iteration 5: ≈ 10⁻⁴ s/op
Iteration 6: ≈ 10⁻⁴ s/op
Iteration 7: ≈ 10⁻⁴ s/op
Iteration 8: ≈ 10⁻⁴ s/op
Iteration 9: ≈ 10⁻⁴ s/op
Iteration 10: ≈ 10⁻⁴ s/op
Iteration 11: ≈ 10⁻⁴ s/op
Iteration 12: ≈ 10⁻⁴ s/op
Iteration 13: ≈ 10⁻⁴ s/op
Iteration 14: ≈ 10⁻⁴ s/op
Iteration 15: ≈ 10⁻⁴ s/op

Warm-up 1: ≈ 10⁻⁴ s/op
Warm-up 2: ≈ 10⁻⁴ s/op
Warm-up 3: ≈ 10⁻⁴ s/op
Warm-up 4: ≈ 10⁻⁴ s/op
Warm-up 5: ≈ 10⁻⁴ s/op
Warm-up 6: ≈ 10⁻⁴ s/op
Warm-up 7: ≈ 10⁻⁴ s/op
Warm-up 8: ≈ 10⁻⁴ s/op
Iteration 1: ≈ 10⁻⁴ s/op
Iteration 2: ≈ 10⁻⁴ s/op
Iteration 3: ≈ 10⁻⁴ s/op
Iteration 4: ≈ 10⁻⁴ s/op
Iteration 5: ≈ 10⁻⁴ s/op
Iteration 6: ≈ 10⁻⁴ s/op
Iteration 7: ≈ 10⁻⁴ s/op
Iteration 8: ≈ 10⁻⁴ s/op
Iteration 9: ≈ 10⁻⁴ s/op
Iteration 10: ≈ 10⁻⁴ s/op
Iteration 11: ≈ 10⁻⁴ s/op
Iteration 12: ≈ 10⁻⁴ s/op
Iteration 13: ≈ 10⁻⁴ s/op
Iteration 14: ≈ 10⁻⁴ s/op
Iteration 15: ≈ 10⁻⁴ s/op

  Success: ≈ 10⁻⁴ s/op

… com.rafambn.kflate.benchmark.CompressionBenchmarks.rawDeflateCompression | corpus=model3D, level=4

Warm-up 1: ≈ 10⁻⁴ s/op
Warm-up 2: ≈ 10⁻⁴ s/op
Warm-up 3: ≈ 10⁻⁴ s/op
Warm-up 4: ≈ 10⁻⁴ s/op
Warm-up 5: ≈ 10⁻⁴ s/op
Warm-up 6: ≈ 10⁻⁴ s/op
Warm-up 7: ≈ 10⁻⁴ s/op
Warm-up 8: ≈ 10⁻⁴ s/op
Iteration 1: ≈ 10⁻⁴ s/op
Iteration 2: ≈ 10⁻⁴ s/op
Iteration 3: ≈ 10⁻⁴ s/op
Iteration 4: ≈ 10⁻⁴ s/op
Iteration 5: ≈ 10⁻⁴ s/op
Iteration 6: ≈ 10⁻⁴ s/op
Iteration 7: ≈ 10⁻⁴ s/op
Iteration 8: ≈ 10⁻⁴ s/op
Iteration 9: ≈ 10⁻⁴ s/op
Iteration 10: ≈ 10⁻⁴ s/op
Iteration 11: ≈ 10⁻⁴ s/op
Iteration 12: ≈ 10⁻⁴ s/op
Iteration 13: ≈ 10⁻⁴ s/op
Iteration 14: ≈ 10⁻⁴ s/op
Iteration 15: ≈ 10⁻⁴ s/op

Warm-up 1: ≈ 10⁻⁴ s/op
Warm-up 2: ≈ 10⁻⁴ s/op
Warm-up 3: ≈ 10⁻⁴ s/op
Warm-up 4: ≈ 10⁻⁴ s/op
Warm-up 5: ≈ 10⁻⁴ s/op
Warm-up 6: ≈ 10⁻⁴ s/op
Warm-up 7: ≈ 10⁻⁴ s/op
Warm-up 8: ≈ 10⁻⁴ s/op
Iteration 1: ≈ 10⁻⁴ s/op
Iteration 2: ≈ 10⁻⁴ s/op
Iteration 3: ≈ 10⁻⁴ s/op
Iteration 4: ≈ 10⁻⁴ s/op
Iteration 5: ≈ 10⁻⁴ s/op
Iteration 6: ≈ 10⁻⁴ s/op
Iteration 7: ≈ 10⁻⁴ s/op
Iteration 8: ≈ 10⁻⁴ s/op
Iteration 9: ≈ 10⁻⁴ s/op
Iteration 10: ≈ 10⁻⁴ s/op
Iteration 11: ≈ 10⁻⁴ s/op
Iteration 12: ≈ 10⁻⁴ s/op
Iteration 13: ≈ 10⁻⁴ s/op
Iteration 14: ≈ 10⁻⁴ s/op
Iteration 15: ≈ 10⁻⁴ s/op

Warm-up 1: ≈ 10⁻⁴ s/op
Warm-up 2: ≈ 10⁻⁴ s/op
Warm-up 3: ≈ 10⁻⁴ s/op
Warm-up 4: ≈ 10⁻⁴ s/op
Warm-up 5: ≈ 10⁻⁴ s/op
Warm-up 6: ≈ 10⁻⁴ s/op
Warm-up 7: ≈ 10⁻⁴ s/op
Warm-up 8: ≈ 10⁻⁴ s/op
Iteration 1: ≈ 10⁻⁴ s/op
Iteration 2: ≈ 10⁻⁴ s/op
Iteration 3: ≈ 10⁻⁴ s/op
Iteration 4: ≈ 10⁻⁴ s/op
Iteration 5: ≈ 10⁻⁴ s/op
Iteration 6: ≈ 10⁻⁴ s/op
Iteration 7: ≈ 10⁻⁴ s/op
Iteration 8: ≈ 10⁻⁴ s/op
Iteration 9: ≈ 10⁻⁴ s/op
Iteration 10: ≈ 10⁻⁴ s/op
Iteration 11: ≈ 10⁻⁴ s/op
Iteration 12: ≈ 10⁻⁴ s/op
Iteration 13: ≈ 10⁻⁴ s/op
Iteration 14: ≈ 10⁻⁴ s/op
Iteration 15: ≈ 10⁻⁴ s/op

  Success: ≈ 10⁻⁴ s/op

… com.rafambn.kflate.benchmark.CompressionBenchmarks.rawDeflateCompression | corpus=model3D, level=5

Warm-up 1: ≈ 10⁻⁴ s/op
Warm-up 2: ≈ 10⁻⁴ s/op
Warm-up 3: ≈ 10⁻⁴ s/op
Warm-up 4: ≈ 10⁻⁴ s/op
Warm-up 5: ≈ 10⁻⁴ s/op
Warm-up 6: ≈ 10⁻⁴ s/op
Warm-up 7: ≈ 10⁻⁴ s/op
Warm-up 8: ≈ 10⁻⁴ s/op
Iteration 1: ≈ 10⁻⁴ s/op
Iteration 2: ≈ 10⁻⁴ s/op
Iteration 3: ≈ 10⁻⁴ s/op
Iteration 4: ≈ 10⁻⁴ s/op
Iteration 5: ≈ 10⁻⁴ s/op
Iteration 6: ≈ 10⁻⁴ s/op
Iteration 7: ≈ 10⁻⁴ s/op
Iteration 8: ≈ 10⁻⁴ s/op
Iteration 9: ≈ 10⁻⁴ s/op
Iteration 10: ≈ 10⁻⁴ s/op
Iteration 11: ≈ 10⁻⁴ s/op
Iteration 12: ≈ 10⁻⁴ s/op
Iteration 13: ≈ 10⁻⁴ s/op
Iteration 14: ≈ 10⁻⁴ s/op
Iteration 15: ≈ 10⁻⁴ s/op

Warm-up 1: ≈ 10⁻⁴ s/op
Warm-up 2: ≈ 10⁻⁴ s/op
Warm-up 3: ≈ 10⁻⁴ s/op
Warm-up 4: ≈ 10⁻⁴ s/op
Warm-up 5: ≈ 10⁻⁴ s/op
Warm-up 6: ≈ 10⁻⁴ s/op
Warm-up 7: ≈ 10⁻⁴ s/op
Warm-up 8: ≈ 10⁻⁴ s/op
Iteration 1: ≈ 10⁻⁴ s/op
Iteration 2: ≈ 10⁻⁴ s/op
Iteration 3: ≈ 10⁻⁴ s/op
Iteration 4: ≈ 10⁻⁴ s/op
Iteration 5: ≈ 10⁻⁴ s/op
Iteration 6: ≈ 10⁻⁴ s/op
Iteration 7: ≈ 10⁻⁴ s/op
Iteration 8: ≈ 10⁻⁴ s/op
Iteration 9: ≈ 10⁻⁴ s/op
Iteration 10: ≈ 10⁻⁴ s/op
Iteration 11: ≈ 10⁻⁴ s/op
Iteration 12: ≈ 10⁻⁴ s/op
Iteration 13: ≈ 10⁻⁴ s/op
Iteration 14: ≈ 10⁻⁴ s/op
Iteration 15: ≈ 10⁻⁴ s/op

Warm-up 1: ≈ 10⁻⁴ s/op
Warm-up 2: ≈ 10⁻⁴ s/op
Warm-up 3: ≈ 10⁻⁴ s/op
Warm-up 4: ≈ 10⁻⁴ s/op
Warm-up 5: ≈ 10⁻⁴ s/op
Warm-up 6: ≈ 10⁻⁴ s/op
Warm-up 7: ≈ 10⁻⁴ s/op
Warm-up 8: ≈ 10⁻⁴ s/op
Iteration 1: ≈ 10⁻⁴ s/op
Iteration 2: ≈ 10⁻⁴ s/op
Iteration 3: ≈ 10⁻⁴ s/op
Iteration 4: ≈ 10⁻⁴ s/op
Iteration 5: ≈ 10⁻⁴ s/op
Iteration 6: ≈ 10⁻⁴ s/op
Iteration 7: ≈ 10⁻⁴ s/op
Iteration 8: ≈ 10⁻⁴ s/op
Iteration 9: ≈ 10⁻⁴ s/op
Iteration 10: ≈ 10⁻⁴ s/op
Iteration 11: ≈ 10⁻⁴ s/op
Iteration 12: ≈ 10⁻⁴ s/op
Iteration 13: ≈ 10⁻⁴ s/op
Iteration 14: ≈ 10⁻⁴ s/op
Iteration 15: ≈ 10⁻⁴ s/op

  Success: ≈ 10⁻⁴ s/op

… com.rafambn.kflate.benchmark.CompressionBenchmarks.rawDeflateCompression | corpus=model3D, level=6

Warm-up 1: ≈ 10⁻⁴ s/op
Warm-up 2: ≈ 10⁻⁴ s/op
Warm-up 3: ≈ 10⁻⁴ s/op
Warm-up 4: ≈ 10⁻⁴ s/op
Warm-up 5: ≈ 10⁻⁴ s/op
Warm-up 6: ≈ 10⁻⁴ s/op
Warm-up 7: ≈ 10⁻⁴ s/op
Warm-up 8: ≈ 10⁻⁴ s/op
Iteration 1: ≈ 10⁻⁴ s/op
Iteration 2: ≈ 10⁻⁴ s/op
Iteration 3: ≈ 10⁻⁴ s/op
Iteration 4: ≈ 10⁻⁴ s/op
Iteration 5: ≈ 10⁻⁴ s/op
Iteration 6: ≈ 10⁻⁴ s/op
Iteration 7: ≈ 10⁻⁴ s/op
Iteration 8: ≈ 10⁻⁴ s/op
Iteration 9: ≈ 10⁻⁴ s/op
Iteration 10: ≈ 10⁻⁴ s/op
Iteration 11: ≈ 10⁻⁴ s/op
Iteration 12: ≈ 10⁻⁴ s/op
Iteration 13: ≈ 10⁻⁴ s/op
Iteration 14: ≈ 10⁻⁴ s/op
Iteration 15: ≈ 10⁻⁴ s/op

Warm-up 1: ≈ 10⁻⁴ s/op
Warm-up 2: ≈ 10⁻⁴ s/op
Warm-up 3: ≈ 10⁻⁴ s/op
Warm-up 4: ≈ 10⁻⁴ s/op
Warm-up 5: ≈ 10⁻⁴ s/op
Warm-up 6: ≈ 10⁻⁴ s/op
Warm-up 7: ≈ 10⁻⁴ s/op
Warm-up 8: ≈ 10⁻⁴ s/op
Iteration 1: ≈ 10⁻⁴ s/op
Iteration 2: ≈ 10⁻⁴ s/op
Iteration 3: ≈ 10⁻⁴ s/op
Iteration 4: ≈ 10⁻⁴ s/op
Iteration 5: ≈ 10⁻⁴ s/op
Iteration 6: ≈ 10⁻⁴ s/op
Iteration 7: ≈ 10⁻⁴ s/op
Iteration 8: ≈ 10⁻⁴ s/op
Iteration 9: ≈ 10⁻⁴ s/op
Iteration 10: ≈ 10⁻⁴ s/op
Iteration 11: ≈ 10⁻⁴ s/op
Iteration 12: ≈ 10⁻⁴ s/op
Iteration 13: ≈ 10⁻⁴ s/op
Iteration 14: ≈ 10⁻⁴ s/op
Iteration 15: ≈ 10⁻⁴ s/op

Warm-up 1: ≈ 10⁻⁴ s/op
Warm-up 2: ≈ 10⁻⁴ s/op
Warm-up 3: ≈ 10⁻⁴ s/op
Warm-up 4: ≈ 10⁻⁴ s/op
Warm-up 5: ≈ 10⁻⁴ s/op
Warm-up 6: ≈ 10⁻⁴ s/op
Warm-up 7: ≈ 10⁻⁴ s/op
Warm-up 8: ≈ 10⁻⁴ s/op
Iteration 1: ≈ 10⁻⁴ s/op
Iteration 2: ≈ 10⁻⁴ s/op
Iteration 3: ≈ 10⁻⁴ s/op
Iteration 4: ≈ 10⁻⁴ s/op
Iteration 5: ≈ 10⁻⁴ s/op
Iteration 6: ≈ 10⁻⁴ s/op
Iteration 7: ≈ 10⁻⁴ s/op
Iteration 8: ≈ 10⁻⁴ s/op
Iteration 9: ≈ 10⁻⁴ s/op
Iteration 10: ≈ 10⁻⁴ s/op
Iteration 11: ≈ 10⁻⁴ s/op
Iteration 12: ≈ 10⁻⁴ s/op
Iteration 13: ≈ 10⁻⁴ s/op
Iteration 14: ≈ 10⁻⁴ s/op
Iteration 15: ≈ 10⁻⁴ s/op

  Success: ≈ 10⁻⁴ s/op

… com.rafambn.kflate.benchmark.CompressionBenchmarks.rawDeflateCompression | corpus=model3D, level=7

Warm-up 1: ≈ 10⁻⁴ s/op
Warm-up 2: ≈ 10⁻⁴ s/op
Warm-up 3: ≈ 10⁻⁴ s/op
Warm-up 4: ≈ 10⁻⁴ s/op
Warm-up 5: ≈ 10⁻⁴ s/op
Warm-up 6: ≈ 10⁻⁴ s/op
Warm-up 7: ≈ 10⁻⁴ s/op
Warm-up 8: ≈ 10⁻⁴ s/op
Iteration 1: ≈ 10⁻⁴ s/op
Iteration 2: ≈ 10⁻⁴ s/op
Iteration 3: ≈ 10⁻⁴ s/op
Iteration 4: ≈ 10⁻⁴ s/op
Iteration 5: ≈ 10⁻⁴ s/op
Iteration 6: ≈ 10⁻⁴ s/op
Iteration 7: ≈ 10⁻⁴ s/op
Iteration 8: ≈ 10⁻⁴ s/op
Iteration 9: ≈ 10⁻⁴ s/op
Iteration 10: ≈ 10⁻⁴ s/op
Iteration 11: ≈ 10⁻⁴ s/op
Iteration 12: ≈ 10⁻⁴ s/op
Iteration 13: ≈ 10⁻⁴ s/op
Iteration 14: ≈ 10⁻⁴ s/op
Iteration 15: ≈ 10⁻⁴ s/op

Warm-up 1: ≈ 10⁻⁴ s/op
Warm-up 2: ≈ 10⁻⁴ s/op
Warm-up 3: ≈ 10⁻⁴ s/op
Warm-up 4: ≈ 10⁻⁴ s/op
Warm-up 5: ≈ 10⁻⁴ s/op
Warm-up 6: ≈ 10⁻⁴ s/op
Warm-up 7: ≈ 10⁻⁴ s/op
Warm-up 8: ≈ 10⁻⁴ s/op
Iteration 1: ≈ 10⁻⁴ s/op
Iteration 2: ≈ 10⁻⁴ s/op
Iteration 3: ≈ 10⁻⁴ s/op
Iteration 4: ≈ 10⁻⁴ s/op
Iteration 5: ≈ 10⁻⁴ s/op
Iteration 6: ≈ 10⁻⁴ s/op
Iteration 7: ≈ 10⁻⁴ s/op
Iteration 8: ≈ 10⁻⁴ s/op
Iteration 9: ≈ 10⁻⁴ s/op
Iteration 10: ≈ 10⁻⁴ s/op
Iteration 11: ≈ 10⁻⁴ s/op
Iteration 12: ≈ 10⁻⁴ s/op
Iteration 13: ≈ 10⁻⁴ s/op
Iteration 14: ≈ 10⁻⁴ s/op
Iteration 15: ≈ 10⁻⁴ s/op

Warm-up 1: ≈ 10⁻⁴ s/op
Warm-up 2: ≈ 10⁻⁴ s/op
Warm-up 3: ≈ 10⁻⁴ s/op
Warm-up 4: ≈ 10⁻⁴ s/op
Warm-up 5: ≈ 10⁻⁴ s/op
Warm-up 6: ≈ 10⁻⁴ s/op
Warm-up 7: ≈ 10⁻⁴ s/op
Warm-up 8: ≈ 10⁻⁴ s/op
Iteration 1: ≈ 10⁻⁴ s/op
Iteration 2: ≈ 10⁻⁴ s/op
Iteration 3: ≈ 10⁻⁴ s/op
Iteration 4: ≈ 10⁻⁴ s/op
Iteration 5: ≈ 10⁻⁴ s/op
Iteration 6: ≈ 10⁻⁴ s/op
Iteration 7: ≈ 10⁻⁴ s/op
Iteration 8: ≈ 10⁻⁴ s/op
Iteration 9: ≈ 10⁻⁴ s/op
Iteration 10: ≈ 10⁻⁴ s/op
Iteration 11: ≈ 10⁻⁴ s/op
Iteration 12: ≈ 10⁻⁴ s/op
Iteration 13: ≈ 10⁻⁴ s/op
Iteration 14: ≈ 10⁻⁴ s/op
Iteration 15: ≈ 10⁻⁴ s/op

  Success: ≈ 10⁻⁴ s/op

… com.rafambn.kflate.benchmark.CompressionBenchmarks.rawDeflateCompression | corpus=model3D, level=8

Warm-up 1: ≈ 10⁻⁴ s/op
Warm-up 2: ≈ 10⁻⁴ s/op
Warm-up 3: ≈ 10⁻⁴ s/op
Warm-up 4: ≈ 10⁻⁴ s/op
Warm-up 5: ≈ 10⁻⁴ s/op
Warm-up 6: ≈ 10⁻⁴ s/op
Warm-up 7: ≈ 10⁻⁴ s/op
Warm-up 8: ≈ 10⁻⁴ s/op
Iteration 1: ≈ 10⁻⁴ s/op
Iteration 2: ≈ 10⁻⁴ s/op
Iteration 3: ≈ 10⁻⁴ s/op
Iteration 4: ≈ 10⁻⁴ s/op
Iteration 5: ≈ 10⁻⁴ s/op
Iteration 6: ≈ 10⁻⁴ s/op
Iteration 7: ≈ 10⁻⁴ s/op
Iteration 8: ≈ 10⁻⁴ s/op
Iteration 9: ≈ 10⁻⁴ s/op
Iteration 10: ≈ 10⁻⁴ s/op
Iteration 11: ≈ 10⁻⁴ s/op
Iteration 12: ≈ 10⁻⁴ s/op
Iteration 13: ≈ 10⁻⁴ s/op
Iteration 14: ≈ 10⁻⁴ s/op
Iteration 15: ≈ 10⁻⁴ s/op

Warm-up 1: ≈ 10⁻⁴ s/op
Warm-up 2: ≈ 10⁻⁴ s/op
Warm-up 3: ≈ 10⁻⁴ s/op
Warm-up 4: ≈ 10⁻⁴ s/op
Warm-up 5: ≈ 10⁻⁴ s/op
Warm-up 6: ≈ 10⁻⁴ s/op
Warm-up 7: ≈ 10⁻⁴ s/op
Warm-up 8: ≈ 10⁻⁴ s/op
Iteration 1: ≈ 10⁻⁴ s/op
Iteration 2: ≈ 10⁻⁴ s/op
Iteration 3: ≈ 10⁻⁴ s/op
Iteration 4: ≈ 10⁻⁴ s/op
Iteration 5: ≈ 10⁻⁴ s/op
Iteration 6: ≈ 10⁻⁴ s/op
Iteration 7: ≈ 10⁻⁴ s/op
Iteration 8: ≈ 10⁻⁴ s/op
Iteration 9: ≈ 10⁻⁴ s/op
Iteration 10: ≈ 10⁻⁴ s/op
Iteration 11: ≈ 10⁻⁴ s/op
Iteration 12: ≈ 10⁻⁴ s/op
Iteration 13: ≈ 10⁻⁴ s/op
Iteration 14: ≈ 10⁻⁴ s/op
Iteration 15: ≈ 10⁻⁴ s/op

Warm-up 1: ≈ 10⁻⁴ s/op
Warm-up 2: ≈ 10⁻⁴ s/op
Warm-up 3: ≈ 10⁻⁴ s/op
Warm-up 4: ≈ 10⁻⁴ s/op
Warm-up 5: ≈ 10⁻⁴ s/op
Warm-up 6: ≈ 10⁻⁴ s/op
Warm-up 7: ≈ 10⁻⁴ s/op
Warm-up 8: ≈ 10⁻⁴ s/op
Iteration 1: ≈ 10⁻⁴ s/op
Iteration 2: ≈ 10⁻⁴ s/op
Iteration 3: ≈ 10⁻⁴ s/op
Iteration 4: ≈ 10⁻⁴ s/op
Iteration 5: ≈ 10⁻⁴ s/op
Iteration 6: ≈ 10⁻⁴ s/op
Iteration 7: ≈ 10⁻⁴ s/op
Iteration 8: ≈ 10⁻⁴ s/op
Iteration 9: ≈ 10⁻⁴ s/op
Iteration 10: ≈ 10⁻⁴ s/op
Iteration 11: ≈ 10⁻⁴ s/op
Iteration 12: ≈ 10⁻⁴ s/op
Iteration 13: ≈ 10⁻⁴ s/op
Iteration 14: ≈ 10⁻⁴ s/op
Iteration 15: ≈ 10⁻⁴ s/op

  Success: ≈ 10⁻⁴ s/op

… com.rafambn.kflate.benchmark.CompressionBenchmarks.rawDeflateCompression | corpus=model3D, level=9

Warm-up 1: ≈ 10⁻⁴ s/op
Warm-up 2: ≈ 10⁻⁴ s/op
Warm-up 3: ≈ 10⁻⁴ s/op
Warm-up 4: ≈ 10⁻⁴ s/op
Warm-up 5: ≈ 10⁻⁴ s/op
Warm-up 6: ≈ 10⁻⁴ s/op
Warm-up 7: ≈ 10⁻⁴ s/op
Warm-up 8: ≈ 10⁻⁴ s/op
Iteration 1: ≈ 10⁻⁴ s/op
Iteration 2: ≈ 10⁻⁴ s/op
Iteration 3: ≈ 10⁻⁴ s/op
Iteration 4: ≈ 10⁻⁴ s/op
Iteration 5: ≈ 10⁻⁴ s/op
Iteration 6: ≈ 10⁻⁴ s/op
Iteration 7: ≈ 10⁻⁴ s/op
Iteration 8: ≈ 10⁻⁴ s/op
Iteration 9: ≈ 10⁻⁴ s/op
Iteration 10: ≈ 10⁻⁴ s/op
Iteration 11: ≈ 10⁻⁴ s/op
Iteration 12: ≈ 10⁻⁴ s/op
Iteration 13: ≈ 10⁻⁴ s/op
Iteration 14: ≈ 10⁻⁴ s/op
Iteration 15: ≈ 10⁻⁴ s/op

Warm-up 1: ≈ 10⁻⁴ s/op
Warm-up 2: ≈ 10⁻⁴ s/op
Warm-up 3: ≈ 10⁻⁴ s/op
Warm-up 4: ≈ 10⁻⁴ s/op
Warm-up 5: ≈ 10⁻⁴ s/op
Warm-up 6: ≈ 10⁻⁴ s/op
Warm-up 7: ≈ 10⁻⁴ s/op
Warm-up 8: ≈ 10⁻⁴ s/op
Iteration 1: ≈ 10⁻⁴ s/op
Iteration 2: ≈ 10⁻⁴ s/op
Iteration 3: ≈ 10⁻⁴ s/op
Iteration 4: ≈ 10⁻⁴ s/op
Iteration 5: ≈ 10⁻⁴ s/op
Iteration 6: ≈ 10⁻⁴ s/op
Iteration 7: ≈ 10⁻⁴ s/op
Iteration 8: ≈ 10⁻⁴ s/op
Iteration 9: ≈ 10⁻⁴ s/op
Iteration 10: ≈ 10⁻⁴ s/op
Iteration 11: ≈ 10⁻⁴ s/op
Iteration 12: ≈ 10⁻⁴ s/op
Iteration 13: ≈ 10⁻⁴ s/op
Iteration 14: ≈ 10⁻⁴ s/op
Iteration 15: ≈ 10⁻⁴ s/op

Warm-up 1: ≈ 10⁻⁴ s/op
Warm-up 2: ≈ 10⁻⁴ s/op
Warm-up 3: ≈ 10⁻⁴ s/op
Warm-up 4: ≈ 10⁻⁴ s/op
Warm-up 5: ≈ 10⁻⁴ s/op
Warm-up 6: ≈ 10⁻⁴ s/op
Warm-up 7: ≈ 10⁻⁴ s/op
Warm-up 8: ≈ 10⁻⁴ s/op
Iteration 1: ≈ 10⁻⁴ s/op
Iteration 2: ≈ 10⁻⁴ s/op
Iteration 3: ≈ 10⁻⁴ s/op
Iteration 4: ≈ 10⁻⁴ s/op
Iteration 5: ≈ 10⁻⁴ s/op
Iteration 6: ≈ 10⁻⁴ s/op
Iteration 7: ≈ 10⁻⁴ s/op
Iteration 8: ≈ 10⁻⁴ s/op
Iteration 9: ≈ 10⁻⁴ s/op
Iteration 10: ≈ 10⁻⁴ s/op
Iteration 11: ≈ 10⁻⁴ s/op
Iteration 12: ≈ 10⁻⁴ s/op
Iteration 13: ≈ 10⁻⁴ s/op
Iteration 14: ≈ 10⁻⁴ s/op
Iteration 15: ≈ 10⁻⁴ s/op

  Success: ≈ 10⁻⁴ s/op

… com.rafambn.kflate.benchmark.CompressionBenchmarks.rawDeflateCompression | corpus=Rainier.bmp, level=0

Warm-up 1: 0.003 s/op
Warm-up 2: 0.003 s/op
Warm-up 3: 0.003 s/op
Warm-up 4: 0.003 s/op
Warm-up 5: 0.003 s/op
Warm-up 6: 0.003 s/op
Warm-up 7: 0.003 s/op
Warm-up 8: 0.003 s/op
Iteration 1: 0.003 s/op
Iteration 2: 0.003 s/op
Iteration 3: 0.003 s/op
Iteration 4: 0.003 s/op
Iteration 5: 0.003 s/op
Iteration 6: 0.003 s/op
Iteration 7: 0.003 s/op
Iteration 8: 0.003 s/op
Iteration 9: 0.003 s/op
Iteration 10: 0.003 s/op
Iteration 11: 0.003 s/op
Iteration 12: 0.003 s/op
Iteration 13: 0.003 s/op
Iteration 14: 0.003 s/op
Iteration 15: 0.003 s/op

Warm-up 1: 0.003 s/op
Warm-up 2: 0.003 s/op
Warm-up 3: 0.003 s/op
Warm-up 4: 0.003 s/op
Warm-up 5: 0.003 s/op
Warm-up 6: 0.003 s/op
Warm-up 7: 0.003 s/op
Warm-up 8: 0.003 s/op
Iteration 1: 0.003 s/op
Iteration 2: 0.003 s/op
Iteration 3: 0.003 s/op
Iteration 4: 0.003 s/op
Iteration 5: 0.003 s/op
Iteration 6: 0.003 s/op
Iteration 7: 0.003 s/op
Iteration 8: 0.003 s/op
Iteration 9: 0.003 s/op
Iteration 10: 0.003 s/op
Iteration 11: 0.003 s/op
Iteration 12: 0.003 s/op
Iteration 13: 0.003 s/op
Iteration 14: 0.003 s/op
Iteration 15: 0.003 s/op

Warm-up 1: 0.003 s/op
Warm-up 2: 0.003 s/op
Warm-up 3: 0.003 s/op
Warm-up 4: 0.003 s/op
Warm-up 5: 0.003 s/op
Warm-up 6: 0.003 s/op
Warm-up 7: 0.003 s/op
Warm-up 8: 0.003 s/op
Iteration 1: 0.003 s/op
Iteration 2: 0.003 s/op
Iteration 3: 0.003 s/op
Iteration 4: 0.003 s/op
Iteration 5: 0.003 s/op
Iteration 6: 0.003 s/op
Iteration 7: 0.003 s/op
Iteration 8: 0.003 s/op
Iteration 9: 0.003 s/op
Iteration 10: 0.003 s/op
Iteration 11: 0.003 s/op
Iteration 12: 0.003 s/op
Iteration 13: 0.003 s/op
Iteration 14: 0.003 s/op
Iteration 15: 0.003 s/op

  Success: 0.003 ±(99.9%) 0.001 s/op [Average]
  (min, avg, max) = (0.003, 0.003, 0.003), stdev = 0.001
  CI (99.9%): [0.003, 0.003] (assumes normal distribution)

… com.rafambn.kflate.benchmark.CompressionBenchmarks.rawDeflateCompression | corpus=Rainier.bmp, level=1

Warm-up 1: 0.078 s/op
Warm-up 2: 0.072 s/op
Warm-up 3: 0.070 s/op
Warm-up 4: 0.070 s/op
Warm-up 5: 0.070 s/op
Warm-up 6: 0.070 s/op
Warm-up 7: 0.069 s/op
Warm-up 8: 0.074 s/op
Iteration 1: 0.081 s/op
Iteration 2: 0.080 s/op
Iteration 3: 0.081 s/op
Iteration 4: 0.080 s/op
Iteration 5: 0.081 s/op
Iteration 6: 0.080 s/op
Iteration 7: 0.080 s/op
Iteration 8: 0.080 s/op
Iteration 9: 0.080 s/op
Iteration 10: 0.080 s/op
Iteration 11: 0.080 s/op
Iteration 12: 0.080 s/op
Iteration 13: 0.079 s/op
Iteration 14: 0.069 s/op
Iteration 15: 0.069 s/op

Warm-up 1: 0.080 s/op
Warm-up 2: 0.074 s/op
Warm-up 3: 0.084 s/op
Warm-up 4: 0.085 s/op
Warm-up 5: 0.085 s/op
Warm-up 6: 0.086 s/op
Warm-up 7: 0.087 s/op
Warm-up 8: 0.085 s/op
Iteration 1: 0.074 s/op
Iteration 2: 0.075 s/op
Iteration 3: 0.074 s/op
Iteration 4: 0.074 s/op
Iteration 5: 0.074 s/op
Iteration 6: 0.074 s/op
Iteration 7: 0.074 s/op
Iteration 8: 0.075 s/op
Iteration 9: 0.075 s/op
Iteration 10: 0.075 s/op
Iteration 11: 0.078 s/op
Iteration 12: 0.073 s/op
Iteration 13: 0.074 s/op
Iteration 14: 0.074 s/op
Iteration 15: 0.074 s/op

Warm-up 1: 0.092 s/op
Warm-up 2: 0.087 s/op
Warm-up 3: 0.086 s/op
Warm-up 4: 0.084 s/op
Warm-up 5: 0.076 s/op
Warm-up 6: 0.087 s/op
Warm-up 7: 0.087 s/op
Warm-up 8: 0.087 s/op
Iteration 1: 0.087 s/op
Iteration 2: 0.074 s/op
Iteration 3: 0.075 s/op
Iteration 4: 0.075 s/op
Iteration 5: 0.075 s/op
Iteration 6: 0.079 s/op
Iteration 7: 0.075 s/op
Iteration 8: 0.076 s/op
Iteration 9: 0.075 s/op
Iteration 10: 0.075 s/op
Iteration 11: 0.083 s/op
Iteration 12: 0.074 s/op
Iteration 13: 0.074 s/op
Iteration 14: 0.077 s/op
Iteration 15: 0.074 s/op

  Success: 0.077 ±(99.9%) 0.002 s/op [Average]
  (min, avg, max) = (0.069, 0.077, 0.087), stdev = 0.004
  CI (99.9%): [0.075, 0.078] (assumes normal distribution)

… com.rafambn.kflate.benchmark.CompressionBenchmarks.rawDeflateCompression | corpus=Rainier.bmp, level=2

Warm-up 1: 0.092 s/op
Warm-up 2: 0.089 s/op
Warm-up 3: 0.089 s/op
Warm-up 4: 0.088 s/op
Warm-up 5: 0.089 s/op
Warm-up 6: 0.089 s/op
Warm-up 7: 0.088 s/op
Warm-up 8: 0.088 s/op
Iteration 1: 0.088 s/op
Iteration 2: 0.088 s/op
Iteration 3: 0.088 s/op
Iteration 4: 0.088 s/op
Iteration 5: 0.088 s/op
Iteration 6: 0.090 s/op
Iteration 7: 0.088 s/op
Iteration 8: 0.089 s/op
Iteration 9: 0.089 s/op
Iteration 10: 0.088 s/op
Iteration 11: 0.099 s/op
Iteration 12: 0.106 s/op
Iteration 13: 0.103 s/op
Iteration 14: 0.102 s/op
Iteration 15: 0.102 s/op

Warm-up 1: 0.090 s/op
Warm-up 2: 0.084 s/op
Warm-up 3: 0.085 s/op
Warm-up 4: 0.083 s/op
Warm-up 5: 0.083 s/op
Warm-up 6: 0.083 s/op
Warm-up 7: 0.084 s/op
Warm-up 8: 0.088 s/op
Iteration 1: 0.098 s/op
Iteration 2: 0.082 s/op
Iteration 3: 0.082 s/op
Iteration 4: 0.082 s/op
Iteration 5: 0.082 s/op
Iteration 6: 0.083 s/op
Iteration 7: 0.090 s/op
Iteration 8: 0.097 s/op
Iteration 9: 0.097 s/op
Iteration 10: 0.095 s/op
Iteration 11: 0.084 s/op
Iteration 12: 0.083 s/op
Iteration 13: 0.085 s/op
Iteration 14: 0.100 s/op
Iteration 15: 0.095 s/op

Warm-up 1: 0.105 s/op
Warm-up 2: 0.094 s/op
Warm-up 3: 0.088 s/op
Warm-up 4: 0.087 s/op
Warm-up 5: 0.100 s/op
Warm-up 6: 0.087 s/op
Warm-up 7: 0.089 s/op
Warm-up 8: 0.088 s/op
Iteration 1: 0.087 s/op
Iteration 2: 0.087 s/op
Iteration 3: 0.088 s/op
Iteration 4: 0.088 s/op
Iteration 5: 0.088 s/op
Iteration 6: 0.088 s/op
Iteration 7: 0.087 s/op
Iteration 8: 0.088 s/op
Iteration 9: 0.088 s/op
Iteration 10: 0.088 s/op
Iteration 11: 0.088 s/op
Iteration 12: 0.089 s/op
Iteration 13: 0.087 s/op
Iteration 14: 0.087 s/op
Iteration 15: 0.088 s/op

  Success: 0.090 ±(99.9%) 0.003 s/op [Average]
  (min, avg, max) = (0.082, 0.090, 0.106), stdev = 0.006
  CI (99.9%): [0.087, 0.093] (assumes normal distribution)

… com.rafambn.kflate.benchmark.CompressionBenchmarks.rawDeflateCompression | corpus=Rainier.bmp, level=3

Warm-up 1: 0.089 s/op
Warm-up 2: 0.086 s/op
Warm-up 3: 0.086 s/op
Warm-up 4: 0.085 s/op
Warm-up 5: 0.085 s/op
Warm-up 6: 0.084 s/op
Warm-up 7: 0.085 s/op
Warm-up 8: 0.088 s/op
Iteration 1: 0.101 s/op
Iteration 2: 0.100 s/op
Iteration 3: 0.099 s/op
Iteration 4: 0.099 s/op
Iteration 5: 0.099 s/op
Iteration 6: 0.095 s/op
Iteration 7: 0.086 s/op
Iteration 8: 0.086 s/op
Iteration 9: 0.091 s/op
Iteration 10: 0.088 s/op
Iteration 11: 0.085 s/op
Iteration 12: 0.090 s/op
Iteration 13: 0.086 s/op
Iteration 14: 0.086 s/op
Iteration 15: 0.085 s/op

Warm-up 1: 0.091 s/op
Warm-up 2: 0.098 s/op
Warm-up 3: 0.102 s/op
Warm-up 4: 0.101 s/op
Warm-up 5: 0.101 s/op
Warm-up 6: 0.100 s/op
Warm-up 7: 0.100 s/op
Warm-up 8: 0.101 s/op
Iteration 1: 0.100 s/op
Iteration 2: 0.102 s/op
Iteration 3: 0.100 s/op
Iteration 4: 0.100 s/op
Iteration 5: 0.099 s/op
Iteration 6: 0.099 s/op
Iteration 7: 0.100 s/op
Iteration 8: 0.100 s/op
Iteration 9: 0.100 s/op
Iteration 10: 0.099 s/op
Iteration 11: 0.099 s/op
Iteration 12: 0.099 s/op
Iteration 13: 0.100 s/op
Iteration 14: 0.099 s/op
Iteration 15: 0.090 s/op

Warm-up 1: 0.085 s/op
Warm-up 2: 0.081 s/op
Warm-up 3: 0.082 s/op
Warm-up 4: 0.080 s/op
Warm-up 5: 0.080 s/op
Warm-up 6: 0.080 s/op
Warm-up 7: 0.082 s/op
Warm-up 8: 0.081 s/op
Iteration 1: 0.080 s/op
Iteration 2: 0.080 s/op
Iteration 3: 0.080 s/op
Iteration 4: 0.080 s/op
Iteration 5: 0.092 s/op
Iteration 6: 0.087 s/op
Iteration 7: 0.083 s/op
Iteration 8: 0.081 s/op
Iteration 9: 0.082 s/op
Iteration 10: 0.083 s/op
Iteration 11: 0.082 s/op
Iteration 12: 0.092 s/op
Iteration 13: 0.080 s/op
Iteration 14: 0.080 s/op
Iteration 15: 0.080 s/op

  Success: 0.091 ±(99.9%) 0.004 s/op [Average]
  (min, avg, max) = (0.080, 0.091, 0.102), stdev = 0.008
  CI (99.9%): [0.087, 0.096] (assumes normal distribution)

… com.rafambn.kflate.benchmark.CompressionBenchmarks.rawDeflateCompression | corpus=Rainier.bmp, level=4

Warm-up 1: 0.099 s/op
Warm-up 2: 0.095 s/op
Warm-up 3: 0.095 s/op
Warm-up 4: 0.094 s/op
Warm-up 5: 0.097 s/op
Warm-up 6: 0.098 s/op
Warm-up 7: 0.094 s/op
Warm-up 8: 0.094 s/op
Iteration 1: 0.101 s/op
Iteration 2: 0.094 s/op
Iteration 3: 0.093 s/op
Iteration 4: 0.103 s/op
Iteration 5: 0.110 s/op
Iteration 6: 0.118 s/op
Iteration 7: 0.111 s/op
Iteration 8: 0.110 s/op
Iteration 9: 0.110 s/op
Iteration 10: 0.110 s/op
Iteration 11: 0.112 s/op
Iteration 12: 0.110 s/op
Iteration 13: 0.109 s/op
Iteration 14: 0.109 s/op
Iteration 15: 0.109 s/op

Warm-up 1: 0.102 s/op
Warm-up 2: 0.101 s/op
Warm-up 3: 0.101 s/op
Warm-up 4: 0.101 s/op
Warm-up 5: 0.099 s/op
Warm-up 6: 0.098 s/op
Warm-up 7: 0.098 s/op
Warm-up 8: 0.098 s/op
Iteration 1: 0.098 s/op
Iteration 2: 0.100 s/op
Iteration 3: 0.098 s/op
Iteration 4: 0.098 s/op
Iteration 5: 0.099 s/op
Iteration 6: 0.109 s/op
Iteration 7: 0.115 s/op
Iteration 8: 0.116 s/op
Iteration 9: 0.117 s/op
Iteration 10: 0.116 s/op
Iteration 11: 0.115 s/op
Iteration 12: 0.115 s/op
Iteration 13: 0.115 s/op
Iteration 14: 0.114 s/op
Iteration 15: 0.115 s/op

Warm-up 1: 0.098 s/op
Warm-up 2: 0.102 s/op
Warm-up 3: 0.108 s/op
Warm-up 4: 0.107 s/op
Warm-up 5: 0.107 s/op
Warm-up 6: 0.107 s/op
Warm-up 7: 0.108 s/op
Warm-up 8: 0.107 s/op
Iteration 1: 0.106 s/op
Iteration 2: 0.106 s/op
Iteration 3: 0.106 s/op
Iteration 4: 0.106 s/op
Iteration 5: 0.108 s/op
Iteration 6: 0.108 s/op
Iteration 7: 0.106 s/op
Iteration 8: 0.100 s/op
Iteration 9: 0.092 s/op
Iteration 10: 0.092 s/op
Iteration 11: 0.092 s/op
Iteration 12: 0.092 s/op
Iteration 13: 0.092 s/op
Iteration 14: 0.093 s/op
Iteration 15: 0.092 s/op

  Success: 0.105 ±(99.9%) 0.004 s/op [Average]
  (min, avg, max) = (0.092, 0.105, 0.118), stdev = 0.008
  CI (99.9%): [0.101, 0.110] (assumes normal distribution)

… com.rafambn.kflate.benchmark.CompressionBenchmarks.rawDeflateCompression | corpus=Rainier.bmp, level=5

Warm-up 1: 0.111 s/op
Warm-up 2: 0.127 s/op
Warm-up 3: 0.124 s/op
Warm-up 4: 0.125 s/op
Warm-up 5: 0.124 s/op
Warm-up 6: 0.124 s/op
Warm-up 7: 0.124 s/op
Warm-up 8: 0.124 s/op
Iteration 1: 0.127 s/op
Iteration 2: 0.121 s/op
Iteration 3: 0.122 s/op
Iteration 4: 0.122 s/op
Iteration 5: 0.122 s/op
Iteration 6: 0.122 s/op
Iteration 7: 0.122 s/op
Iteration 8: 0.122 s/op
Iteration 9: 0.122 s/op
Iteration 10: 0.121 s/op
Iteration 11: 0.122 s/op
Iteration 12: 0.122 s/op
Iteration 13: 0.122 s/op
Iteration 14: 0.123 s/op
Iteration 15: 0.122 s/op

Warm-up 1: 0.111 s/op
Warm-up 2: 0.110 s/op
Warm-up 3: 0.110 s/op
Warm-up 4: 0.124 s/op
Warm-up 5: 0.124 s/op
Warm-up 6: 0.124 s/op
Warm-up 7: 0.126 s/op
Warm-up 8: 0.125 s/op
Iteration 1: 0.125 s/op
Iteration 2: 0.124 s/op
Iteration 3: 0.125 s/op
Iteration 4: 0.125 s/op
Iteration 5: 0.126 s/op
Iteration 6: 0.125 s/op
Iteration 7: 0.107 s/op
Iteration 8: 0.108 s/op
Iteration 9: 0.107 s/op
Iteration 10: 0.107 s/op
Iteration 11: 0.109 s/op
Iteration 12: 0.108 s/op
Iteration 13: 0.108 s/op
Iteration 14: 0.108 s/op
Iteration 15: 0.107 s/op

Warm-up 1: 0.114 s/op
Warm-up 2: 0.110 s/op
Warm-up 3: 0.109 s/op
Warm-up 4: 0.107 s/op
Warm-up 5: 0.108 s/op
Warm-up 6: 0.108 s/op
Warm-up 7: 0.109 s/op
Warm-up 8: 0.108 s/op
Iteration 1: 0.110 s/op
Iteration 2: 0.108 s/op
Iteration 3: 0.109 s/op
Iteration 4: 0.110 s/op
Iteration 5: 0.108 s/op
Iteration 6: 0.107 s/op
Iteration 7: 0.108 s/op
Iteration 8: 0.108 s/op
Iteration 9: 0.108 s/op
Iteration 10: 0.109 s/op
Iteration 11: 0.108 s/op
Iteration 12: 0.108 s/op
Iteration 13: 0.108 s/op
Iteration 14: 0.108 s/op
Iteration 15: 0.109 s/op

  Success: 0.115 ±(99.9%) 0.004 s/op [Average]
  (min, avg, max) = (0.107, 0.115, 0.127), stdev = 0.008
  CI (99.9%): [0.111, 0.119] (assumes normal distribution)

… com.rafambn.kflate.benchmark.CompressionBenchmarks.rawDeflateCompression | corpus=Rainier.bmp, level=6

Warm-up 1: 0.140 s/op
Warm-up 2: 0.141 s/op
Warm-up 3: 0.137 s/op
Warm-up 4: 0.138 s/op
Warm-up 5: 0.139 s/op
Warm-up 6: 0.138 s/op
Warm-up 7: 0.138 s/op
Warm-up 8: 0.137 s/op
Iteration 1: 0.138 s/op
Iteration 2: 0.132 s/op
Iteration 3: 0.120 s/op
Iteration 4: 0.127 s/op
Iteration 5: 0.136 s/op
Iteration 6: 0.137 s/op
Iteration 7: 0.137 s/op
Iteration 8: 0.136 s/op
Iteration 9: 0.137 s/op
Iteration 10: 0.137 s/op
Iteration 11: 0.137 s/op
Iteration 12: 0.137 s/op
Iteration 13: 0.136 s/op
Iteration 14: 0.137 s/op
Iteration 15: 0.137 s/op

Warm-up 1: 0.134 s/op
Warm-up 2: 0.128 s/op
Warm-up 3: 0.128 s/op
Warm-up 4: 0.128 s/op
Warm-up 5: 0.128 s/op
Warm-up 6: 0.123 s/op
Warm-up 7: 0.112 s/op
Warm-up 8: 0.112 s/op
Iteration 1: 0.112 s/op
Iteration 2: 0.113 s/op
Iteration 3: 0.112 s/op
Iteration 4: 0.113 s/op
Iteration 5: 0.113 s/op
Iteration 6: 0.113 s/op
Iteration 7: 0.113 s/op
Iteration 8: 0.113 s/op
Iteration 9: 0.114 s/op
Iteration 10: 0.113 s/op
Iteration 11: 0.113 s/op
Iteration 12: 0.113 s/op
Iteration 13: 0.113 s/op
Iteration 14: 0.119 s/op
Iteration 15: 0.115 s/op

Warm-up 1: 0.138 s/op
Warm-up 2: 0.141 s/op
Warm-up 3: 0.135 s/op
Warm-up 4: 0.135 s/op
Warm-up 5: 0.133 s/op
Warm-up 6: 0.132 s/op
Warm-up 7: 0.133 s/op
Warm-up 8: 0.133 s/op
Iteration 1: 0.135 s/op
Iteration 2: 0.134 s/op
Iteration 3: 0.133 s/op
Iteration 4: 0.134 s/op
Iteration 5: 0.134 s/op
Iteration 6: 0.133 s/op
Iteration 7: 0.134 s/op
Iteration 8: 0.134 s/op
Iteration 9: 0.138 s/op
Iteration 10: 0.132 s/op
Iteration 11: 0.132 s/op
Iteration 12: 0.132 s/op
Iteration 13: 0.132 s/op
Iteration 14: 0.132 s/op
Iteration 15: 0.131 s/op

  Success: 0.127 ±(99.9%) 0.005 s/op [Average]
  (min, avg, max) = (0.112, 0.127, 0.138), stdev = 0.010
  CI (99.9%): [0.122, 0.132] (assumes normal distribution)

… com.rafambn.kflate.benchmark.CompressionBenchmarks.rawDeflateCompression | corpus=Rainier.bmp, level=7

Warm-up 1: 0.113 s/op
Warm-up 2: 0.112 s/op
Warm-up 3: 0.111 s/op
Warm-up 4: 0.121 s/op
Warm-up 5: 0.124 s/op
Warm-up 6: 0.125 s/op
Warm-up 7: 0.120 s/op
Warm-up 8: 0.108 s/op
Iteration 1: 0.108 s/op
Iteration 2: 0.108 s/op
Iteration 3: 0.108 s/op
Iteration 4: 0.108 s/op
Iteration 5: 0.108 s/op
Iteration 6: 0.108 s/op
Iteration 7: 0.108 s/op
Iteration 8: 0.108 s/op
Iteration 9: 0.108 s/op
Iteration 10: 0.108 s/op
Iteration 11: 0.123 s/op
Iteration 12: 0.124 s/op
Iteration 13: 0.124 s/op
Iteration 14: 0.125 s/op
Iteration 15: 0.124 s/op

Warm-up 1: 0.122 s/op
Warm-up 2: 0.121 s/op
Warm-up 3: 0.117 s/op
Warm-up 4: 0.106 s/op
Warm-up 5: 0.103 s/op
Warm-up 6: 0.102 s/op
Warm-up 7: 0.103 s/op
Warm-up 8: 0.105 s/op
Iteration 1: 0.103 s/op
Iteration 2: 0.104 s/op
Iteration 3: 0.104 s/op
Iteration 4: 0.102 s/op
Iteration 5: 0.102 s/op
Iteration 6: 0.102 s/op
Iteration 7: 0.103 s/op
Iteration 8: 0.103 s/op
Iteration 9: 0.102 s/op
Iteration 10: 0.102 s/op
Iteration 11: 0.103 s/op
Iteration 12: 0.102 s/op
Iteration 13: 0.103 s/op
Iteration 14: 0.104 s/op
Iteration 15: 0.103 s/op

Warm-up 1: 0.107 s/op
Warm-up 2: 0.104 s/op
Warm-up 3: 0.103 s/op
Warm-up 4: 0.107 s/op
Warm-up 5: 0.102 s/op
Warm-up 6: 0.102 s/op
Warm-up 7: 0.102 s/op
Warm-up 8: 0.117 s/op
Iteration 1: 0.118 s/op
Iteration 2: 0.113 s/op
Iteration 3: 0.102 s/op
Iteration 4: 0.102 s/op
Iteration 5: 0.102 s/op
Iteration 6: 0.101 s/op
Iteration 7: 0.102 s/op
Iteration 8: 0.103 s/op
Iteration 9: 0.103 s/op
Iteration 10: 0.102 s/op
Iteration 11: 0.103 s/op
Iteration 12: 0.112 s/op
Iteration 13: 0.117 s/op
Iteration 14: 0.104 s/op
Iteration 15: 0.106 s/op

  Success: 0.107 ±(99.9%) 0.004 s/op [Average]
  (min, avg, max) = (0.101, 0.107, 0.125), stdev = 0.007
  CI (99.9%): [0.104, 0.111] (assumes normal distribution)

… com.rafambn.kflate.benchmark.CompressionBenchmarks.rawDeflateCompression | corpus=Rainier.bmp, level=8

Warm-up 1: 0.141 s/op
Warm-up 2: 0.136 s/op
Warm-up 3: 0.121 s/op
Warm-up 4: 0.131 s/op
Warm-up 5: 0.140 s/op
Warm-up 6: 0.141 s/op
Warm-up 7: 0.140 s/op
Warm-up 8: 0.130 s/op
Iteration 1: 0.120 s/op
Iteration 2: 0.139 s/op
Iteration 3: 0.142 s/op
Iteration 4: 0.141 s/op
Iteration 5: 0.140 s/op
Iteration 6: 0.142 s/op
Iteration 7: 0.141 s/op
Iteration 8: 0.129 s/op
Iteration 9: 0.122 s/op
Iteration 10: 0.122 s/op
Iteration 11: 0.122 s/op
Iteration 12: 0.122 s/op
Iteration 13: 0.123 s/op
Iteration 14: 0.122 s/op
Iteration 15: 0.123 s/op

Warm-up 1: 0.139 s/op
Warm-up 2: 0.138 s/op
Warm-up 3: 0.133 s/op
Warm-up 4: 0.128 s/op
Warm-up 5: 0.117 s/op
Warm-up 6: 0.117 s/op
Warm-up 7: 0.117 s/op
Warm-up 8: 0.123 s/op
Iteration 1: 0.134 s/op
Iteration 2: 0.135 s/op
Iteration 3: 0.135 s/op
Iteration 4: 0.135 s/op
Iteration 5: 0.135 s/op
Iteration 6: 0.135 s/op
Iteration 7: 0.135 s/op
Iteration 8: 0.134 s/op
Iteration 9: 0.134 s/op
Iteration 10: 0.134 s/op
Iteration 11: 0.135 s/op
Iteration 12: 0.134 s/op
Iteration 13: 0.134 s/op
Iteration 14: 0.117 s/op
Iteration 15: 0.118 s/op

Warm-up 1: 0.143 s/op
Warm-up 2: 0.147 s/op
Warm-up 3: 0.138 s/op
Warm-up 4: 0.138 s/op
Warm-up 5: 0.136 s/op
Warm-up 6: 0.136 s/op
Warm-up 7: 0.137 s/op
Warm-up 8: 0.137 s/op
Iteration 1: 0.136 s/op
Iteration 2: 0.139 s/op
Iteration 3: 0.137 s/op
Iteration 4: 0.135 s/op
Iteration 5: 0.137 s/op
Iteration 6: 0.138 s/op
Iteration 7: 0.141 s/op
Iteration 8: 0.137 s/op
Iteration 9: 0.137 s/op
Iteration 10: 0.136 s/op
Iteration 11: 0.137 s/op
Iteration 12: 0.137 s/op
Iteration 13: 0.138 s/op
Iteration 14: 0.137 s/op
Iteration 15: 0.137 s/op

  Success: 0.133 ±(99.9%) 0.004 s/op [Average]
  (min, avg, max) = (0.117, 0.133, 0.142), stdev = 0.007
  CI (99.9%): [0.129, 0.137] (assumes normal distribution)

… com.rafambn.kflate.benchmark.CompressionBenchmarks.rawDeflateCompression | corpus=Rainier.bmp, level=9

Warm-up 1: 2.483 s/op
Warm-up 2: 2.456 s/op
Warm-up 3: 2.520 s/op
Warm-up 4: 2.511 s/op
Warm-up 5: 2.515 s/op
Warm-up 6: 2.497 s/op
Warm-up 7: 2.456 s/op
Warm-up 8: 2.467 s/op
Iteration 1: 2.643 s/op
Iteration 2: 2.488 s/op
Iteration 3: 2.489 s/op
Iteration 4: 2.503 s/op
Iteration 5: 2.560 s/op
Iteration 6: 2.540 s/op
Iteration 7: 2.544 s/op
Iteration 8: 2.543 s/op
Iteration 9: 2.545 s/op
Iteration 10: 2.545 s/op
Iteration 11: 2.551 s/op
Iteration 12: 2.548 s/op
Iteration 13: 2.517 s/op
Iteration 14: 2.556 s/op
Iteration 15: 2.536 s/op

Warm-up 1: 2.741 s/op
Warm-up 2: 2.727 s/op
Warm-up 3: 2.727 s/op
Warm-up 4: 2.742 s/op
Warm-up 5: 2.733 s/op
Warm-up 6: 2.727 s/op
Warm-up 7: 2.694 s/op
Warm-up 8: 2.722 s/op
Iteration 1: 2.726 s/op
Iteration 2: 2.704 s/op
Iteration 3: 2.710 s/op
Iteration 4: 2.743 s/op
Iteration 5: 2.789 s/op
Iteration 6: 2.809 s/op
Iteration 7: 2.711 s/op
Iteration 8: 2.715 s/op
Iteration 9: 2.706 s/op
Iteration 10: 2.720 s/op
Iteration 11: 2.722 s/op
Iteration 12: 2.712 s/op
Iteration 13: 2.482 s/op
Iteration 14: 2.475 s/op
Iteration 15: 2.463 s/op

Warm-up 1: 2.977 s/op
Warm-up 2: 2.962 s/op
Warm-up 3: 2.917 s/op
Warm-up 4: 2.920 s/op
Warm-up 5: 2.601 s/op
Warm-up 6: 2.586 s/op
Warm-up 7: 2.527 s/op
Warm-up 8: 2.524 s/op
Iteration 1: 2.523 s/op
Iteration 2: 2.559 s/op
Iteration 3: 2.542 s/op
Iteration 4: 2.540 s/op
Iteration 5: 2.589 s/op
Iteration 6: 2.597 s/op
Iteration 7: 2.584 s/op
Iteration 8: 2.581 s/op
Iteration 9: 2.575 s/op
Iteration 10: 2.603 s/op
Iteration 11: 2.607 s/op
Iteration 12: 2.767 s/op
Iteration 13: 2.766 s/op
Iteration 14: 2.819 s/op
Iteration 15: 2.610 s/op

  Success: 2.612 ±(99.9%) 0.053 s/op [Average]
  (min, avg, max) = (2.463, 2.612, 2.819), stdev = 0.101
  CI (99.9%): [2.559, 2.665] (assumes normal distribution)

… com.rafambn.kflate.benchmark.CompressionBenchmarks.rawDeflateCompression | corpus=Maltese.bmp, level=0

Warm-up 1: 0.008 s/op
Warm-up 2: 0.007 s/op
Warm-up 3: 0.008 s/op
Warm-up 4: 0.008 s/op
Warm-up 5: 0.008 s/op
Warm-up 6: 0.008 s/op
Warm-up 7: 0.008 s/op
Warm-up 8: 0.008 s/op
Iteration 1: 0.007 s/op
Iteration 2: 0.007 s/op
Iteration 3: 0.008 s/op
Iteration 4: 0.008 s/op
Iteration 5: 0.008 s/op
Iteration 6: 0.008 s/op
Iteration 7: 0.008 s/op
Iteration 8: 0.008 s/op
Iteration 9: 0.008 s/op
Iteration 10: 0.008 s/op
Iteration 11: 0.008 s/op
Iteration 12: 0.008 s/op
Iteration 13: 0.008 s/op
Iteration 14: 0.008 s/op
Iteration 15: 0.008 s/op

Warm-up 1: 0.008 s/op
Warm-up 2: 0.007 s/op
Warm-up 3: 0.008 s/op
Warm-up 4: 0.008 s/op
Warm-up 5: 0.008 s/op
Warm-up 6: 0.008 s/op
Warm-up 7: 0.008 s/op
Warm-up 8: 0.008 s/op
Iteration 1: 0.008 s/op
Iteration 2: 0.008 s/op
Iteration 3: 0.008 s/op
Iteration 4: 0.008 s/op
Iteration 5: 0.008 s/op
Iteration 6: 0.007 s/op
Iteration 7: 0.008 s/op
Iteration 8: 0.008 s/op
Iteration 9: 0.008 s/op
Iteration 10: 0.007 s/op
Iteration 11: 0.008 s/op
Iteration 12: 0.008 s/op
Iteration 13: 0.008 s/op
Iteration 14: 0.008 s/op
Iteration 15: 0.008 s/op

Warm-up 1: 0.008 s/op
Warm-up 2: 0.007 s/op
Warm-up 3: 0.008 s/op
Warm-up 4: 0.008 s/op
Warm-up 5: 0.008 s/op
Warm-up 6: 0.008 s/op
Warm-up 7: 0.008 s/op
Warm-up 8: 0.008 s/op
Iteration 1: 0.008 s/op
Iteration 2: 0.008 s/op
Iteration 3: 0.008 s/op
Iteration 4: 0.008 s/op
Iteration 5: 0.008 s/op
Iteration 6: 0.008 s/op
Iteration 7: 0.008 s/op
Iteration 8: 0.008 s/op
Iteration 9: 0.008 s/op
Iteration 10: 0.008 s/op
Iteration 11: 0.008 s/op
Iteration 12: 0.008 s/op
Iteration 13: 0.008 s/op
Iteration 14: 0.008 s/op
Iteration 15: 0.008 s/op

  Success: 0.008 ±(99.9%) 0.001 s/op [Average]
  (min, avg, max) = (0.007, 0.008, 0.008), stdev = 0.001
  CI (99.9%): [0.008, 0.008] (assumes normal distribution)

… com.rafambn.kflate.benchmark.CompressionBenchmarks.rawDeflateCompression | corpus=Maltese.bmp, level=1

Warm-up 1: 0.262 s/op
Warm-up 2: 0.250 s/op
Warm-up 3: 0.248 s/op
Warm-up 4: 0.249 s/op
Warm-up 5: 0.247 s/op
Warm-up 6: 0.247 s/op
Warm-up 7: 0.246 s/op
Warm-up 8: 0.246 s/op
Iteration 1: 0.245 s/op
Iteration 2: 0.246 s/op
Iteration 3: 0.246 s/op
Iteration 4: 0.246 s/op
Iteration 5: 0.254 s/op
Iteration 6: 0.250 s/op
Iteration 7: 0.248 s/op
Iteration 8: 0.249 s/op
Iteration 9: 0.247 s/op
Iteration 10: 0.247 s/op
Iteration 11: 0.247 s/op
Iteration 12: 0.247 s/op
Iteration 13: 0.258 s/op
Iteration 14: 0.254 s/op
Iteration 15: 0.252 s/op

Warm-up 1: 0.271 s/op
Warm-up 2: 0.257 s/op
Warm-up 3: 0.253 s/op
Warm-up 4: 0.254 s/op
Warm-up 5: 0.253 s/op
Warm-up 6: 0.253 s/op
Warm-up 7: 0.257 s/op
Warm-up 8: 0.259 s/op
Iteration 1: 0.255 s/op
Iteration 2: 0.253 s/op
Iteration 3: 0.253 s/op
Iteration 4: 0.253 s/op
Iteration 5: 0.254 s/op
Iteration 6: 0.253 s/op
Iteration 7: 0.252 s/op
Iteration 8: 0.252 s/op
Iteration 9: 0.254 s/op
Iteration 10: 0.259 s/op
Iteration 11: 0.256 s/op
Iteration 12: 0.255 s/op
Iteration 13: 0.257 s/op
Iteration 14: 0.258 s/op
Iteration 15: 0.261 s/op

Warm-up 1: 0.260 s/op
Warm-up 2: 0.246 s/op
Warm-up 3: 0.248 s/op
Warm-up 4: 0.246 s/op
Warm-up 5: 0.248 s/op
Warm-up 6: 0.244 s/op
Warm-up 7: 0.244 s/op
Warm-up 8: 0.246 s/op
Iteration 1: 0.246 s/op
Iteration 2: 0.248 s/op
Iteration 3: 0.248 s/op
Iteration 4: 0.247 s/op
Iteration 5: 0.248 s/op
Iteration 6: 0.247 s/op
Iteration 7: 0.248 s/op
Iteration 8: 0.247 s/op
Iteration 9: 0.246 s/op
Iteration 10: 0.246 s/op
Iteration 11: 0.248 s/op
Iteration 12: 0.248 s/op
Iteration 13: 0.246 s/op
Iteration 14: 0.246 s/op
Iteration 15: 0.246 s/op

  Success: 0.250 ±(99.9%) 0.002 s/op [Average]
  (min, avg, max) = (0.245, 0.250, 0.261), stdev = 0.004
  CI (99.9%): [0.248, 0.253] (assumes normal distribution)

… com.rafambn.kflate.benchmark.CompressionBenchmarks.rawDeflateCompression | corpus=Maltese.bmp, level=2

Warm-up 1: 0.318 s/op
Warm-up 2: 0.323 s/op
Warm-up 3: 0.321 s/op
Warm-up 4: 0.323 s/op
Warm-up 5: 0.319 s/op
Warm-up 6: 0.317 s/op
Warm-up 7: 0.320 s/op
Warm-up 8: 0.310 s/op
Iteration 1: 0.273 s/op
Iteration 2: 0.275 s/op
Iteration 3: 0.274 s/op
Iteration 4: 0.272 s/op
Iteration 5: 0.307 s/op
Iteration 6: 0.324 s/op
Iteration 7: 0.321 s/op
Iteration 8: 0.291 s/op
Iteration 9: 0.281 s/op
Iteration 10: 0.314 s/op
Iteration 11: 0.314 s/op
Iteration 12: 0.315 s/op
Iteration 13: 0.314 s/op
Iteration 14: 0.313 s/op
Iteration 15: 0.275 s/op

Warm-up 1: 0.341 s/op
Warm-up 2: 0.326 s/op
Warm-up 3: 0.319 s/op
Warm-up 4: 0.320 s/op
Warm-up 5: 0.317 s/op
Warm-up 6: 0.323 s/op
Warm-up 7: 0.319 s/op
Warm-up 8: 0.318 s/op
Iteration 1: 0.281 s/op
Iteration 2: 0.279 s/op
Iteration 3: 0.279 s/op
Iteration 4: 0.280 s/op
Iteration 5: 0.331 s/op
Iteration 6: 0.320 s/op
Iteration 7: 0.321 s/op
Iteration 8: 0.322 s/op
Iteration 9: 0.320 s/op
Iteration 10: 0.320 s/op
Iteration 11: 0.320 s/op
Iteration 12: 0.320 s/op
Iteration 13: 0.320 s/op
Iteration 14: 0.319 s/op
Iteration 15: 0.320 s/op

Warm-up 1: 0.339 s/op
Warm-up 2: 0.326 s/op
Warm-up 3: 0.326 s/op
Warm-up 4: 0.325 s/op
Warm-up 5: 0.323 s/op
Warm-up 6: 0.279 s/op
Warm-up 7: 0.299 s/op
Warm-up 8: 0.322 s/op
Iteration 1: 0.277 s/op
Iteration 2: 0.279 s/op
Iteration 3: 0.284 s/op
Iteration 4: 0.279 s/op
Iteration 5: 0.277 s/op
Iteration 6: 0.278 s/op
Iteration 7: 0.280 s/op
Iteration 8: 0.297 s/op
Iteration 9: 0.285 s/op
Iteration 10: 0.282 s/op
Iteration 11: 0.281 s/op
Iteration 12: 0.280 s/op
Iteration 13: 0.279 s/op
Iteration 14: 0.279 s/op
Iteration 15: 0.279 s/op

  Success: 0.296 ±(99.9%) 0.011 s/op [Average]
  (min, avg, max) = (0.272, 0.296, 0.331), stdev = 0.020
  CI (99.9%): [0.286, 0.307] (assumes normal distribution)

… com.rafambn.kflate.benchmark.CompressionBenchmarks.rawDeflateCompression | corpus=Maltese.bmp, level=3

Warm-up 1: 0.370 s/op
Warm-up 2: 0.358 s/op
Warm-up 3: 0.357 s/op
Warm-up 4: 0.358 s/op
Warm-up 5: 0.357 s/op
Warm-up 6: 0.358 s/op
Warm-up 7: 0.360 s/op
Warm-up 8: 0.357 s/op
Iteration 1: 0.353 s/op
Iteration 2: 0.352 s/op
Iteration 3: 0.357 s/op
Iteration 4: 0.359 s/op
Iteration 5: 0.363 s/op
Iteration 6: 0.360 s/op
Iteration 7: 0.319 s/op
Iteration 8: 0.306 s/op
Iteration 9: 0.307 s/op
Iteration 10: 0.306 s/op
Iteration 11: 0.307 s/op
Iteration 12: 0.308 s/op
Iteration 13: 0.309 s/op
Iteration 14: 0.309 s/op
Iteration 15: 0.311 s/op

Warm-up 1: 0.362 s/op
Warm-up 2: 0.350 s/op
Warm-up 3: 0.348 s/op
Warm-up 4: 0.352 s/op
Warm-up 5: 0.354 s/op
Warm-up 6: 0.356 s/op
Warm-up 7: 0.353 s/op
Warm-up 8: 0.353 s/op
Iteration 1: 0.346 s/op
Iteration 2: 0.349 s/op
Iteration 3: 0.349 s/op
Iteration 4: 0.349 s/op
Iteration 5: 0.347 s/op
Iteration 6: 0.347 s/op
Iteration 7: 0.348 s/op
Iteration 8: 0.349 s/op
Iteration 9: 0.352 s/op
Iteration 10: 0.354 s/op
Iteration 11: 0.316 s/op
Iteration 12: 0.307 s/op
Iteration 13: 0.306 s/op
Iteration 14: 0.334 s/op
Iteration 15: 0.355 s/op

Warm-up 1: 0.370 s/op
Warm-up 2: 0.355 s/op
Warm-up 3: 0.355 s/op
Warm-up 4: 0.352 s/op
Warm-up 5: 0.319 s/op
Warm-up 6: 0.315 s/op
Warm-up 7: 0.358 s/op
Warm-up 8: 0.353 s/op
Iteration 1: 0.353 s/op
Iteration 2: 0.357 s/op
Iteration 3: 0.354 s/op
Iteration 4: 0.338 s/op
Iteration 5: 0.305 s/op
Iteration 6: 0.307 s/op
Iteration 7: 0.317 s/op
Iteration 8: 0.352 s/op
Iteration 9: 0.351 s/op
Iteration 10: 0.351 s/op
Iteration 11: 0.354 s/op
Iteration 12: 0.349 s/op
Iteration 13: 0.334 s/op
Iteration 14: 0.305 s/op
Iteration 15: 0.306 s/op

  Success: 0.335 ±(99.9%) 0.011 s/op [Average]
  (min, avg, max) = (0.305, 0.335, 0.363), stdev = 0.021
  CI (99.9%): [0.324, 0.346] (assumes normal distribution)

… com.rafambn.kflate.benchmark.CompressionBenchmarks.rawDeflateCompression | corpus=Maltese.bmp, level=4

Warm-up 1: 0.347 s/op
Warm-up 2: 0.342 s/op
Warm-up 3: 0.339 s/op
Warm-up 4: 0.340 s/op
Warm-up 5: 0.342 s/op
Warm-up 6: 0.340 s/op
Warm-up 7: 0.340 s/op
Warm-up 8: 0.339 s/op
Iteration 1: 0.341 s/op
Iteration 2: 0.339 s/op
Iteration 3: 0.371 s/op
Iteration 4: 0.394 s/op
Iteration 5: 0.356 s/op
Iteration 6: 0.338 s/op
Iteration 7: 0.340 s/op
Iteration 8: 0.339 s/op
Iteration 9: 0.353 s/op
Iteration 10: 0.394 s/op
Iteration 11: 0.356 s/op
Iteration 12: 0.398 s/op
Iteration 13: 0.393 s/op
Iteration 14: 0.392 s/op
Iteration 15: 0.398 s/op

Warm-up 1: 0.406 s/op
Warm-up 2: 0.389 s/op
Warm-up 3: 0.387 s/op
Warm-up 4: 0.387 s/op
Warm-up 5: 0.387 s/op
Warm-up 6: 0.388 s/op
Warm-up 7: 0.382 s/op
Warm-up 8: 0.382 s/op
Iteration 1: 0.381 s/op
Iteration 2: 0.381 s/op
Iteration 3: 0.386 s/op
Iteration 4: 0.381 s/op
Iteration 5: 0.381 s/op
Iteration 6: 0.381 s/op
Iteration 7: 0.380 s/op
Iteration 8: 0.380 s/op
Iteration 9: 0.379 s/op
Iteration 10: 0.378 s/op
Iteration 11: 0.379 s/op
Iteration 12: 0.379 s/op
Iteration 13: 0.379 s/op
Iteration 14: 0.378 s/op
Iteration 15: 0.385 s/op

Warm-up 1: 0.361 s/op
Warm-up 2: 0.388 s/op
Warm-up 3: 0.366 s/op
Warm-up 4: 0.363 s/op
Warm-up 5: 0.386 s/op
Warm-up 6: 0.394 s/op
Warm-up 7: 0.381 s/op
Warm-up 8: 0.383 s/op
Iteration 1: 0.403 s/op
Iteration 2: 0.380 s/op
Iteration 3: 0.382 s/op
Iteration 4: 0.382 s/op
Iteration 5: 0.382 s/op
Iteration 6: 0.398 s/op
Iteration 7: 0.388 s/op
Iteration 8: 0.382 s/op
Iteration 9: 0.385 s/op
Iteration 10: 0.384 s/op
Iteration 11: 0.384 s/op
Iteration 12: 0.381 s/op
Iteration 13: 0.382 s/op
Iteration 14: 0.381 s/op
Iteration 15: 0.363 s/op

  Success: 0.377 ±(99.9%) 0.009 s/op [Average]
  (min, avg, max) = (0.338, 0.377, 0.403), stdev = 0.017
  CI (99.9%): [0.368, 0.386] (assumes normal distribution)

… com.rafambn.kflate.benchmark.CompressionBenchmarks.rawDeflateCompression | corpus=Maltese.bmp, level=5

Warm-up 1: 0.450 s/op
Warm-up 2: 0.443 s/op
Warm-up 3: 0.448 s/op
Warm-up 4: 0.449 s/op
Warm-up 5: 0.448 s/op
Warm-up 6: 0.445 s/op
Warm-up 7: 0.485 s/op
Warm-up 8: 0.510 s/op
Iteration 1: 0.519 s/op
Iteration 2: 0.514 s/op
Iteration 3: 0.518 s/op
Iteration 4: 0.510 s/op
Iteration 5: 0.507 s/op
Iteration 6: 0.505 s/op
Iteration 7: 0.506 s/op
Iteration 8: 0.504 s/op
Iteration 9: 0.504 s/op
Iteration 10: 0.504 s/op
Iteration 11: 0.440 s/op
Iteration 12: 0.440 s/op
Iteration 13: 0.441 s/op
Iteration 14: 0.440 s/op
Iteration 15: 0.439 s/op

Warm-up 1: 0.441 s/op
Warm-up 2: 0.428 s/op
Warm-up 3: 0.427 s/op
Warm-up 4: 0.430 s/op
Warm-up 5: 0.430 s/op
Warm-up 6: 0.429 s/op
Warm-up 7: 0.426 s/op
Warm-up 8: 0.426 s/op
Iteration 1: 0.428 s/op
Iteration 2: 0.427 s/op
Iteration 3: 0.433 s/op
Iteration 4: 0.430 s/op
Iteration 5: 0.426 s/op
Iteration 6: 0.427 s/op
Iteration 7: 0.431 s/op
Iteration 8: 0.447 s/op
Iteration 9: 0.429 s/op
Iteration 10: 0.427 s/op
Iteration 11: 0.428 s/op
Iteration 12: 0.430 s/op
Iteration 13: 0.430 s/op
Iteration 14: 0.429 s/op
Iteration 15: 0.428 s/op

Warm-up 1: 0.513 s/op
Warm-up 2: 0.497 s/op
Warm-up 3: 0.502 s/op
Warm-up 4: 0.505 s/op
Warm-up 5: 0.503 s/op
Warm-up 6: 0.507 s/op
Warm-up 7: 0.492 s/op
Warm-up 8: 0.494 s/op
Iteration 1: 0.492 s/op
Iteration 2: 0.468 s/op
Iteration 3: 0.427 s/op
Iteration 4: 0.467 s/op
Iteration 5: 0.492 s/op
Iteration 6: 0.491 s/op
Iteration 7: 0.499 s/op
Iteration 8: 0.497 s/op
Iteration 9: 0.499 s/op
Iteration 10: 0.506 s/op
Iteration 11: 0.495 s/op
Iteration 12: 0.491 s/op
Iteration 13: 0.496 s/op
Iteration 14: 0.491 s/op
Iteration 15: 0.487 s/op

  Success: 0.468 ±(99.9%) 0.018 s/op [Average]
  (min, avg, max) = (0.426, 0.468, 0.519), stdev = 0.035
  CI (99.9%): [0.449, 0.486] (assumes normal distribution)

… com.rafambn.kflate.benchmark.CompressionBenchmarks.rawDeflateCompression | corpus=Maltese.bmp, level=6

Warm-up 1: 0.446 s/op
Warm-up 2: 0.441 s/op
Warm-up 3: 0.443 s/op
Warm-up 4: 0.442 s/op
Warm-up 5: 0.442 s/op
Warm-up 6: 0.449 s/op
Warm-up 7: 0.443 s/op
Warm-up 8: 0.444 s/op
Iteration 1: 0.449 s/op
Iteration 2: 0.441 s/op
Iteration 3: 0.444 s/op
Iteration 4: 0.446 s/op
Iteration 5: 0.449 s/op
Iteration 6: 0.449 s/op
Iteration 7: 0.444 s/op
Iteration 8: 0.446 s/op
Iteration 9: 0.441 s/op
Iteration 10: 0.447 s/op
Iteration 11: 0.451 s/op
Iteration 12: 0.456 s/op
Iteration 13: 0.461 s/op
Iteration 14: 0.451 s/op
Iteration 15: 0.449 s/op

Warm-up 1: 0.474 s/op
Warm-up 2: 0.464 s/op
Warm-up 3: 0.460 s/op
Warm-up 4: 0.455 s/op
Warm-up 5: 0.484 s/op
Warm-up 6: 0.461 s/op
Warm-up 7: 0.492 s/op
Warm-up 8: 0.515 s/op
Iteration 1: 0.528 s/op
Iteration 2: 0.518 s/op
Iteration 3: 0.514 s/op
Iteration 4: 0.514 s/op
Iteration 5: 0.459 s/op
Iteration 6: 0.461 s/op
Iteration 7: 0.460 s/op
Iteration 8: 0.457 s/op
Iteration 9: 0.455 s/op
Iteration 10: 0.456 s/op
Iteration 11: 0.513 s/op
Iteration 12: 0.529 s/op
Iteration 13: 0.520 s/op
Iteration 14: 0.517 s/op
Iteration 15: 0.522 s/op

Warm-up 1: 0.460 s/op
Warm-up 2: 0.452 s/op
Warm-up 3: 0.486 s/op
Warm-up 4: 0.514 s/op
Warm-up 5: 0.508 s/op
Warm-up 6: 0.507 s/op
Warm-up 7: 0.506 s/op
Warm-up 8: 0.507 s/op
Iteration 1: 0.506 s/op
Iteration 2: 0.505 s/op
Iteration 3: 0.503 s/op
Iteration 4: 0.509 s/op
Iteration 5: 0.513 s/op
Iteration 6: 0.518 s/op
Iteration 7: 0.500 s/op
Iteration 8: 0.503 s/op
Iteration 9: 0.502 s/op
Iteration 10: 0.508 s/op
Iteration 11: 0.507 s/op
Iteration 12: 0.504 s/op
Iteration 13: 0.502 s/op
Iteration 14: 0.502 s/op
Iteration 15: 0.502 s/op

  Success: 0.483 ±(99.9%) 0.016 s/op [Average]
  (min, avg, max) = (0.441, 0.483, 0.529), stdev = 0.031
  CI (99.9%): [0.467, 0.499] (assumes normal distribution)

… com.rafambn.kflate.benchmark.CompressionBenchmarks.rawDeflateCompression | corpus=Maltese.bmp, level=7

Warm-up 1: 0.456 s/op
Warm-up 2: 0.485 s/op
Warm-up 3: 0.443 s/op
Warm-up 4: 0.442 s/op
Warm-up 5: 0.446 s/op
Warm-up 6: 0.442 s/op
Warm-up 7: 0.449 s/op
Warm-up 8: 0.446 s/op
Iteration 1: 0.444 s/op
Iteration 2: 0.444 s/op
Iteration 3: 0.445 s/op
Iteration 4: 0.445 s/op
Iteration 5: 0.445 s/op
Iteration 6: 0.444 s/op
Iteration 7: 0.444 s/op
Iteration 8: 0.444 s/op
Iteration 9: 0.444 s/op
Iteration 10: 0.447 s/op
Iteration 11: 0.497 s/op
Iteration 12: 0.524 s/op
Iteration 13: 0.521 s/op
Iteration 14: 0.520 s/op
Iteration 15: 0.516 s/op

Warm-up 1: 0.472 s/op
Warm-up 2: 0.456 s/op
Warm-up 3: 0.452 s/op
Warm-up 4: 0.450 s/op
Warm-up 5: 0.452 s/op
Warm-up 6: 0.452 s/op
Warm-up 7: 0.452 s/op
Warm-up 8: 0.451 s/op
Iteration 1: 0.458 s/op
Iteration 2: 0.457 s/op
Iteration 3: 0.457 s/op
Iteration 4: 0.450 s/op
Iteration 5: 0.457 s/op
Iteration 6: 0.450 s/op
Iteration 7: 0.451 s/op
Iteration 8: 0.449 s/op
Iteration 9: 0.451 s/op
Iteration 10: 0.452 s/op
Iteration 11: 0.453 s/op
Iteration 12: 0.454 s/op
Iteration 13: 0.458 s/op
Iteration 14: 0.462 s/op
Iteration 15: 0.465 s/op

Warm-up 1: 0.525 s/op
Warm-up 2: 0.512 s/op
Warm-up 3: 0.512 s/op
Warm-up 4: 0.509 s/op
Warm-up 5: 0.504 s/op
Warm-up 6: 0.514 s/op
Warm-up 7: 0.516 s/op
Warm-up 8: 0.511 s/op
Iteration 1: 0.515 s/op
Iteration 2: 0.519 s/op
Iteration 3: 0.519 s/op
Iteration 4: 0.510 s/op
Iteration 5: 0.511 s/op
Iteration 6: 0.513 s/op
Iteration 7: 0.514 s/op
Iteration 8: 0.507 s/op
Iteration 9: 0.506 s/op
Iteration 10: 0.507 s/op
Iteration 11: 0.507 s/op
Iteration 12: 0.508 s/op
Iteration 13: 0.508 s/op
Iteration 14: 0.505 s/op
Iteration 15: 0.507 s/op

  Success: 0.478 ±(99.9%) 0.016 s/op [Average]
  (min, avg, max) = (0.444, 0.478, 0.524), stdev = 0.031
  CI (99.9%): [0.461, 0.494] (assumes normal distribution)

… com.rafambn.kflate.benchmark.CompressionBenchmarks.rawDeflateCompression | corpus=Maltese.bmp, level=8

Warm-up 1: 0.530 s/op
Warm-up 2: 0.522 s/op
Warm-up 3: 0.523 s/op
Warm-up 4: 0.534 s/op
Warm-up 5: 0.528 s/op
Warm-up 6: 0.520 s/op
Warm-up 7: 0.523 s/op
Warm-up 8: 0.518 s/op
Iteration 1: 0.516 s/op
Iteration 2: 0.517 s/op
Iteration 3: 0.518 s/op
Iteration 4: 0.518 s/op
Iteration 5: 0.520 s/op
Iteration 6: 0.522 s/op
Iteration 7: 0.525 s/op
Iteration 8: 0.520 s/op
Iteration 9: 0.522 s/op
Iteration 10: 0.519 s/op
Iteration 11: 0.519 s/op
Iteration 12: 0.518 s/op
Iteration 13: 0.538 s/op
Iteration 14: 0.512 s/op
Iteration 15: 0.517 s/op

Warm-up 1: 0.541 s/op
Warm-up 2: 0.522 s/op
Warm-up 3: 0.529 s/op
Warm-up 4: 0.522 s/op
Warm-up 5: 0.519 s/op
Warm-up 6: 0.525 s/op
Warm-up 7: 0.526 s/op
Warm-up 8: 0.519 s/op
Iteration 1: 0.517 s/op
Iteration 2: 0.470 s/op
Iteration 3: 0.447 s/op
Iteration 4: 0.450 s/op
Iteration 5: 0.447 s/op
Iteration 6: 0.446 s/op
Iteration 7: 0.446 s/op
Iteration 8: 0.445 s/op
Iteration 9: 0.445 s/op
Iteration 10: 0.494 s/op
Iteration 11: 0.524 s/op
Iteration 12: 0.515 s/op
Iteration 13: 0.514 s/op
Iteration 14: 0.515 s/op
Iteration 15: 0.516 s/op

Warm-up 1: 0.526 s/op
Warm-up 2: 0.507 s/op
Warm-up 3: 0.455 s/op
Warm-up 4: 0.459 s/op
Warm-up 5: 0.460 s/op
Warm-up 6: 0.459 s/op
Warm-up 7: 0.456 s/op
Warm-up 8: 0.457 s/op
Iteration 1: 0.457 s/op
Iteration 2: 0.458 s/op
Iteration 3: 0.450 s/op
Iteration 4: 0.456 s/op
Iteration 5: 0.453 s/op
Iteration 6: 0.451 s/op
Iteration 7: 0.454 s/op
Iteration 8: 0.454 s/op
Iteration 9: 0.454 s/op
Iteration 10: 0.459 s/op
Iteration 11: 0.454 s/op
Iteration 12: 0.452 s/op
Iteration 13: 0.450 s/op
Iteration 14: 0.462 s/op
Iteration 15: 0.461 s/op

  Success: 0.485 ±(99.9%) 0.018 s/op [Average]
  (min, avg, max) = (0.445, 0.485, 0.538), stdev = 0.034
  CI (99.9%): [0.467, 0.502] (assumes normal distribution)

… com.rafambn.kflate.benchmark.CompressionBenchmarks.rawDeflateCompression | corpus=Maltese.bmp, level=9

Warm-up 1: 1.268 s/op
Warm-up 2: 1.487 s/op
Warm-up 3: 1.481 s/op
Warm-up 4: 1.477 s/op
Warm-up 5: 1.471 s/op
Warm-up 6: 1.465 s/op
Warm-up 7: 1.241 s/op
Warm-up 8: 1.243 s/op
Iteration 1: 1.447 s/op
Iteration 2: 1.444 s/op
Iteration 3: 1.478 s/op
Iteration 4: 1.499 s/op
Iteration 5: 1.489 s/op
Iteration 6: 1.468 s/op
Iteration 7: 1.468 s/op
Iteration 8: 1.475 s/op
Iteration 9: 1.466 s/op
Iteration 10: 1.458 s/op
Iteration 11: 1.462 s/op
Iteration 12: 1.459 s/op
Iteration 13: 1.487 s/op
Iteration 14: 1.258 s/op
Iteration 15: 1.266 s/op

Warm-up 1: 1.479 s/op
Warm-up 2: 1.472 s/op
Warm-up 3: 1.471 s/op
Warm-up 4: 1.478 s/op
Warm-up 5: 1.474 s/op
Warm-up 6: 1.474 s/op
Warm-up 7: 1.468 s/op
Warm-up 8: 1.456 s/op
Iteration 1: 1.454 s/op
Iteration 2: 1.460 s/op
Iteration 3: 1.467 s/op
Iteration 4: 1.460 s/op
Iteration 5: 1.473 s/op
Iteration 6: 1.258 s/op
Iteration 7: 1.310 s/op
Iteration 8: 1.452 s/op
Iteration 9: 1.498 s/op
Iteration 10: 1.455 s/op
Iteration 11: 1.444 s/op
Iteration 12: 1.469 s/op
Iteration 13: 1.527 s/op
Iteration 14: 1.244 s/op
Iteration 15: 1.251 s/op

Warm-up 1: 1.457 s/op
Warm-up 2: 1.448 s/op
Warm-up 3: 1.273 s/op
Warm-up 4: 1.282 s/op
Warm-up 5: 1.337 s/op
Warm-up 6: 1.286 s/op
Warm-up 7: 1.286 s/op
Warm-up 8: 1.263 s/op
Iteration 1: 1.259 s/op
Iteration 2: 1.272 s/op
Iteration 3: 1.260 s/op
Iteration 4: 1.283 s/op
Iteration 5: 1.272 s/op
Iteration 6: 1.275 s/op
Iteration 7: 1.270 s/op
Iteration 8: 1.264 s/op
Iteration 9: 1.252 s/op
Iteration 10: 1.259 s/op
Iteration 11: 1.281 s/op
Iteration 12: 1.261 s/op
Iteration 13: 1.254 s/op
Iteration 14: 1.252 s/op
Iteration 15: 1.254 s/op

  Success: 1.374 ±(99.9%) 0.055 s/op [Average]
  (min, avg, max) = (1.244, 1.374, 1.527), stdev = 0.105
  CI (99.9%): [1.319, 1.429] (assumes normal distribution)

… com.rafambn.kflate.benchmark.CompressionBenchmarks.rawDeflateCompression | corpus=Sunrise.bmp, level=0

Warm-up 1: 0.024 s/op
Warm-up 2: 0.024 s/op
Warm-up 3: 0.024 s/op
Warm-up 4: 0.024 s/op
Warm-up 5: 0.025 s/op
Warm-up 6: 0.025 s/op
Warm-up 7: 0.024 s/op
Warm-up 8: 0.024 s/op
Iteration 1: 0.024 s/op
Iteration 2: 0.024 s/op
Iteration 3: 0.025 s/op
Iteration 4: 0.025 s/op
Iteration 5: 0.024 s/op
Iteration 6: 0.025 s/op
Iteration 7: 0.024 s/op
Iteration 8: 0.026 s/op
Iteration 9: 0.024 s/op
Iteration 10: 0.024 s/op
Iteration 11: 0.024 s/op
Iteration 12: 0.025 s/op
Iteration 13: 0.025 s/op
Iteration 14: 0.025 s/op
Iteration 15: 0.026 s/op

Warm-up 1: 0.024 s/op
Warm-up 2: 0.024 s/op
Warm-up 3: 0.025 s/op
Warm-up 4: 0.024 s/op
Warm-up 5: 0.025 s/op
Warm-up 6: 0.027 s/op
Warm-up 7: 0.024 s/op
Warm-up 8: 0.024 s/op
Iteration 1: 0.025 s/op
Iteration 2: 0.024 s/op
Iteration 3: 0.024 s/op
Iteration 4: 0.025 s/op
Iteration 5: 0.025 s/op
Iteration 6: 0.024 s/op
Iteration 7: 0.025 s/op
Iteration 8: 0.027 s/op
Iteration 9: 0.027 s/op
Iteration 10: 0.027 s/op
Iteration 11: 0.026 s/op
Iteration 12: 0.026 s/op
Iteration 13: 0.026 s/op
Iteration 14: 0.026 s/op
Iteration 15: 0.026 s/op

Warm-up 1: 0.026 s/op
Warm-up 2: 0.025 s/op
Warm-up 3: 0.025 s/op
Warm-up 4: 0.025 s/op
Warm-up 5: 0.027 s/op
Warm-up 6: 0.026 s/op
Warm-up 7: 0.026 s/op
Warm-up 8: 0.026 s/op
Iteration 1: 0.026 s/op
Iteration 2: 0.026 s/op
Iteration 3: 0.026 s/op
Iteration 4: 0.026 s/op
Iteration 5: 0.026 s/op
Iteration 6: 0.026 s/op
Iteration 7: 0.026 s/op
Iteration 8: 0.026 s/op
Iteration 9: 0.026 s/op
Iteration 10: 0.026 s/op
Iteration 11: 0.026 s/op
Iteration 12: 0.026 s/op
Iteration 13: 0.026 s/op
Iteration 14: 0.026 s/op
Iteration 15: 0.026 s/op

  Success: 0.025 ±(99.9%) 0.001 s/op [Average]
  (min, avg, max) = (0.024, 0.025, 0.027), stdev = 0.001
  CI (99.9%): [0.025, 0.026] (assumes normal distribution)

… com.rafambn.kflate.benchmark.CompressionBenchmarks.rawDeflateCompression | corpus=Sunrise.bmp, level=1

Warm-up 1: 0.939 s/op
Warm-up 2: 0.930 s/op
Warm-up 3: 0.915 s/op
Warm-up 4: 0.928 s/op
Warm-up 5: 0.907 s/op
Warm-up 6: 0.899 s/op
Warm-up 7: 0.839 s/op
Warm-up 8: 0.908 s/op
Iteration 1: 0.783 s/op
Iteration 2: 0.838 s/op
Iteration 3: 0.937 s/op
Iteration 4: 0.884 s/op
Iteration 5: 0.921 s/op
Iteration 6: 0.910 s/op
Iteration 7: 0.910 s/op
Iteration 8: 0.912 s/op
Iteration 9: 0.939 s/op
Iteration 10: 0.926 s/op
Iteration 11: 0.941 s/op
Iteration 12: 0.943 s/op
Iteration 13: 0.937 s/op
Iteration 14: 0.872 s/op
Iteration 15: 0.823 s/op

Warm-up 1: 0.829 s/op
Warm-up 2: 0.844 s/op
Warm-up 3: 0.776 s/op
Warm-up 4: 0.773 s/op
Warm-up 5: 0.774 s/op
Warm-up 6: 0.771 s/op
Warm-up 7: 0.779 s/op
Warm-up 8: 0.778 s/op
Iteration 1: 0.776 s/op
Iteration 2: 0.770 s/op
Iteration 3: 0.860 s/op
Iteration 4: 0.772 s/op
Iteration 5: 0.790 s/op
Iteration 6: 0.788 s/op
Iteration 7: 0.777 s/op
Iteration 8: 0.774 s/op
Iteration 9: 0.771 s/op
Iteration 10: 0.768 s/op
Iteration 11: 0.786 s/op
Iteration 12: 0.786 s/op
Iteration 13: 0.788 s/op
Iteration 14: 0.787 s/op
Iteration 15: 0.787 s/op

Warm-up 1: 0.857 s/op
Warm-up 2: 0.822 s/op
Warm-up 3: 0.824 s/op
Warm-up 4: 0.820 s/op
Warm-up 5: 0.821 s/op
Warm-up 6: 0.821 s/op
Warm-up 7: 0.813 s/op
Warm-up 8: 0.861 s/op
Iteration 1: 0.879 s/op
Iteration 2: 0.886 s/op
Iteration 3: 0.874 s/op
Iteration 4: 0.835 s/op
Iteration 5: 0.907 s/op
Iteration 6: 0.972 s/op
Iteration 7: 0.951 s/op
Iteration 8: 0.955 s/op
Iteration 9: 0.819 s/op
Iteration 10: 0.812 s/op
Iteration 11: 0.800 s/op
Iteration 12: 0.807 s/op
Iteration 13: 0.812 s/op
Iteration 14: 0.800 s/op
Iteration 15: 0.804 s/op

  Success: 0.848 ±(99.9%) 0.035 s/op [Average]
  (min, avg, max) = (0.768, 0.848, 0.972), stdev = 0.066
  CI (99.9%): [0.813, 0.883] (assumes normal distribution)

… com.rafambn.kflate.benchmark.CompressionBenchmarks.rawDeflateCompression | corpus=Sunrise.bmp, level=2

Warm-up 1: 1.226 s/op
Warm-up 2: 1.187 s/op
Warm-up 3: 1.188 s/op
Warm-up 4: 1.002 s/op
Warm-up 5: 1.005 s/op
Warm-up 6: 1.169 s/op
Warm-up 7: 1.159 s/op
Warm-up 8: 1.006 s/op
Iteration 1: 1.166 s/op
Iteration 2: 1.169 s/op
Iteration 3: 0.998 s/op
Iteration 4: 1.004 s/op
Iteration 5: 1.002 s/op
Iteration 6: 1.003 s/op
Iteration 7: 1.000 s/op
Iteration 8: 1.012 s/op
Iteration 9: 1.025 s/op
Iteration 10: 1.014 s/op
Iteration 11: 1.062 s/op
Iteration 12: 1.021 s/op
Iteration 13: 1.187 s/op
Iteration 14: 1.090 s/op
Iteration 15: 1.031 s/op

Warm-up 1: 1.245 s/op
Warm-up 2: 1.073 s/op
Warm-up 3: 1.048 s/op
Warm-up 4: 1.048 s/op
Warm-up 5: 1.210 s/op
Warm-up 6: 1.255 s/op
Warm-up 7: 1.210 s/op
Warm-up 8: 1.156 s/op
Iteration 1: 1.166 s/op
Iteration 2: 1.221 s/op
Iteration 3: 1.196 s/op
Iteration 4: 1.264 s/op
Iteration 5: 1.176 s/op
Iteration 6: 1.168 s/op
Iteration 7: 1.181 s/op
Iteration 8: 1.226 s/op
Iteration 9: 1.222 s/op
Iteration 10: 1.199 s/op
Iteration 11: 1.170 s/op
Iteration 12: 1.179 s/op
Iteration 13: 1.217 s/op
Iteration 14: 1.257 s/op
Iteration 15: 1.243 s/op

Warm-up 1: 1.170 s/op
Warm-up 2: 0.986 s/op
Warm-up 3: 1.101 s/op
Warm-up 4: 1.091 s/op
Warm-up 5: 1.096 s/op
Warm-up 6: 1.102 s/op
Warm-up 7: 1.068 s/op
Warm-up 8: 1.070 s/op
Iteration 1: 1.067 s/op
Iteration 2: 1.075 s/op
Iteration 3: 1.075 s/op
Iteration 4: 1.078 s/op
Iteration 5: 1.087 s/op
Iteration 6: 1.081 s/op
Iteration 7: 1.080 s/op
Iteration 8: 1.118 s/op
Iteration 9: 1.069 s/op
Iteration 10: 1.068 s/op
Iteration 11: 1.068 s/op
Iteration 12: 1.102 s/op
Iteration 13: 0.968 s/op
Iteration 14: 1.066 s/op
Iteration 15: 1.076 s/op

  Success: 1.110 ±(99.9%) 0.044 s/op [Average]
  (min, avg, max) = (0.968, 1.110, 1.264), stdev = 0.083
  CI (99.9%): [1.066, 1.154] (assumes normal distribution)

… com.rafambn.kflate.benchmark.CompressionBenchmarks.rawDeflateCompression | corpus=Sunrise.bmp, level=3

Warm-up 1: 1.082 s/op
Warm-up 2: 1.060 s/op
Warm-up 3: 1.064 s/op
Warm-up 4: 1.058 s/op
Warm-up 5: 1.057 s/op
Warm-up 6: 1.045 s/op
Warm-up 7: 1.035 s/op
Warm-up 8: 1.035 s/op
Iteration 1: 1.043 s/op
Iteration 2: 1.054 s/op
Iteration 3: 1.046 s/op
Iteration 4: 1.036 s/op
Iteration 5: 1.035 s/op
Iteration 6: 1.037 s/op
Iteration 7: 1.038 s/op
Iteration 8: 1.039 s/op
Iteration 9: 1.039 s/op
Iteration 10: 1.030 s/op
Iteration 11: 1.029 s/op
Iteration 12: 1.029 s/op
Iteration 13: 1.031 s/op
Iteration 14: 1.033 s/op
Iteration 15: 1.033 s/op

Warm-up 1: 1.261 s/op
Warm-up 2: 1.229 s/op
Warm-up 3: 1.229 s/op
Warm-up 4: 1.229 s/op
Warm-up 5: 1.227 s/op
Warm-up 6: 1.234 s/op
Warm-up 7: 1.237 s/op
Warm-up 8: 1.268 s/op
Iteration 1: 1.234 s/op
Iteration 2: 1.232 s/op
Iteration 3: 1.215 s/op
Iteration 4: 1.216 s/op
Iteration 5: 1.243 s/op
Iteration 6: 1.221 s/op
Iteration 7: 1.258 s/op
Iteration 8: 1.225 s/op
Iteration 9: 1.218 s/op
Iteration 10: 1.216 s/op
Iteration 11: 1.218 s/op
Iteration 12: 1.228 s/op
Iteration 13: 1.229 s/op
Iteration 14: 1.041 s/op
Iteration 15: 1.043 s/op

Warm-up 1: 1.198 s/op
Warm-up 2: 1.166 s/op
Warm-up 3: 1.163 s/op
Warm-up 4: 1.202 s/op
Warm-up 5: 1.215 s/op
Warm-up 6: 1.199 s/op
Warm-up 7: 1.174 s/op
Warm-up 8: 1.265 s/op
Iteration 1: 1.296 s/op
Iteration 2: 1.177 s/op
Iteration 3: 1.170 s/op
Iteration 4: 1.437 s/op
Iteration 5: 1.393 s/op
Iteration 6: 1.174 s/op
Iteration 7: 1.175 s/op
Iteration 8: 1.175 s/op
Iteration 9: 1.365 s/op
Iteration 10: 1.358 s/op
Iteration 11: 1.352 s/op
Iteration 12: 1.336 s/op
Iteration 13: 1.153 s/op
Iteration 14: 1.322 s/op
Iteration 15: 1.332 s/op

  Success: 1.173 ±(99.9%) 0.065 s/op [Average]
  (min, avg, max) = (1.029, 1.173, 1.437), stdev = 0.123
  CI (99.9%): [1.109, 1.238] (assumes normal distribution)

… com.rafambn.kflate.benchmark.CompressionBenchmarks.rawDeflateCompression | corpus=Sunrise.bmp, level=4

Warm-up 1: 1.534 s/op
Warm-up 2: 1.489 s/op
Warm-up 3: 1.479 s/op
Warm-up 4: 1.468 s/op
Warm-up 5: 1.469 s/op
Warm-up 6: 1.468 s/op
Warm-up 7: 1.469 s/op
Warm-up 8: 1.499 s/op
Iteration 1: 1.500 s/op
Iteration 2: 1.507 s/op
Iteration 3: 1.469 s/op
Iteration 4: 1.475 s/op
Iteration 5: 1.469 s/op
Iteration 6: 1.521 s/op
Iteration 7: 1.510 s/op
Iteration 8: 1.329 s/op
Iteration 9: 1.295 s/op
Iteration 10: 1.311 s/op
Iteration 11: 1.615 s/op
Iteration 12: 1.515 s/op
Iteration 13: 1.505 s/op
Iteration 14: 1.555 s/op
Iteration 15: 1.529 s/op

Warm-up 1: 1.152 s/op
Warm-up 2: 1.179 s/op
Warm-up 3: 1.195 s/op
Warm-up 4: 1.196 s/op
Warm-up 5: 1.187 s/op
Warm-up 6: 1.184 s/op
Warm-up 7: 1.183 s/op
Warm-up 8: 1.175 s/op
Iteration 1: 1.172 s/op
Iteration 2: 1.188 s/op
Iteration 3: 1.209 s/op
Iteration 4: 1.188 s/op
Iteration 5: 1.196 s/op
Iteration 6: 1.185 s/op
Iteration 7: 1.218 s/op
Iteration 8: 1.203 s/op
Iteration 9: 1.190 s/op
Iteration 10: 1.237 s/op
Iteration 11: 1.227 s/op
Iteration 12: 1.202 s/op
Iteration 13: 1.216 s/op
Iteration 14: 1.216 s/op
Iteration 15: 1.231 s/op

Warm-up 1: 1.531 s/op
Warm-up 2: 1.547 s/op
Warm-up 3: 1.519 s/op
Warm-up 4: 1.494 s/op
Warm-up 5: 1.513 s/op
Warm-up 6: 1.526 s/op
Warm-up 7: 1.498 s/op
Warm-up 8: 1.497 s/op
Iteration 1: 1.523 s/op
Iteration 2: 1.527 s/op
Iteration 3: 1.500 s/op
Iteration 4: 1.293 s/op
Iteration 5: 1.516 s/op
Iteration 6: 1.533 s/op
Iteration 7: 1.512 s/op
Iteration 8: 1.502 s/op
Iteration 9: 1.493 s/op
Iteration 10: 1.515 s/op
Iteration 11: 1.513 s/op
Iteration 12: 1.518 s/op
Iteration 13: 1.317 s/op
Iteration 14: 1.320 s/op
Iteration 15: 1.303 s/op

  Success: 1.379 ±(99.9%) 0.076 s/op [Average]
  (min, avg, max) = (1.172, 1.379, 1.615), stdev = 0.146
  CI (99.9%): [1.303, 1.456] (assumes normal distribution)

… com.rafambn.kflate.benchmark.CompressionBenchmarks.rawDeflateCompression | corpus=Sunrise.bmp, level=5

Warm-up 1: 1.853 s/op
Warm-up 2: 1.874 s/op
Warm-up 3: 1.873 s/op
Warm-up 4: 1.788 s/op
Warm-up 5: 1.783 s/op
Warm-up 6: 1.800 s/op
Warm-up 7: 1.909 s/op
Warm-up 8: 1.804 s/op
Iteration 1: 1.844 s/op
Iteration 2: 1.827 s/op
Iteration 3: 1.820 s/op
Iteration 4: 1.820 s/op
Iteration 5: 1.816 s/op
Iteration 6: 1.565 s/op
Iteration 7: 1.545 s/op
Iteration 8: 1.546 s/op
Iteration 9: 1.541 s/op
Iteration 10: 1.542 s/op
Iteration 11: 1.547 s/op
Iteration 12: 1.567 s/op
Iteration 13: 1.545 s/op
Iteration 14: 1.536 s/op
Iteration 15: 1.736 s/op

Warm-up 1: 1.849 s/op
Warm-up 2: 1.830 s/op
Warm-up 3: 1.787 s/op
Warm-up 4: 1.841 s/op
Warm-up 5: 1.806 s/op
Warm-up 6: 1.770 s/op
Warm-up 7: 1.792 s/op
Warm-up 8: 1.789 s/op
Iteration 1: 1.764 s/op
Iteration 2: 1.756 s/op
Iteration 3: 1.765 s/op
Iteration 4: 1.575 s/op
Iteration 5: 1.574 s/op
Iteration 6: 1.587 s/op
Iteration 7: 1.594 s/op
Iteration 8: 1.580 s/op
Iteration 9: 1.592 s/op
Iteration 10: 1.582 s/op
Iteration 11: 1.743 s/op
Iteration 12: 1.816 s/op
Iteration 13: 1.815 s/op
Iteration 14: 1.815 s/op
Iteration 15: 1.844 s/op

Warm-up 1: 1.798 s/op
Warm-up 2: 1.572 s/op
Warm-up 3: 1.551 s/op
Warm-up 4: 1.546 s/op
Warm-up 5: 1.556 s/op
Warm-up 6: 1.550 s/op
Warm-up 7: 1.583 s/op
Warm-up 8: 1.554 s/op
Iteration 1: 1.546 s/op
Iteration 2: 1.583 s/op
Iteration 3: 1.576 s/op
Iteration 4: 1.571 s/op
Iteration 5: 1.564 s/op
Iteration 6: 1.559 s/op
Iteration 7: 1.554 s/op
Iteration 8: 1.560 s/op
Iteration 9: 1.575 s/op
Iteration 10: 1.568 s/op
Iteration 11: 1.574 s/op
Iteration 12: 1.557 s/op
Iteration 13: 1.580 s/op
Iteration 14: 1.578 s/op
Iteration 15: 1.564 s/op

  Success: 1.638 ±(99.9%) 0.059 s/op [Average]
  (min, avg, max) = (1.536, 1.638, 1.844), stdev = 0.112
  CI (99.9%): [1.579, 1.697] (assumes normal distribution)

… com.rafambn.kflate.benchmark.CompressionBenchmarks.rawDeflateCompression | corpus=Sunrise.bmp, level=6

Warm-up 1: 1.805 s/op
Warm-up 2: 1.799 s/op
Warm-up 3: 1.765 s/op
Warm-up 4: 1.754 s/op
Warm-up 5: 1.756 s/op
Warm-up 6: 1.747 s/op
Warm-up 7: 1.730 s/op
Warm-up 8: 1.746 s/op
Iteration 1: 1.748 s/op
Iteration 2: 1.734 s/op
Iteration 3: 1.732 s/op
Iteration 4: 1.736 s/op
Iteration 5: 1.746 s/op
Iteration 6: 1.770 s/op
Iteration 7: 1.778 s/op
Iteration 8: 1.732 s/op
Iteration 9: 1.745 s/op
Iteration 10: 1.722 s/op
Iteration 11: 1.724 s/op
Iteration 12: 1.756 s/op
Iteration 13: 1.730 s/op
Iteration 14: 1.731 s/op
Iteration 15: 1.726 s/op

Warm-up 1: 1.865 s/op
Warm-up 2: 1.824 s/op
Warm-up 3: 1.796 s/op
Warm-up 4: 1.795 s/op
Warm-up 5: 2.029 s/op
Warm-up 6: 2.031 s/op
Warm-up 7: 2.022 s/op
Warm-up 8: 2.029 s/op
Iteration 1: 1.841 s/op
Iteration 2: 1.805 s/op
Iteration 3: 1.804 s/op
Iteration 4: 1.806 s/op
Iteration 5: 1.812 s/op
Iteration 6: 1.812 s/op
Iteration 7: 1.805 s/op
Iteration 8: 1.808 s/op
Iteration 9: 1.818 s/op
Iteration 10: 2.083 s/op
Iteration 11: 2.091 s/op
Iteration 12: 2.091 s/op
Iteration 13: 2.084 s/op
Iteration 14: 2.093 s/op
Iteration 15: 2.076 s/op

Warm-up 1: 1.531 s/op
Warm-up 2: 1.531 s/op
Warm-up 3: 1.521 s/op
Warm-up 4: 1.507 s/op
Warm-up 5: 1.513 s/op
Warm-up 6: 1.745 s/op
Warm-up 7: 1.763 s/op
Warm-up 8: 1.759 s/op
Iteration 1: 1.736 s/op
Iteration 2: 1.773 s/op
Iteration 3: 1.740 s/op
Iteration 4: 1.732 s/op
Iteration 5: 1.746 s/op
Iteration 6: 1.745 s/op
Iteration 7: 1.763 s/op
Iteration 8: 1.740 s/op
Iteration 9: 1.708 s/op
Iteration 10: 1.495 s/op
Iteration 11: 1.503 s/op
Iteration 12: 1.499 s/op
Iteration 13: 1.502 s/op
Iteration 14: 1.502 s/op
Iteration 15: 1.490 s/op

  Success: 1.769 ±(99.9%) 0.083 s/op [Average]
  (min, avg, max) = (1.490, 1.769, 2.093), stdev = 0.157
  CI (99.9%): [1.687, 1.852] (assumes normal distribution)

… com.rafambn.kflate.benchmark.CompressionBenchmarks.rawDeflateCompression | corpus=Sunrise.bmp, level=7

Warm-up 1: 1.734 s/op
Warm-up 2: 1.725 s/op
Warm-up 3: 1.705 s/op
Warm-up 4: 1.699 s/op
Warm-up 5: 1.709 s/op
Warm-up 6: 1.706 s/op
Warm-up 7: 1.704 s/op
Warm-up 8: 1.707 s/op
Iteration 1: 1.963 s/op
Iteration 2: 1.959 s/op
Iteration 3: 1.944 s/op
Iteration 4: 1.943 s/op
Iteration 5: 1.946 s/op
Iteration 6: 2.012 s/op
Iteration 7: 2.018 s/op
Iteration 8: 1.950 s/op
Iteration 9: 1.950 s/op
Iteration 10: 1.698 s/op
Iteration 11: 1.706 s/op
Iteration 12: 1.703 s/op
Iteration 13: 1.936 s/op
Iteration 14: 1.955 s/op
Iteration 15: 1.950 s/op

Warm-up 1: 2.008 s/op
Warm-up 2: 1.971 s/op
Warm-up 3: 1.951 s/op
Warm-up 4: 1.955 s/op
Warm-up 5: 1.951 s/op
Warm-up 6: 1.939 s/op
Warm-up 7: 1.951 s/op
Warm-up 8: 1.945 s/op
Iteration 1: 1.940 s/op
Iteration 2: 1.941 s/op
Iteration 3: 1.932 s/op
Iteration 4: 1.941 s/op
Iteration 5: 1.947 s/op
Iteration 6: 1.956 s/op
Iteration 7: 1.951 s/op
Iteration 8: 1.938 s/op
Iteration 9: 1.957 s/op
Iteration 10: 1.992 s/op
Iteration 11: 1.926 s/op
Iteration 12: 1.926 s/op
Iteration 13: 1.925 s/op
Iteration 14: 2.066 s/op
Iteration 15: 1.964 s/op

Warm-up 1: 2.069 s/op
Warm-up 2: 2.054 s/op
Warm-up 3: 2.022 s/op
Warm-up 4: 2.029 s/op
Warm-up 5: 2.051 s/op
Warm-up 6: 1.971 s/op
Warm-up 7: 1.968 s/op
Warm-up 8: 1.991 s/op
Iteration 1: 1.988 s/op
Iteration 2: 1.982 s/op
Iteration 3: 1.960 s/op
Iteration 4: 1.955 s/op
Iteration 5: 1.951 s/op
Iteration 6: 1.960 s/op
Iteration 7: 1.958 s/op
Iteration 8: 1.955 s/op
Iteration 9: 1.989 s/op
Iteration 10: 2.006 s/op
Iteration 11: 1.950 s/op
Iteration 12: 1.962 s/op
Iteration 13: 1.967 s/op
Iteration 14: 2.004 s/op
Iteration 15: 2.143 s/op

  Success: 1.948 ±(99.9%) 0.040 s/op [Average]
  (min, avg, max) = (1.698, 1.948, 2.143), stdev = 0.077
  CI (99.9%): [1.908, 1.988] (assumes normal distribution)

… com.rafambn.kflate.benchmark.CompressionBenchmarks.rawDeflateCompression | corpus=Sunrise.bmp, level=8

Warm-up 1: 2.310 s/op
Warm-up 2: 2.003 s/op
Warm-up 3: 1.972 s/op
Warm-up 4: 1.944 s/op
Warm-up 5: 1.961 s/op
Warm-up 6: 2.258 s/op
Warm-up 7: 1.970 s/op
Warm-up 8: 1.957 s/op
Iteration 1: 1.957 s/op
Iteration 2: 2.266 s/op
Iteration 3: 1.931 s/op
Iteration 4: 1.947 s/op
Iteration 5: 1.949 s/op
Iteration 6: 2.211 s/op
Iteration 7: 2.236 s/op
Iteration 8: 1.935 s/op
Iteration 9: 1.944 s/op
Iteration 10: 2.188 s/op
Iteration 11: 2.203 s/op
Iteration 12: 2.266 s/op
Iteration 13: 2.385 s/op
Iteration 14: 1.984 s/op
Iteration 15: 2.015 s/op

Warm-up 1: 1.941 s/op
Warm-up 2: 1.936 s/op
Warm-up 3: 1.940 s/op
Warm-up 4: 2.030 s/op
Warm-up 5: 2.295 s/op
Warm-up 6: 2.328 s/op
Warm-up 7: 2.278 s/op
Warm-up 8: 2.266 s/op
Iteration 1: 2.273 s/op
Iteration 2: 2.319 s/op
Iteration 3: 2.291 s/op
Iteration 4: 2.264 s/op
Iteration 5: 2.260 s/op
Iteration 6: 2.280 s/op
Iteration 7: 2.275 s/op
Iteration 8: 2.223 s/op
Iteration 9: 2.232 s/op
Iteration 10: 2.311 s/op
Iteration 11: 2.265 s/op
Iteration 12: 2.289 s/op
Iteration 13: 2.341 s/op
Iteration 14: 2.210 s/op
Iteration 15: 1.929 s/op

Warm-up 1: 1.943 s/op
Warm-up 2: 1.939 s/op
Warm-up 3: 1.940 s/op
Warm-up 4: 1.922 s/op
Warm-up 5: 1.949 s/op
Warm-up 6: 2.174 s/op
Warm-up 7: 2.192 s/op
Warm-up 8: 2.223 s/op
Iteration 1: 2.234 s/op
Iteration 2: 2.187 s/op
Iteration 3: 2.186 s/op
Iteration 4: 2.192 s/op
Iteration 5: 2.193 s/op
Iteration 6: 2.215 s/op
Iteration 7: 2.238 s/op
Iteration 8: 2.233 s/op
Iteration 9: 2.219 s/op
Iteration 10: 2.211 s/op
Iteration 11: 2.255 s/op
Iteration 12: 2.185 s/op
Iteration 13: 2.190 s/op
Iteration 14: 2.181 s/op
Iteration 15: 2.185 s/op

  Success: 2.184 ±(99.9%) 0.066 s/op [Average]
  (min, avg, max) = (1.929, 2.184, 2.385), stdev = 0.125
  CI (99.9%): [2.119, 2.250] (assumes normal distribution)

… com.rafambn.kflate.benchmark.CompressionBenchmarks.rawDeflateCompression | corpus=Sunrise.bmp, level=9

Warm-up 1: 14.491 s/op
Warm-up 2: 12.821 s/op
Warm-up 3: 14.814 s/op
Warm-up 4: 13.931 s/op
Warm-up 5: 14.948 s/op
Warm-up 6: 15.179 s/op
Warm-up 7: 14.926 s/op
Warm-up 8: 14.977 s/op
Iteration 1: 15.076 s/op
Iteration 2: 14.993 s/op
Iteration 3: 14.766 s/op
Iteration 4: 14.735 s/op
Iteration 5: 14.198 s/op
Iteration 6: 12.985 s/op
Iteration 7: 13.966 s/op
Iteration 8: 16.099 s/op
Iteration 9: 15.774 s/op
Iteration 10: 15.546 s/op
Iteration 11: 15.882 s/op
Iteration 12: 15.603 s/op
Iteration 13: 14.001 s/op
Iteration 14: 13.295 s/op
Iteration 15: 13.176 s/op

Warm-up 1: 12.339 s/op
Warm-up 2: 12.305 s/op
Warm-up 3: 12.483 s/op
Warm-up 4: 12.547 s/op
Warm-up 5: 12.522 s/op
Warm-up 6: 12.408 s/op
Warm-up 7: 12.550 s/op
Warm-up 8: 12.300 s/op
Iteration 1: 12.340 s/op
Iteration 2: 12.271 s/op
Iteration 3: 12.523 s/op
Iteration 4: 12.695 s/op
Iteration 5: 12.650 s/op
Iteration 6: 12.495 s/op
Iteration 7: 12.538 s/op
Iteration 8: 12.520 s/op
Iteration 9: 12.485 s/op
Iteration 10: 14.185 s/op
Iteration 11: 12.415 s/op
Iteration 12: 12.406 s/op
Iteration 13: 12.506 s/op
Iteration 14: 12.307 s/op
Iteration 15: 12.357 s/op

Warm-up 1: 13.630 s/op
Warm-up 2: 11.847 s/op
Warm-up 3: 13.630 s/op
Warm-up 4: 13.730 s/op
Warm-up 5: 13.495 s/op
Warm-up 6: 13.547 s/op
Warm-up 7: 13.611 s/op
Warm-up 8: 12.860 s/op
Iteration 1: 11.634 s/op
Iteration 2: 12.076 s/op
Iteration 3: 14.101 s/op
Iteration 4: 13.992 s/op
Iteration 5: 13.650 s/op
Iteration 6: 13.699 s/op
Iteration 7: 13.672 s/op
Iteration 8: 11.993 s/op
Iteration 9: 11.862 s/op
Iteration 10: 12.075 s/op
Iteration 11: 12.366 s/op
Iteration 12: 11.915 s/op
Iteration 13: 12.312 s/op
Iteration 14: 11.951 s/op
Iteration 15: 12.805 s/op

  Success: 13.309 ±(99.9%) 0.666 s/op [Average]
  (min, avg, max) = (11.634, 13.309, 16.099), stdev = 1.268
  CI (99.9%): [12.642, 13.975] (assumes normal distribution)

… com.rafambn.kflate.benchmark.CompressionBenchmarks.rawDeflateCompression | corpus=compressed_MVT.pbf, level=0

Warm-up 1: ≈ 10⁻⁴ s/op
Warm-up 2: ≈ 10⁻⁴ s/op
Warm-up 3: ≈ 10⁻⁴ s/op
Warm-up 4: ≈ 10⁻⁴ s/op
Warm-up 5: ≈ 10⁻⁴ s/op
Warm-up 6: ≈ 10⁻⁴ s/op
Warm-up 7: ≈ 10⁻⁴ s/op
Warm-up 8: ≈ 10⁻⁴ s/op
Iteration 1: ≈ 10⁻⁴ s/op
Iteration 2: ≈ 10⁻⁴ s/op
Iteration 3: ≈ 10⁻⁴ s/op
Iteration 4: ≈ 10⁻⁴ s/op
Iteration 5: ≈ 10⁻⁴ s/op
Iteration 6: ≈ 10⁻⁴ s/op
Iteration 7: ≈ 10⁻⁴ s/op
Iteration 8: ≈ 10⁻⁴ s/op
Iteration 9: ≈ 10⁻⁴ s/op
Iteration 10: ≈ 10⁻⁴ s/op
Iteration 11: ≈ 10⁻⁴ s/op
Iteration 12: ≈ 10⁻⁴ s/op
Iteration 13: ≈ 10⁻⁴ s/op
Iteration 14: ≈ 10⁻⁴ s/op
Iteration 15: ≈ 10⁻⁴ s/op

Warm-up 1: ≈ 10⁻⁴ s/op
Warm-up 2: ≈ 10⁻⁴ s/op
Warm-up 3: ≈ 10⁻⁴ s/op
Warm-up 4: ≈ 10⁻⁴ s/op
Warm-up 5: ≈ 10⁻⁴ s/op
Warm-up 6: ≈ 10⁻⁴ s/op
Warm-up 7: ≈ 10⁻⁴ s/op
Warm-up 8: ≈ 10⁻⁴ s/op
Iteration 1: ≈ 10⁻⁴ s/op
Iteration 2: ≈ 10⁻⁴ s/op
Iteration 3: ≈ 10⁻⁴ s/op
Iteration 4: ≈ 10⁻⁴ s/op
Iteration 5: ≈ 10⁻⁴ s/op
Iteration 6: ≈ 10⁻⁴ s/op
Iteration 7: ≈ 10⁻⁴ s/op
Iteration 8: ≈ 10⁻⁴ s/op
Iteration 9: ≈ 10⁻⁴ s/op
Iteration 10: ≈ 10⁻⁴ s/op
Iteration 11: ≈ 10⁻⁴ s/op
Iteration 12: ≈ 10⁻⁴ s/op
Iteration 13: ≈ 10⁻⁴ s/op
Iteration 14: ≈ 10⁻⁴ s/op
Iteration 15: ≈ 10⁻⁴ s/op

Warm-up 1: ≈ 10⁻⁴ s/op
Warm-up 2: ≈ 10⁻⁴ s/op
Warm-up 3: ≈ 10⁻⁴ s/op
Warm-up 4: ≈ 10⁻⁴ s/op
Warm-up 5: ≈ 10⁻⁴ s/op
Warm-up 6: ≈ 10⁻⁴ s/op
Warm-up 7: ≈ 10⁻⁴ s/op
Warm-up 8: ≈ 10⁻⁴ s/op
Iteration 1: ≈ 10⁻⁴ s/op
Iteration 2: ≈ 10⁻⁴ s/op
Iteration 3: ≈ 10⁻⁴ s/op
Iteration 4: ≈ 10⁻⁴ s/op
Iteration 5: ≈ 10⁻⁴ s/op
Iteration 6: ≈ 10⁻⁴ s/op
Iteration 7: ≈ 10⁻⁴ s/op
Iteration 8: ≈ 10⁻⁴ s/op
Iteration 9: ≈ 10⁻⁴ s/op
Iteration 10: ≈ 10⁻⁴ s/op
Iteration 11: ≈ 10⁻⁴ s/op
Iteration 12: ≈ 10⁻⁴ s/op
Iteration 13: ≈ 10⁻⁴ s/op
Iteration 14: ≈ 10⁻⁴ s/op
Iteration 15: ≈ 10⁻⁴ s/op

  Success: ≈ 10⁻⁴ s/op

… com.rafambn.kflate.benchmark.CompressionBenchmarks.rawDeflateCompression | corpus=compressed_MVT.pbf, level=1

Warm-up 1: 0.003 s/op
Warm-up 2: 0.003 s/op
Warm-up 3: 0.003 s/op
Warm-up 4: 0.003 s/op
Warm-up 5: 0.003 s/op
Warm-up 6: 0.003 s/op
Warm-up 7: 0.003 s/op
Warm-up 8: 0.003 s/op
Iteration 1: 0.003 s/op
Iteration 2: 0.003 s/op
Iteration 3: 0.003 s/op
Iteration 4: 0.003 s/op
Iteration 5: 0.003 s/op
Iteration 6: 0.003 s/op
Iteration 7: 0.003 s/op
Iteration 8: 0.003 s/op
Iteration 9: 0.003 s/op
Iteration 10: 0.003 s/op
Iteration 11: 0.003 s/op
Iteration 12: 0.003 s/op
Iteration 13: 0.003 s/op
Iteration 14: 0.003 s/op
Iteration 15: 0.003 s/op

Warm-up 1: 0.003 s/op
Warm-up 2: 0.003 s/op
Warm-up 3: 0.003 s/op
Warm-up 4: 0.003 s/op
Warm-up 5: 0.003 s/op
Warm-up 6: 0.003 s/op
Warm-up 7: 0.003 s/op
Warm-up 8: 0.003 s/op
Iteration 1: 0.003 s/op
Iteration 2: 0.003 s/op
Iteration 3: 0.003 s/op
Iteration 4: 0.003 s/op
Iteration 5: 0.003 s/op
Iteration 6: 0.003 s/op
Iteration 7: 0.003 s/op
Iteration 8: 0.003 s/op
Iteration 9: 0.003 s/op
Iteration 10: 0.003 s/op
Iteration 11: 0.003 s/op
Iteration 12: 0.003 s/op
Iteration 13: 0.003 s/op
Iteration 14: 0.003 s/op
Iteration 15: 0.003 s/op

Warm-up 1: 0.003 s/op
Warm-up 2: 0.003 s/op
Warm-up 3: 0.003 s/op
Warm-up 4: 0.003 s/op
Warm-up 5: 0.003 s/op
Warm-up 6: 0.003 s/op
Warm-up 7: 0.003 s/op
Warm-up 8: 0.003 s/op
Iteration 1: 0.003 s/op
Iteration 2: 0.003 s/op
Iteration 3: 0.003 s/op
Iteration 4: 0.003 s/op
Iteration 5: 0.003 s/op
Iteration 6: 0.003 s/op
Iteration 7: 0.003 s/op
Iteration 8: 0.003 s/op
Iteration 9: 0.003 s/op
Iteration 10: 0.003 s/op
Iteration 11: 0.003 s/op
Iteration 12: 0.003 s/op
Iteration 13: 0.003 s/op
Iteration 14: 0.003 s/op
Iteration 15: 0.003 s/op

  Success: 0.003 ±(99.9%) 0.001 s/op [Average]
  (min, avg, max) = (0.003, 0.003, 0.003), stdev = 0.001
  CI (99.9%): [0.003, 0.003] (assumes normal distribution)

… com.rafambn.kflate.benchmark.CompressionBenchmarks.rawDeflateCompression | corpus=compressed_MVT.pbf, level=2

Warm-up 1: 0.004 s/op
Warm-up 2: 0.003 s/op
Warm-up 3: 0.003 s/op
Warm-up 4: 0.003 s/op
Warm-up 5: 0.003 s/op
Warm-up 6: 0.003 s/op
Warm-up 7: 0.003 s/op
Warm-up 8: 0.003 s/op
Iteration 1: 0.003 s/op
Iteration 2: 0.003 s/op
Iteration 3: 0.003 s/op
Iteration 4: 0.004 s/op
Iteration 5: 0.003 s/op
Iteration 6: 0.003 s/op
Iteration 7: 0.003 s/op
Iteration 8: 0.003 s/op
Iteration 9: 0.003 s/op
Iteration 10: 0.003 s/op
Iteration 11: 0.003 s/op
Iteration 12: 0.003 s/op
Iteration 13: 0.003 s/op
Iteration 14: 0.003 s/op
Iteration 15: 0.003 s/op

Warm-up 1: 0.003 s/op
Warm-up 2: 0.003 s/op
Warm-up 3: 0.003 s/op
Warm-up 4: 0.003 s/op
Warm-up 5: 0.003 s/op
Warm-up 6: 0.003 s/op
Warm-up 7: 0.003 s/op
Warm-up 8: 0.003 s/op
Iteration 1: 0.003 s/op
Iteration 2: 0.003 s/op
Iteration 3: 0.003 s/op
Iteration 4: 0.003 s/op
Iteration 5: 0.003 s/op
Iteration 6: 0.003 s/op
Iteration 7: 0.003 s/op
Iteration 8: 0.003 s/op
Iteration 9: 0.003 s/op
Iteration 10: 0.003 s/op
Iteration 11: 0.003 s/op
Iteration 12: 0.003 s/op
Iteration 13: 0.003 s/op
Iteration 14: 0.003 s/op
Iteration 15: 0.003 s/op

Warm-up 1: 0.004 s/op
Warm-up 2: 0.003 s/op
Warm-up 3: 0.003 s/op
Warm-up 4: 0.003 s/op
Warm-up 5: 0.003 s/op
Warm-up 6: 0.003 s/op
Warm-up 7: 0.003 s/op
Warm-up 8: 0.003 s/op
Iteration 1: 0.003 s/op
Iteration 2: 0.003 s/op
Iteration 3: 0.003 s/op
Iteration 4: 0.003 s/op
Iteration 5: 0.003 s/op
Iteration 6: 0.003 s/op
Iteration 7: 0.003 s/op
Iteration 8: 0.003 s/op
Iteration 9: 0.003 s/op
Iteration 10: 0.003 s/op
Iteration 11: 0.003 s/op
Iteration 12: 0.003 s/op
Iteration 13: 0.003 s/op
Iteration 14: 0.003 s/op
Iteration 15: 0.003 s/op

  Success: 0.003 ±(99.9%) 0.001 s/op [Average]
  (min, avg, max) = (0.003, 0.003, 0.004), stdev = 0.001
  CI (99.9%): [0.003, 0.003] (assumes normal distribution)

… com.rafambn.kflate.benchmark.CompressionBenchmarks.rawDeflateCompression | corpus=compressed_MVT.pbf, level=3

Warm-up 1: 0.004 s/op
Warm-up 2: 0.003 s/op
Warm-up 3: 0.003 s/op
Warm-up 4: 0.003 s/op
Warm-up 5: 0.003 s/op
Warm-up 6: 0.003 s/op
Warm-up 7: 0.003 s/op
Warm-up 8: 0.004 s/op
Iteration 1: 0.003 s/op
Iteration 2: 0.003 s/op
Iteration 3: 0.003 s/op
Iteration 4: 0.003 s/op
Iteration 5: 0.003 s/op
Iteration 6: 0.003 s/op
Iteration 7: 0.003 s/op
Iteration 8: 0.003 s/op
Iteration 9: 0.003 s/op
Iteration 10: 0.003 s/op
Iteration 11: 0.003 s/op
Iteration 12: 0.003 s/op
Iteration 13: 0.003 s/op
Iteration 14: 0.003 s/op
Iteration 15: 0.003 s/op

Warm-up 1: 0.004 s/op
Warm-up 2: 0.003 s/op
Warm-up 3: 0.003 s/op
Warm-up 4: 0.003 s/op
Warm-up 5: 0.003 s/op
Warm-up 6: 0.003 s/op
Warm-up 7: 0.003 s/op
Warm-up 8: 0.003 s/op
Iteration 1: 0.003 s/op
Iteration 2: 0.003 s/op
Iteration 3: 0.003 s/op
Iteration 4: 0.003 s/op
Iteration 5: 0.004 s/op
Iteration 6: 0.004 s/op
Iteration 7: 0.004 s/op
Iteration 8: 0.004 s/op
Iteration 9: 0.004 s/op
Iteration 10: 0.004 s/op
Iteration 11: 0.004 s/op
Iteration 12: 0.004 s/op
Iteration 13: 0.004 s/op
Iteration 14: 0.004 s/op
Iteration 15: 0.003 s/op

Warm-up 1: 0.004 s/op
Warm-up 2: 0.004 s/op
Warm-up 3: 0.004 s/op
Warm-up 4: 0.004 s/op
Warm-up 5: 0.003 s/op
Warm-up 6: 0.003 s/op
Warm-up 7: 0.003 s/op
Warm-up 8: 0.003 s/op
Iteration 1: 0.003 s/op
Iteration 2: 0.003 s/op
Iteration 3: 0.003 s/op
Iteration 4: 0.003 s/op
Iteration 5: 0.003 s/op
Iteration 6: 0.003 s/op
Iteration 7: 0.003 s/op
Iteration 8: 0.003 s/op
Iteration 9: 0.003 s/op
Iteration 10: 0.003 s/op
Iteration 11: 0.003 s/op
Iteration 12: 0.003 s/op
Iteration 13: 0.003 s/op
Iteration 14: 0.003 s/op
Iteration 15: 0.003 s/op

  Success: 0.003 ±(99.9%) 0.001 s/op [Average]
  (min, avg, max) = (0.003, 0.003, 0.004), stdev = 0.001
  CI (99.9%): [0.003, 0.003] (assumes normal distribution)

… com.rafambn.kflate.benchmark.CompressionBenchmarks.rawDeflateCompression | corpus=compressed_MVT.pbf, level=4

Warm-up 1: 0.004 s/op
Warm-up 2: 0.004 s/op
Warm-up 3: 0.004 s/op
Warm-up 4: 0.004 s/op
Warm-up 5: 0.004 s/op
Warm-up 6: 0.004 s/op
Warm-up 7: 0.004 s/op
Warm-up 8: 0.004 s/op
Iteration 1: 0.004 s/op
Iteration 2: 0.004 s/op
Iteration 3: 0.004 s/op
Iteration 4: 0.004 s/op
Iteration 5: 0.004 s/op
Iteration 6: 0.004 s/op
Iteration 7: 0.004 s/op
Iteration 8: 0.004 s/op
Iteration 9: 0.004 s/op
Iteration 10: 0.004 s/op
Iteration 11: 0.004 s/op
Iteration 12: 0.004 s/op
Iteration 13: 0.004 s/op
Iteration 14: 0.004 s/op
Iteration 15: 0.004 s/op

Warm-up 1: 0.005 s/op
Warm-up 2: 0.004 s/op
Warm-up 3: 0.004 s/op
Warm-up 4: 0.004 s/op
Warm-up 5: 0.004 s/op
Warm-up 6: 0.004 s/op
Warm-up 7: 0.004 s/op
Warm-up 8: 0.004 s/op
Iteration 1: 0.004 s/op
Iteration 2: 0.004 s/op
Iteration 3: 0.004 s/op
Iteration 4: 0.004 s/op
Iteration 5: 0.004 s/op
Iteration 6: 0.004 s/op
Iteration 7: 0.004 s/op
Iteration 8: 0.004 s/op
Iteration 9: 0.004 s/op
Iteration 10: 0.004 s/op
Iteration 11: 0.004 s/op
Iteration 12: 0.004 s/op
Iteration 13: 0.004 s/op
Iteration 14: 0.004 s/op
Iteration 15: 0.004 s/op

Warm-up 1: 0.004 s/op
Warm-up 2: 0.004 s/op
Warm-up 3: 0.004 s/op
Warm-up 4: 0.004 s/op
Warm-up 5: 0.004 s/op
Warm-up 6: 0.004 s/op
Warm-up 7: 0.004 s/op
Warm-up 8: 0.004 s/op
Iteration 1: 0.004 s/op
Iteration 2: 0.004 s/op
Iteration 3: 0.004 s/op
Iteration 4: 0.004 s/op
Iteration 5: 0.004 s/op
Iteration 6: 0.004 s/op
Iteration 7: 0.004 s/op
Iteration 8: 0.004 s/op
Iteration 9: 0.004 s/op
Iteration 10: 0.004 s/op
Iteration 11: 0.004 s/op
Iteration 12: 0.004 s/op
Iteration 13: 0.004 s/op
Iteration 14: 0.004 s/op
Iteration 15: 0.004 s/op

  Success: 0.004 ±(99.9%) 0.001 s/op [Average]
  (min, avg, max) = (0.004, 0.004, 0.004), stdev = 0.001
  CI (99.9%): [0.004, 0.004] (assumes normal distribution)

… com.rafambn.kflate.benchmark.CompressionBenchmarks.rawDeflateCompression | corpus=compressed_MVT.pbf, level=5

Warm-up 1: 0.005 s/op
Warm-up 2: 0.004 s/op
Warm-up 3: 0.004 s/op
Warm-up 4: 0.004 s/op
Warm-up 5: 0.004 s/op
Warm-up 6: 0.004 s/op
Warm-up 7: 0.004 s/op
Warm-up 8: 0.004 s/op
Iteration 1: 0.004 s/op
Iteration 2: 0.004 s/op
Iteration 3: 0.005 s/op
Iteration 4: 0.004 s/op
Iteration 5: 0.004 s/op
Iteration 6: 0.005 s/op
Iteration 7: 0.005 s/op
Iteration 8: 0.004 s/op
Iteration 9: 0.004 s/op
Iteration 10: 0.005 s/op
Iteration 11: 0.005 s/op
Iteration 12: 0.005 s/op
Iteration 13: 0.005 s/op
Iteration 14: 0.005 s/op
Iteration 15: 0.005 s/op

Warm-up 1: 0.005 s/op
Warm-up 2: 0.005 s/op
Warm-up 3: 0.005 s/op
Warm-up 4: 0.005 s/op
Warm-up 5: 0.005 s/op
Warm-up 6: 0.005 s/op
Warm-up 7: 0.005 s/op
Warm-up 8: 0.005 s/op
Iteration 1: 0.005 s/op
Iteration 2: 0.005 s/op
Iteration 3: 0.005 s/op
Iteration 4: 0.005 s/op
Iteration 5: 0.005 s/op
Iteration 6: 0.005 s/op
Iteration 7: 0.005 s/op
Iteration 8: 0.005 s/op
Iteration 9: 0.005 s/op
Iteration 10: 0.005 s/op
Iteration 11: 0.005 s/op
Iteration 12: 0.005 s/op
Iteration 13: 0.005 s/op
Iteration 14: 0.005 s/op
Iteration 15: 0.005 s/op

Warm-up 1: 0.005 s/op
Warm-up 2: 0.005 s/op
Warm-up 3: 0.005 s/op
Warm-up 4: 0.005 s/op
Warm-up 5: 0.005 s/op
Warm-up 6: 0.005 s/op
Warm-up 7: 0.005 s/op
Warm-up 8: 0.005 s/op
Iteration 1: 0.005 s/op
Iteration 2: 0.005 s/op
Iteration 3: 0.005 s/op
Iteration 4: 0.005 s/op
Iteration 5: 0.005 s/op
Iteration 6: 0.004 s/op
Iteration 7: 0.004 s/op
Iteration 8: 0.004 s/op
Iteration 9: 0.004 s/op
Iteration 10: 0.004 s/op
Iteration 11: 0.004 s/op
Iteration 12: 0.004 s/op
Iteration 13: 0.004 s/op
Iteration 14: 0.005 s/op
Iteration 15: 0.005 s/op

  Success: 0.005 ±(99.9%) 0.001 s/op [Average]
  (min, avg, max) = (0.004, 0.005, 0.005), stdev = 0.001
  CI (99.9%): [0.004, 0.005] (assumes normal distribution)

… com.rafambn.kflate.benchmark.CompressionBenchmarks.rawDeflateCompression | corpus=compressed_MVT.pbf, level=6

Warm-up 1: 0.004 s/op
Warm-up 2: 0.004 s/op
Warm-up 3: 0.004 s/op
Warm-up 4: 0.004 s/op
Warm-up 5: 0.004 s/op
Warm-up 6: 0.004 s/op
Warm-up 7: 0.004 s/op
Warm-up 8: 0.004 s/op
Iteration 1: 0.004 s/op
Iteration 2: 0.004 s/op
Iteration 3: 0.004 s/op
Iteration 4: 0.004 s/op
Iteration 5: 0.004 s/op
Iteration 6: 0.004 s/op
Iteration 7: 0.004 s/op
Iteration 8: 0.004 s/op
Iteration 9: 0.004 s/op
Iteration 10: 0.004 s/op
Iteration 11: 0.004 s/op
Iteration 12: 0.004 s/op
Iteration 13: 0.004 s/op
Iteration 14: 0.004 s/op
Iteration 15: 0.004 s/op

Warm-up 1: 0.005 s/op
Warm-up 2: 0.005 s/op
Warm-up 3: 0.005 s/op
Warm-up 4: 0.005 s/op
Warm-up 5: 0.005 s/op
Warm-up 6: 0.005 s/op
Warm-up 7: 0.005 s/op
Warm-up 8: 0.004 s/op
Iteration 1: 0.004 s/op
Iteration 2: 0.004 s/op
Iteration 3: 0.004 s/op
Iteration 4: 0.004 s/op
Iteration 5: 0.004 s/op
Iteration 6: 0.004 s/op
Iteration 7: 0.004 s/op
Iteration 8: 0.004 s/op
Iteration 9: 0.004 s/op
Iteration 10: 0.004 s/op
Iteration 11: 0.004 s/op
Iteration 12: 0.005 s/op
Iteration 13: 0.005 s/op
Iteration 14: 0.004 s/op
Iteration 15: 0.004 s/op

Warm-up 1: 0.005 s/op
Warm-up 2: 0.004 s/op
Warm-up 3: 0.004 s/op
Warm-up 4: 0.004 s/op
Warm-up 5: 0.004 s/op
Warm-up 6: 0.004 s/op
Warm-up 7: 0.004 s/op
Warm-up 8: 0.005 s/op
Iteration 1: 0.004 s/op
Iteration 2: 0.004 s/op
Iteration 3: 0.004 s/op
Iteration 4: 0.004 s/op
Iteration 5: 0.004 s/op
Iteration 6: 0.004 s/op
Iteration 7: 0.004 s/op
Iteration 8: 0.004 s/op
Iteration 9: 0.004 s/op
Iteration 10: 0.004 s/op
Iteration 11: 0.005 s/op
Iteration 12: 0.005 s/op
Iteration 13: 0.005 s/op
Iteration 14: 0.005 s/op
Iteration 15: 0.005 s/op

  Success: 0.004 ±(99.9%) 0.001 s/op [Average]
  (min, avg, max) = (0.004, 0.004, 0.005), stdev = 0.001
  CI (99.9%): [0.004, 0.004] (assumes normal distribution)

… com.rafambn.kflate.benchmark.CompressionBenchmarks.rawDeflateCompression | corpus=compressed_MVT.pbf, level=7

Warm-up 1: 0.005 s/op
Warm-up 2: 0.005 s/op
Warm-up 3: 0.004 s/op
Warm-up 4: 0.004 s/op
Warm-up 5: 0.004 s/op
Warm-up 6: 0.004 s/op
Warm-up 7: 0.005 s/op
Warm-up 8: 0.005 s/op
Iteration 1: 0.005 s/op
Iteration 2: 0.005 s/op
Iteration 3: 0.005 s/op
Iteration 4: 0.005 s/op
Iteration 5: 0.005 s/op
Iteration 6: 0.005 s/op
Iteration 7: 0.005 s/op
Iteration 8: 0.004 s/op
Iteration 9: 0.004 s/op
Iteration 10: 0.004 s/op
Iteration 11: 0.005 s/op
Iteration 12: 0.005 s/op
Iteration 13: 0.005 s/op
Iteration 14: 0.005 s/op
Iteration 15: 0.005 s/op

Warm-up 1: 0.005 s/op
Warm-up 2: 0.005 s/op
Warm-up 3: 0.005 s/op
Warm-up 4: 0.005 s/op
Warm-up 5: 0.005 s/op
Warm-up 6: 0.005 s/op
Warm-up 7: 0.005 s/op
Warm-up 8: 0.005 s/op
Iteration 1: 0.005 s/op
Iteration 2: 0.005 s/op
Iteration 3: 0.005 s/op
Iteration 4: 0.004 s/op
Iteration 5: 0.005 s/op
Iteration 6: 0.005 s/op
Iteration 7: 0.005 s/op
Iteration 8: 0.005 s/op
Iteration 9: 0.005 s/op
Iteration 10: 0.005 s/op
Iteration 11: 0.005 s/op
Iteration 12: 0.005 s/op
Iteration 13: 0.005 s/op
Iteration 14: 0.005 s/op
Iteration 15: 0.005 s/op

Warm-up 1: 0.005 s/op
Warm-up 2: 0.005 s/op
Warm-up 3: 0.005 s/op
Warm-up 4: 0.005 s/op
Warm-up 5: 0.005 s/op
Warm-up 6: 0.005 s/op
Warm-up 7: 0.005 s/op
Warm-up 8: 0.005 s/op
Iteration 1: 0.005 s/op
Iteration 2: 0.005 s/op
Iteration 3: 0.005 s/op
Iteration 4: 0.005 s/op
Iteration 5: 0.005 s/op
Iteration 6: 0.005 s/op
Iteration 7: 0.005 s/op
Iteration 8: 0.005 s/op
Iteration 9: 0.005 s/op
Iteration 10: 0.005 s/op
Iteration 11: 0.005 s/op
Iteration 12: 0.005 s/op
Iteration 13: 0.005 s/op
Iteration 14: 0.005 s/op
Iteration 15: 0.005 s/op

  Success: 0.005 ±(99.9%) 0.001 s/op [Average]
  (min, avg, max) = (0.004, 0.005, 0.005), stdev = 0.001
  CI (99.9%): [0.005, 0.005] (assumes normal distribution)

… com.rafambn.kflate.benchmark.CompressionBenchmarks.rawDeflateCompression | corpus=compressed_MVT.pbf, level=8

Warm-up 1: 0.005 s/op
Warm-up 2: 0.005 s/op
Warm-up 3: 0.006 s/op
Warm-up 4: 0.006 s/op
Warm-up 5: 0.006 s/op
Warm-up 6: 0.006 s/op
Warm-up 7: 0.005 s/op
Warm-up 8: 0.005 s/op
Iteration 1: 0.005 s/op
Iteration 2: 0.006 s/op
Iteration 3: 0.006 s/op
Iteration 4: 0.006 s/op
Iteration 5: 0.006 s/op
Iteration 6: 0.006 s/op
Iteration 7: 0.006 s/op
Iteration 8: 0.006 s/op
Iteration 9: 0.006 s/op
Iteration 10: 0.006 s/op
Iteration 11: 0.006 s/op
Iteration 12: 0.005 s/op
Iteration 13: 0.005 s/op
Iteration 14: 0.006 s/op
Iteration 15: 0.006 s/op

Warm-up 1: 0.005 s/op
Warm-up 2: 0.005 s/op
Warm-up 3: 0.004 s/op
Warm-up 4: 0.004 s/op
Warm-up 5: 0.004 s/op
Warm-up 6: 0.004 s/op
Warm-up 7: 0.004 s/op
Warm-up 8: 0.004 s/op
Iteration 1: 0.004 s/op
Iteration 2: 0.005 s/op
Iteration 3: 0.005 s/op
Iteration 4: 0.005 s/op
Iteration 5: 0.005 s/op
Iteration 6: 0.004 s/op
Iteration 7: 0.005 s/op
Iteration 8: 0.005 s/op
Iteration 9: 0.005 s/op
Iteration 10: 0.005 s/op
Iteration 11: 0.005 s/op
Iteration 12: 0.005 s/op
Iteration 13: 0.005 s/op
Iteration 14: 0.005 s/op
Iteration 15: 0.005 s/op

Warm-up 1: 0.006 s/op
Warm-up 2: 0.006 s/op
Warm-up 3: 0.006 s/op
Warm-up 4: 0.006 s/op
Warm-up 5: 0.006 s/op
Warm-up 6: 0.006 s/op
Warm-up 7: 0.006 s/op
Warm-up 8: 0.006 s/op
Iteration 1: 0.006 s/op
Iteration 2: 0.006 s/op
Iteration 3: 0.006 s/op
Iteration 4: 0.006 s/op
Iteration 5: 0.006 s/op
Iteration 6: 0.006 s/op
Iteration 7: 0.006 s/op
Iteration 8: 0.006 s/op
Iteration 9: 0.006 s/op
Iteration 10: 0.006 s/op
Iteration 11: 0.006 s/op
Iteration 12: 0.006 s/op
Iteration 13: 0.006 s/op
Iteration 14: 0.006 s/op
Iteration 15: 0.006 s/op

  Success: 0.005 ±(99.9%) 0.001 s/op [Average]
  (min, avg, max) = (0.004, 0.005, 0.006), stdev = 0.001
  CI (99.9%): [0.005, 0.006] (assumes normal distribution)

… com.rafambn.kflate.benchmark.CompressionBenchmarks.rawDeflateCompression | corpus=compressed_MVT.pbf, level=9

Warm-up 1: 0.010 s/op
Warm-up 2: 0.008 s/op
Warm-up 3: 0.008 s/op
Warm-up 4: 0.008 s/op
Warm-up 5: 0.008 s/op
Warm-up 6: 0.008 s/op
Warm-up 7: 0.009 s/op
Warm-up 8: 0.010 s/op
Iteration 1: 0.010 s/op
Iteration 2: 0.010 s/op
Iteration 3: 0.010 s/op
Iteration 4: 0.010 s/op
Iteration 5: 0.009 s/op
Iteration 6: 0.010 s/op
Iteration 7: 0.010 s/op
Iteration 8: 0.010 s/op
Iteration 9: 0.010 s/op
Iteration 10: 0.010 s/op
Iteration 11: 0.010 s/op
Iteration 12: 0.010 s/op
Iteration 13: 0.010 s/op
Iteration 14: 0.009 s/op
Iteration 15: 0.008 s/op

Warm-up 1: 0.010 s/op
Warm-up 2: 0.008 s/op
Warm-up 3: 0.008 s/op
Warm-up 4: 0.008 s/op
Warm-up 5: 0.008 s/op
Warm-up 6: 0.008 s/op
Warm-up 7: 0.008 s/op
Warm-up 8: 0.008 s/op
Iteration 1: 0.008 s/op
Iteration 2: 0.008 s/op
Iteration 3: 0.008 s/op
Iteration 4: 0.008 s/op
Iteration 5: 0.010 s/op
Iteration 6: 0.010 s/op
Iteration 7: 0.010 s/op
Iteration 8: 0.010 s/op
Iteration 9: 0.010 s/op
Iteration 10: 0.010 s/op
Iteration 11: 0.010 s/op
Iteration 12: 0.010 s/op
Iteration 13: 0.010 s/op
Iteration 14: 0.010 s/op
Iteration 15: 0.010 s/op

Warm-up 1: 0.011 s/op
Warm-up 2: 0.010 s/op
Warm-up 3: 0.010 s/op
Warm-up 4: 0.010 s/op
Warm-up 5: 0.010 s/op
Warm-up 6: 0.009 s/op
Warm-up 7: 0.008 s/op
Warm-up 8: 0.010 s/op
Iteration 1: 0.010 s/op
Iteration 2: 0.010 s/op
Iteration 3: 0.009 s/op
Iteration 4: 0.009 s/op
Iteration 5: 0.009 s/op
Iteration 6: 0.009 s/op
Iteration 7: 0.008 s/op
Iteration 8: 0.009 s/op
Iteration 9: 0.009 s/op
Iteration 10: 0.010 s/op
Iteration 11: 0.010 s/op
Iteration 12: 0.009 s/op
Iteration 13: 0.010 s/op
Iteration 14: 0.010 s/op
Iteration 15: 0.010 s/op

  Success: 0.009 ±(99.9%) 0.001 s/op [Average]
  (min, avg, max) = (0.008, 0.009, 0.010), stdev = 0.001
  CI (99.9%): [0.009, 0.010] (assumes normal distribution)

… com.rafambn.kflate.benchmark.CompressionBenchmarks.rawDeflateDecompressionFromKompress | corpus=simpleText, level=0

Warm-up 1: ≈ 10⁻⁶ s/op
Warm-up 2: ≈ 10⁻⁶ s/op
Warm-up 3: ≈ 10⁻⁶ s/op
Warm-up 4: ≈ 10⁻⁶ s/op
Warm-up 5: ≈ 10⁻⁶ s/op
Warm-up 6: ≈ 10⁻⁶ s/op
Warm-up 7: ≈ 10⁻⁶ s/op
Warm-up 8: ≈ 10⁻⁶ s/op
Iteration 1: ≈ 10⁻⁶ s/op
Iteration 2: ≈ 10⁻⁶ s/op
Iteration 3: ≈ 10⁻⁶ s/op
Iteration 4: ≈ 10⁻⁶ s/op
Iteration 5: ≈ 10⁻⁶ s/op
Iteration 6: ≈ 10⁻⁶ s/op
Iteration 7: ≈ 10⁻⁶ s/op
Iteration 8: ≈ 10⁻⁶ s/op
Iteration 9: ≈ 10⁻⁶ s/op
Iteration 10: ≈ 10⁻⁶ s/op
Iteration 11: ≈ 10⁻⁶ s/op
Iteration 12: ≈ 10⁻⁶ s/op
Iteration 13: ≈ 10⁻⁶ s/op
Iteration 14: ≈ 10⁻⁶ s/op
Iteration 15: ≈ 10⁻⁶ s/op

Warm-up 1: ≈ 10⁻⁶ s/op
Warm-up 2: ≈ 10⁻⁶ s/op
Warm-up 3: ≈ 10⁻⁶ s/op
Warm-up 4: ≈ 10⁻⁶ s/op
Warm-up 5: ≈ 10⁻⁶ s/op
Warm-up 6: ≈ 10⁻⁶ s/op
Warm-up 7: ≈ 10⁻⁶ s/op
Warm-up 8: ≈ 10⁻⁶ s/op
Iteration 1: ≈ 10⁻⁶ s/op
Iteration 2: ≈ 10⁻⁶ s/op
Iteration 3: ≈ 10⁻⁶ s/op
Iteration 4: ≈ 10⁻⁶ s/op
Iteration 5: ≈ 10⁻⁶ s/op
Iteration 6: ≈ 10⁻⁶ s/op
Iteration 7: ≈ 10⁻⁶ s/op
Iteration 8: ≈ 10⁻⁶ s/op
Iteration 9: ≈ 10⁻⁶ s/op
Iteration 10: ≈ 10⁻⁶ s/op
Iteration 11: ≈ 10⁻⁶ s/op
Iteration 12: ≈ 10⁻⁶ s/op
Iteration 13: ≈ 10⁻⁶ s/op
Iteration 14: ≈ 10⁻⁶ s/op
Iteration 15: ≈ 10⁻⁶ s/op

Warm-up 1: ≈ 10⁻⁶ s/op
Warm-up 2: ≈ 10⁻⁶ s/op
Warm-up 3: ≈ 10⁻⁶ s/op
Warm-up 4: ≈ 10⁻⁶ s/op
Warm-up 5: ≈ 10⁻⁶ s/op
Warm-up 6: ≈ 10⁻⁶ s/op
Warm-up 7: ≈ 10⁻⁶ s/op
Warm-up 8: ≈ 10⁻⁶ s/op
Iteration 1: ≈ 10⁻⁶ s/op
Iteration 2: ≈ 10⁻⁶ s/op
Iteration 3: ≈ 10⁻⁶ s/op
Iteration 4: ≈ 10⁻⁶ s/op
Iteration 5: ≈ 10⁻⁶ s/op
Iteration 6: ≈ 10⁻⁶ s/op
Iteration 7: ≈ 10⁻⁶ s/op
Iteration 8: ≈ 10⁻⁶ s/op
Iteration 9: ≈ 10⁻⁶ s/op
Iteration 10: ≈ 10⁻⁶ s/op
Iteration 11: ≈ 10⁻⁶ s/op
Iteration 12: ≈ 10⁻⁶ s/op
Iteration 13: ≈ 10⁻⁶ s/op
Iteration 14: ≈ 10⁻⁶ s/op
Iteration 15: ≈ 10⁻⁶ s/op

  Success: ≈ 10⁻⁶ s/op

… com.rafambn.kflate.benchmark.CompressionBenchmarks.rawDeflateDecompressionFromKompress | corpus=simpleText, level=1

Warm-up 1: ≈ 10⁻⁵ s/op
Warm-up 2: ≈ 10⁻⁶ s/op
Warm-up 3: ≈ 10⁻⁶ s/op
Warm-up 4: ≈ 10⁻⁶ s/op
Warm-up 5: ≈ 10⁻⁶ s/op
Warm-up 6: ≈ 10⁻⁶ s/op
Warm-up 7: ≈ 10⁻⁶ s/op
Warm-up 8: ≈ 10⁻⁶ s/op
Iteration 1: ≈ 10⁻⁶ s/op
Iteration 2: ≈ 10⁻⁶ s/op
Iteration 3: ≈ 10⁻⁶ s/op
Iteration 4: ≈ 10⁻⁶ s/op
Iteration 5: ≈ 10⁻⁶ s/op
Iteration 6: ≈ 10⁻⁶ s/op
Iteration 7: ≈ 10⁻⁶ s/op
Iteration 8: ≈ 10⁻⁶ s/op
Iteration 9: ≈ 10⁻⁶ s/op
Iteration 10: ≈ 10⁻⁶ s/op
Iteration 11: ≈ 10⁻⁶ s/op
Iteration 12: ≈ 10⁻⁶ s/op
Iteration 13: ≈ 10⁻⁶ s/op
Iteration 14: ≈ 10⁻⁶ s/op
Iteration 15: ≈ 10⁻⁶ s/op

Warm-up 1: ≈ 10⁻⁵ s/op
Warm-up 2: ≈ 10⁻⁶ s/op
Warm-up 3: ≈ 10⁻⁶ s/op
Warm-up 4: ≈ 10⁻⁶ s/op
Warm-up 5: ≈ 10⁻⁶ s/op
Warm-up 6: ≈ 10⁻⁶ s/op
Warm-up 7: ≈ 10⁻⁶ s/op
Warm-up 8: ≈ 10⁻⁶ s/op
Iteration 1: ≈ 10⁻⁶ s/op
Iteration 2: ≈ 10⁻⁶ s/op
Iteration 3: ≈ 10⁻⁶ s/op
Iteration 4: ≈ 10⁻⁶ s/op
Iteration 5: ≈ 10⁻⁶ s/op
Iteration 6: ≈ 10⁻⁶ s/op
Iteration 7: ≈ 10⁻⁶ s/op
Iteration 8: ≈ 10⁻⁶ s/op
Iteration 9: ≈ 10⁻⁶ s/op
Iteration 10: ≈ 10⁻⁶ s/op
Iteration 11: ≈ 10⁻⁶ s/op
Iteration 12: ≈ 10⁻⁶ s/op
Iteration 13: ≈ 10⁻⁶ s/op
Iteration 14: ≈ 10⁻⁶ s/op
Iteration 15: ≈ 10⁻⁶ s/op

Warm-up 1: ≈ 10⁻⁵ s/op
Warm-up 2: ≈ 10⁻⁶ s/op
Warm-up 3: ≈ 10⁻⁶ s/op
Warm-up 4: ≈ 10⁻⁶ s/op
Warm-up 5: ≈ 10⁻⁶ s/op
Warm-up 6: ≈ 10⁻⁶ s/op
Warm-up 7: ≈ 10⁻⁶ s/op
Warm-up 8: ≈ 10⁻⁶ s/op
Iteration 1: ≈ 10⁻⁶ s/op
Iteration 2: ≈ 10⁻⁶ s/op
Iteration 3: ≈ 10⁻⁶ s/op
Iteration 4: ≈ 10⁻⁶ s/op
Iteration 5: ≈ 10⁻⁶ s/op
Iteration 6: ≈ 10⁻⁶ s/op
Iteration 7: ≈ 10⁻⁶ s/op
Iteration 8: ≈ 10⁻⁶ s/op
Iteration 9: ≈ 10⁻⁶ s/op
Iteration 10: ≈ 10⁻⁶ s/op
Iteration 11: ≈ 10⁻⁶ s/op
Iteration 12: ≈ 10⁻⁶ s/op
Iteration 13: ≈ 10⁻⁶ s/op
Iteration 14: ≈ 10⁻⁶ s/op
Iteration 15: ≈ 10⁻⁶ s/op

  Success: ≈ 10⁻⁶ s/op

… com.rafambn.kflate.benchmark.CompressionBenchmarks.rawDeflateDecompressionFromKompress | corpus=simpleText, level=2

Warm-up 1: ≈ 10⁻⁵ s/op
Warm-up 2: ≈ 10⁻⁵ s/op
Warm-up 3: ≈ 10⁻⁶ s/op
Warm-up 4: ≈ 10⁻⁶ s/op
Warm-up 5: ≈ 10⁻⁶ s/op
Warm-up 6: ≈ 10⁻⁶ s/op
Warm-up 7: ≈ 10⁻⁶ s/op
Warm-up 8: ≈ 10⁻⁶ s/op
Iteration 1: ≈ 10⁻⁶ s/op
Iteration 2: ≈ 10⁻⁶ s/op
Iteration 3: ≈ 10⁻⁶ s/op
Iteration 4: ≈ 10⁻⁶ s/op
Iteration 5: ≈ 10⁻⁶ s/op
Iteration 6: ≈ 10⁻⁶ s/op
Iteration 7: ≈ 10⁻⁶ s/op
Iteration 8: ≈ 10⁻⁶ s/op
Iteration 9: ≈ 10⁻⁶ s/op
Iteration 10: ≈ 10⁻⁶ s/op
Iteration 11: ≈ 10⁻⁶ s/op
Iteration 12: ≈ 10⁻⁶ s/op
Iteration 13: ≈ 10⁻⁶ s/op
Iteration 14: ≈ 10⁻⁶ s/op
Iteration 15: ≈ 10⁻⁶ s/op

Warm-up 1: ≈ 10⁻⁵ s/op
Warm-up 2: ≈ 10⁻⁶ s/op
Warm-up 3: ≈ 10⁻⁶ s/op
Warm-up 4: ≈ 10⁻⁶ s/op
Warm-up 5: ≈ 10⁻⁶ s/op
Warm-up 6: ≈ 10⁻⁶ s/op
Warm-up 7: ≈ 10⁻⁶ s/op
Warm-up 8: ≈ 10⁻⁶ s/op
Iteration 1: ≈ 10⁻⁶ s/op
Iteration 2: ≈ 10⁻⁶ s/op
Iteration 3: ≈ 10⁻⁶ s/op
Iteration 4: ≈ 10⁻⁶ s/op
Iteration 5: ≈ 10⁻⁶ s/op
Iteration 6: ≈ 10⁻⁶ s/op
Iteration 7: ≈ 10⁻⁶ s/op
Iteration 8: ≈ 10⁻⁶ s/op
Iteration 9: ≈ 10⁻⁵ s/op
Iteration 10: ≈ 10⁻⁶ s/op
Iteration 11: ≈ 10⁻⁶ s/op
Iteration 12: ≈ 10⁻⁶ s/op
Iteration 13: ≈ 10⁻⁶ s/op
Iteration 14: ≈ 10⁻⁶ s/op
Iteration 15: ≈ 10⁻⁶ s/op

Warm-up 1: ≈ 10⁻⁵ s/op
Warm-up 2: ≈ 10⁻⁶ s/op
Warm-up 3: ≈ 10⁻⁶ s/op
Warm-up 4: ≈ 10⁻⁶ s/op
Warm-up 5: ≈ 10⁻⁶ s/op
Warm-up 6: ≈ 10⁻⁶ s/op
Warm-up 7: ≈ 10⁻⁶ s/op
Warm-up 8: ≈ 10⁻⁶ s/op
Iteration 1: ≈ 10⁻⁶ s/op
Iteration 2: ≈ 10⁻⁶ s/op
Iteration 3: ≈ 10⁻⁶ s/op
Iteration 4: ≈ 10⁻⁶ s/op
Iteration 5: ≈ 10⁻⁶ s/op
Iteration 6: ≈ 10⁻⁶ s/op
Iteration 7: ≈ 10⁻⁶ s/op
Iteration 8: ≈ 10⁻⁶ s/op
Iteration 9: ≈ 10⁻⁶ s/op
Iteration 10: ≈ 10⁻⁶ s/op
Iteration 11: ≈ 10⁻⁶ s/op
Iteration 12: ≈ 10⁻⁶ s/op
Iteration 13: ≈ 10⁻⁶ s/op
Iteration 14: ≈ 10⁻⁶ s/op
Iteration 15: ≈ 10⁻⁶ s/op

  Success: ≈ 10⁻⁶ s/op

… com.rafambn.kflate.benchmark.CompressionBenchmarks.rawDeflateDecompressionFromKompress | corpus=simpleText, level=3

Warm-up 1: ≈ 10⁻⁵ s/op
Warm-up 2: ≈ 10⁻⁶ s/op
Warm-up 3: ≈ 10⁻⁶ s/op
Warm-up 4: ≈ 10⁻⁶ s/op
Warm-up 5: ≈ 10⁻⁶ s/op
Warm-up 6: ≈ 10⁻⁶ s/op
Warm-up 7: ≈ 10⁻⁶ s/op
Warm-up 8: ≈ 10⁻⁶ s/op
Iteration 1: ≈ 10⁻⁶ s/op
Iteration 2: ≈ 10⁻⁶ s/op
Iteration 3: ≈ 10⁻⁶ s/op
Iteration 4: ≈ 10⁻⁶ s/op
Iteration 5: ≈ 10⁻⁶ s/op
Iteration 6: ≈ 10⁻⁶ s/op
Iteration 7: ≈ 10⁻⁶ s/op
Iteration 8: ≈ 10⁻⁶ s/op
Iteration 9: ≈ 10⁻⁶ s/op
Iteration 10: ≈ 10⁻⁶ s/op
Iteration 11: ≈ 10⁻⁶ s/op
Iteration 12: ≈ 10⁻⁶ s/op
Iteration 13: ≈ 10⁻⁶ s/op
Iteration 14: ≈ 10⁻⁶ s/op
Iteration 15: ≈ 10⁻⁶ s/op

Warm-up 1: ≈ 10⁻⁵ s/op
Warm-up 2: ≈ 10⁻⁶ s/op
Warm-up 3: ≈ 10⁻⁶ s/op
Warm-up 4: ≈ 10⁻⁶ s/op
Warm-up 5: ≈ 10⁻⁶ s/op
Warm-up 6: ≈ 10⁻⁶ s/op
Warm-up 7: ≈ 10⁻⁶ s/op
Warm-up 8: ≈ 10⁻⁶ s/op
Iteration 1: ≈ 10⁻⁶ s/op
Iteration 2: ≈ 10⁻⁶ s/op
Iteration 3: ≈ 10⁻⁶ s/op
Iteration 4: ≈ 10⁻⁶ s/op
Iteration 5: ≈ 10⁻⁶ s/op
Iteration 6: ≈ 10⁻⁶ s/op
Iteration 7: ≈ 10⁻⁶ s/op
Iteration 8: ≈ 10⁻⁶ s/op
Iteration 9: ≈ 10⁻⁶ s/op
Iteration 10: ≈ 10⁻⁶ s/op
Iteration 11: ≈ 10⁻⁶ s/op
Iteration 12: ≈ 10⁻⁶ s/op
Iteration 13: ≈ 10⁻⁶ s/op
Iteration 14: ≈ 10⁻⁶ s/op
Iteration 15: ≈ 10⁻⁶ s/op

Warm-up 1: ≈ 10⁻⁵ s/op
Warm-up 2: ≈ 10⁻⁶ s/op
Warm-up 3: ≈ 10⁻⁶ s/op
Warm-up 4: ≈ 10⁻⁶ s/op
Warm-up 5: ≈ 10⁻⁶ s/op
Warm-up 6: ≈ 10⁻⁶ s/op
Warm-up 7: ≈ 10⁻⁶ s/op
Warm-up 8: ≈ 10⁻⁶ s/op
Iteration 1: ≈ 10⁻⁶ s/op
Iteration 2: ≈ 10⁻⁶ s/op
Iteration 3: ≈ 10⁻⁶ s/op
Iteration 4: ≈ 10⁻⁶ s/op
Iteration 5: ≈ 10⁻⁶ s/op
Iteration 6: ≈ 10⁻⁶ s/op
Iteration 7: ≈ 10⁻⁶ s/op
Iteration 8: ≈ 10⁻⁶ s/op
Iteration 9: ≈ 10⁻⁶ s/op
Iteration 10: ≈ 10⁻⁶ s/op
Iteration 11: ≈ 10⁻⁶ s/op
Iteration 12: ≈ 10⁻⁶ s/op
Iteration 13: ≈ 10⁻⁶ s/op
Iteration 14: ≈ 10⁻⁵ s/op
Iteration 15: ≈ 10⁻⁶ s/op

  Success: ≈ 10⁻⁶ s/op

… com.rafambn.kflate.benchmark.CompressionBenchmarks.rawDeflateDecompressionFromKompress | corpus=simpleText, level=4

Warm-up 1: ≈ 10⁻⁵ s/op
Warm-up 2: ≈ 10⁻⁶ s/op
Warm-up 3: ≈ 10⁻⁶ s/op
Warm-up 4: ≈ 10⁻⁶ s/op
Warm-up 5: ≈ 10⁻⁶ s/op
Warm-up 6: ≈ 10⁻⁶ s/op
Warm-up 7: ≈ 10⁻⁶ s/op
Warm-up 8: ≈ 10⁻⁶ s/op
Iteration 1: ≈ 10⁻⁶ s/op
Iteration 2: ≈ 10⁻⁶ s/op
Iteration 3: ≈ 10⁻⁶ s/op
Iteration 4: ≈ 10⁻⁶ s/op
Iteration 5: ≈ 10⁻⁶ s/op
Iteration 6: ≈ 10⁻⁶ s/op
Iteration 7: ≈ 10⁻⁶ s/op
Iteration 8: ≈ 10⁻⁶ s/op
Iteration 9: ≈ 10⁻⁶ s/op
Iteration 10: ≈ 10⁻⁵ s/op
Iteration 11: ≈ 10⁻⁶ s/op
Iteration 12: ≈ 10⁻⁶ s/op
Iteration 13: ≈ 10⁻⁶ s/op
Iteration 14: ≈ 10⁻⁶ s/op
Iteration 15: ≈ 10⁻⁶ s/op

Warm-up 1: ≈ 10⁻⁵ s/op
Warm-up 2: ≈ 10⁻⁶ s/op
Warm-up 3: ≈ 10⁻⁶ s/op
Warm-up 4: ≈ 10⁻⁶ s/op
Warm-up 5: ≈ 10⁻⁶ s/op
Warm-up 6: ≈ 10⁻⁶ s/op
Warm-up 7: ≈ 10⁻⁶ s/op
Warm-up 8: ≈ 10⁻⁶ s/op
Iteration 1: ≈ 10⁻⁵ s/op
Iteration 2: ≈ 10⁻⁵ s/op
Iteration 3: ≈ 10⁻⁵ s/op
Iteration 4: ≈ 10⁻⁵ s/op
Iteration 5: ≈ 10⁻⁵ s/op
Iteration 6: ≈ 10⁻⁶ s/op
Iteration 7: ≈ 10⁻⁵ s/op
Iteration 8: ≈ 10⁻⁶ s/op
Iteration 9: ≈ 10⁻⁶ s/op
Iteration 10: ≈ 10⁻⁶ s/op
Iteration 11: ≈ 10⁻⁶ s/op
Iteration 12: ≈ 10⁻⁶ s/op
Iteration 13: ≈ 10⁻⁶ s/op
Iteration 14: ≈ 10⁻⁶ s/op
Iteration 15: ≈ 10⁻⁶ s/op

Warm-up 1: ≈ 10⁻⁵ s/op
Warm-up 2: ≈ 10⁻⁶ s/op
Warm-up 3: ≈ 10⁻⁶ s/op
Warm-up 4: ≈ 10⁻⁶ s/op
Warm-up 5: ≈ 10⁻⁶ s/op
Warm-up 6: ≈ 10⁻⁶ s/op
Warm-up 7: ≈ 10⁻⁶ s/op
Warm-up 8: ≈ 10⁻⁶ s/op
Iteration 1: ≈ 10⁻⁶ s/op
Iteration 2: ≈ 10⁻⁶ s/op
Iteration 3: ≈ 10⁻⁶ s/op
Iteration 4: ≈ 10⁻⁶ s/op
Iteration 5: ≈ 10⁻⁶ s/op
Iteration 6: ≈ 10⁻⁶ s/op
Iteration 7: ≈ 10⁻⁵ s/op
Iteration 8: ≈ 10⁻⁶ s/op
Iteration 9: ≈ 10⁻⁶ s/op
Iteration 10: ≈ 10⁻⁶ s/op
Iteration 11: ≈ 10⁻⁶ s/op
Iteration 12: ≈ 10⁻⁶ s/op
Iteration 13: ≈ 10⁻⁶ s/op
Iteration 14: ≈ 10⁻⁶ s/op
Iteration 15: ≈ 10⁻⁶ s/op

  Success: ≈ 10⁻⁶ s/op

… com.rafambn.kflate.benchmark.CompressionBenchmarks.rawDeflateDecompressionFromKompress | corpus=simpleText, level=5

Warm-up 1: ≈ 10⁻⁵ s/op
Warm-up 2: ≈ 10⁻⁶ s/op
Warm-up 3: ≈ 10⁻⁶ s/op
Warm-up 4: ≈ 10⁻⁶ s/op
Warm-up 5: ≈ 10⁻⁶ s/op
Warm-up 6: ≈ 10⁻⁶ s/op
Warm-up 7: ≈ 10⁻⁶ s/op
Warm-up 8: ≈ 10⁻⁶ s/op
Iteration 1: ≈ 10⁻⁶ s/op
Iteration 2: ≈ 10⁻⁶ s/op
Iteration 3: ≈ 10⁻⁶ s/op
Iteration 4: ≈ 10⁻⁶ s/op
Iteration 5: ≈ 10⁻⁶ s/op
Iteration 6: ≈ 10⁻⁶ s/op
Iteration 7: ≈ 10⁻⁶ s/op
Iteration 8: ≈ 10⁻⁶ s/op
Iteration 9: ≈ 10⁻⁶ s/op
Iteration 10: ≈ 10⁻⁶ s/op
Iteration 11: ≈ 10⁻⁶ s/op
Iteration 12: ≈ 10⁻⁶ s/op
Iteration 13: ≈ 10⁻⁶ s/op
Iteration 14: ≈ 10⁻⁶ s/op
Iteration 15: ≈ 10⁻⁶ s/op

Warm-up 1: ≈ 10⁻⁵ s/op
Warm-up 2: ≈ 10⁻⁶ s/op
Warm-up 3: ≈ 10⁻⁶ s/op
Warm-up 4: ≈ 10⁻⁶ s/op
Warm-up 5: ≈ 10⁻⁶ s/op
Warm-up 6: ≈ 10⁻⁶ s/op
Warm-up 7: ≈ 10⁻⁶ s/op
Warm-up 8: ≈ 10⁻⁶ s/op
Iteration 1: ≈ 10⁻⁶ s/op
Iteration 2: ≈ 10⁻⁶ s/op
Iteration 3: ≈ 10⁻⁶ s/op
Iteration 4: ≈ 10⁻⁶ s/op
Iteration 5: ≈ 10⁻⁶ s/op
Iteration 6: ≈ 10⁻⁶ s/op
Iteration 7: ≈ 10⁻⁶ s/op
Iteration 8: ≈ 10⁻⁶ s/op
Iteration 9: ≈ 10⁻⁶ s/op
Iteration 10: ≈ 10⁻⁶ s/op
Iteration 11: ≈ 10⁻⁶ s/op
Iteration 12: ≈ 10⁻⁶ s/op
Iteration 13: ≈ 10⁻⁶ s/op
Iteration 14: ≈ 10⁻⁶ s/op
Iteration 15: ≈ 10⁻⁶ s/op

Warm-up 1: ≈ 10⁻⁵ s/op
Warm-up 2: ≈ 10⁻⁶ s/op
Warm-up 3: ≈ 10⁻⁶ s/op
Warm-up 4: ≈ 10⁻⁶ s/op
Warm-up 5: ≈ 10⁻⁶ s/op
Warm-up 6: ≈ 10⁻⁶ s/op
Warm-up 7: ≈ 10⁻⁶ s/op
Warm-up 8: ≈ 10⁻⁶ s/op
Iteration 1: ≈ 10⁻⁶ s/op
Iteration 2: ≈ 10⁻⁶ s/op
Iteration 3: ≈ 10⁻⁶ s/op
Iteration 4: ≈ 10⁻⁶ s/op
Iteration 5: ≈ 10⁻⁶ s/op
Iteration 6: ≈ 10⁻⁶ s/op
Iteration 7: ≈ 10⁻⁶ s/op
Iteration 8: ≈ 10⁻⁶ s/op
Iteration 9: ≈ 10⁻⁶ s/op
Iteration 10: ≈ 10⁻⁶ s/op
Iteration 11: ≈ 10⁻⁶ s/op
Iteration 12: ≈ 10⁻⁶ s/op
Iteration 13: ≈ 10⁻⁶ s/op
Iteration 14: ≈ 10⁻⁶ s/op
Iteration 15: ≈ 10⁻⁶ s/op

  Success: ≈ 10⁻⁶ s/op

… com.rafambn.kflate.benchmark.CompressionBenchmarks.rawDeflateDecompressionFromKompress | corpus=simpleText, level=6

Warm-up 1: ≈ 10⁻⁵ s/op
Warm-up 2: ≈ 10⁻⁶ s/op
Warm-up 3: ≈ 10⁻⁶ s/op
Warm-up 4: ≈ 10⁻⁶ s/op
Warm-up 5: ≈ 10⁻⁶ s/op
Warm-up 6: ≈ 10⁻⁶ s/op
Warm-up 7: ≈ 10⁻⁶ s/op
Warm-up 8: ≈ 10⁻⁶ s/op
Iteration 1: ≈ 10⁻⁶ s/op
Iteration 2: ≈ 10⁻⁶ s/op
Iteration 3: ≈ 10⁻⁶ s/op
Iteration 4: ≈ 10⁻⁶ s/op
Iteration 5: ≈ 10⁻⁶ s/op
Iteration 6: ≈ 10⁻⁶ s/op
Iteration 7: ≈ 10⁻⁶ s/op
Iteration 8: ≈ 10⁻⁶ s/op
Iteration 9: ≈ 10⁻⁶ s/op
Iteration 10: ≈ 10⁻⁶ s/op
Iteration 11: ≈ 10⁻⁶ s/op
Iteration 12: ≈ 10⁻⁶ s/op
Iteration 13: ≈ 10⁻⁶ s/op
Iteration 14: ≈ 10⁻⁶ s/op
Iteration 15: ≈ 10⁻⁶ s/op

Warm-up 1: ≈ 10⁻⁵ s/op
Warm-up 2: ≈ 10⁻⁶ s/op
Warm-up 3: ≈ 10⁻⁶ s/op
Warm-up 4: ≈ 10⁻⁶ s/op
Warm-up 5: ≈ 10⁻⁶ s/op
Warm-up 6: ≈ 10⁻⁶ s/op
Warm-up 7: ≈ 10⁻⁶ s/op
Warm-up 8: ≈ 10⁻⁶ s/op
Iteration 1: ≈ 10⁻⁶ s/op
Iteration 2: ≈ 10⁻⁶ s/op
Iteration 3: ≈ 10⁻⁶ s/op
Iteration 4: ≈ 10⁻⁶ s/op
Iteration 5: ≈ 10⁻⁶ s/op
Iteration 6: ≈ 10⁻⁶ s/op
Iteration 7: ≈ 10⁻⁶ s/op
Iteration 8: ≈ 10⁻⁶ s/op
Iteration 9: ≈ 10⁻⁶ s/op
Iteration 10: ≈ 10⁻⁶ s/op
Iteration 11: ≈ 10⁻⁶ s/op
Iteration 12: ≈ 10⁻⁶ s/op
Iteration 13: ≈ 10⁻⁶ s/op
Iteration 14: ≈ 10⁻⁶ s/op
Iteration 15: ≈ 10⁻⁶ s/op

Warm-up 1: ≈ 10⁻⁵ s/op
Warm-up 2: ≈ 10⁻⁶ s/op
Warm-up 3: ≈ 10⁻⁶ s/op
Warm-up 4: ≈ 10⁻⁶ s/op
Warm-up 5: ≈ 10⁻⁶ s/op
Warm-up 6: ≈ 10⁻⁶ s/op
Warm-up 7: ≈ 10⁻⁶ s/op
Warm-up 8: ≈ 10⁻⁶ s/op
Iteration 1: ≈ 10⁻⁶ s/op
Iteration 2: ≈ 10⁻⁶ s/op
Iteration 3: ≈ 10⁻⁶ s/op
Iteration 4: ≈ 10⁻⁶ s/op
Iteration 5: ≈ 10⁻⁶ s/op
Iteration 6: ≈ 10⁻⁶ s/op
Iteration 7: ≈ 10⁻⁶ s/op
Iteration 8: ≈ 10⁻⁶ s/op
Iteration 9: ≈ 10⁻⁶ s/op
Iteration 10: ≈ 10⁻⁶ s/op
Iteration 11: ≈ 10⁻⁶ s/op
Iteration 12: ≈ 10⁻⁶ s/op
Iteration 13: ≈ 10⁻⁶ s/op
Iteration 14: ≈ 10⁻⁶ s/op
Iteration 15: ≈ 10⁻⁶ s/op

  Success: ≈ 10⁻⁶ s/op

… com.rafambn.kflate.benchmark.CompressionBenchmarks.rawDeflateDecompressionFromKompress | corpus=simpleText, level=7

Warm-up 1: ≈ 10⁻⁵ s/op
Warm-up 2: ≈ 10⁻⁶ s/op
Warm-up 3: ≈ 10⁻⁶ s/op
Warm-up 4: ≈ 10⁻⁶ s/op
Warm-up 5: ≈ 10⁻⁶ s/op
Warm-up 6: ≈ 10⁻⁶ s/op
Warm-up 7: ≈ 10⁻⁵ s/op
Warm-up 8: ≈ 10⁻⁵ s/op
Iteration 1: ≈ 10⁻⁵ s/op
Iteration 2: ≈ 10⁻⁵ s/op
Iteration 3: ≈ 10⁻⁵ s/op
Iteration 4: ≈ 10⁻⁵ s/op
Iteration 5: ≈ 10⁻⁵ s/op
Iteration 6: ≈ 10⁻⁵ s/op
Iteration 7: ≈ 10⁻⁵ s/op
Iteration 8: ≈ 10⁻⁵ s/op
Iteration 9: ≈ 10⁻⁶ s/op
Iteration 10: ≈ 10⁻⁶ s/op
Iteration 11: ≈ 10⁻⁶ s/op
Iteration 12: ≈ 10⁻⁶ s/op
Iteration 13: ≈ 10⁻⁶ s/op
Iteration 14: ≈ 10⁻⁶ s/op
Iteration 15: ≈ 10⁻⁶ s/op

Warm-up 1: ≈ 10⁻⁵ s/op
Warm-up 2: ≈ 10⁻⁶ s/op
Warm-up 3: ≈ 10⁻⁶ s/op
Warm-up 4: ≈ 10⁻⁶ s/op
Warm-up 5: ≈ 10⁻⁶ s/op
Warm-up 6: ≈ 10⁻⁵ s/op
Warm-up 7: ≈ 10⁻⁵ s/op
Warm-up 8: ≈ 10⁻⁶ s/op
Iteration 1: ≈ 10⁻⁶ s/op
Iteration 2: ≈ 10⁻⁶ s/op
Iteration 3: ≈ 10⁻⁶ s/op
Iteration 4: ≈ 10⁻⁶ s/op
Iteration 5: ≈ 10⁻⁶ s/op
Iteration 6: ≈ 10⁻⁶ s/op
Iteration 7: ≈ 10⁻⁶ s/op
Iteration 8: ≈ 10⁻⁶ s/op
Iteration 9: ≈ 10⁻⁶ s/op
Iteration 10: ≈ 10⁻⁶ s/op
Iteration 11: ≈ 10⁻⁶ s/op
Iteration 12: ≈ 10⁻⁶ s/op
Iteration 13: ≈ 10⁻⁶ s/op
Iteration 14: ≈ 10⁻⁶ s/op
Iteration 15: ≈ 10⁻⁶ s/op

Warm-up 1: ≈ 10⁻⁵ s/op
Warm-up 2: ≈ 10⁻⁶ s/op
Warm-up 3: ≈ 10⁻⁶ s/op
Warm-up 4: ≈ 10⁻⁶ s/op
Warm-up 5: ≈ 10⁻⁶ s/op
Warm-up 6: ≈ 10⁻⁶ s/op
Warm-up 7: ≈ 10⁻⁶ s/op
Warm-up 8: ≈ 10⁻⁶ s/op
Iteration 1: ≈ 10⁻⁶ s/op
Iteration 2: ≈ 10⁻⁶ s/op
Iteration 3: ≈ 10⁻⁶ s/op
Iteration 4: ≈ 10⁻⁶ s/op
Iteration 5: ≈ 10⁻⁶ s/op
Iteration 6: ≈ 10⁻⁶ s/op
Iteration 7: ≈ 10⁻⁶ s/op
Iteration 8: ≈ 10⁻⁶ s/op
Iteration 9: ≈ 10⁻⁶ s/op
Iteration 10: ≈ 10⁻⁶ s/op
Iteration 11: ≈ 10⁻⁶ s/op
Iteration 12: ≈ 10⁻⁶ s/op
Iteration 13: ≈ 10⁻⁶ s/op
Iteration 14: ≈ 10⁻⁶ s/op
Iteration 15: ≈ 10⁻⁶ s/op

  Success: ≈ 10⁻⁶ s/op

… com.rafambn.kflate.benchmark.CompressionBenchmarks.rawDeflateDecompressionFromKompress | corpus=simpleText, level=8

Warm-up 1: ≈ 10⁻⁵ s/op
Warm-up 2: ≈ 10⁻⁶ s/op
Warm-up 3: ≈ 10⁻⁶ s/op
Warm-up 4: ≈ 10⁻⁶ s/op
Warm-up 5: ≈ 10⁻⁶ s/op
Warm-up 6: ≈ 10⁻⁶ s/op
Warm-up 7: ≈ 10⁻⁶ s/op
Warm-up 8: ≈ 10⁻⁶ s/op
Iteration 1: ≈ 10⁻⁶ s/op
Iteration 2: ≈ 10⁻⁶ s/op
Iteration 3: ≈ 10⁻⁶ s/op
Iteration 4: ≈ 10⁻⁶ s/op
Iteration 5: ≈ 10⁻⁶ s/op
Iteration 6: ≈ 10⁻⁶ s/op
Iteration 7: ≈ 10⁻⁶ s/op
Iteration 8: ≈ 10⁻⁶ s/op
Iteration 9: ≈ 10⁻⁶ s/op
Iteration 10: ≈ 10⁻⁶ s/op
Iteration 11: ≈ 10⁻⁶ s/op
Iteration 12: ≈ 10⁻⁶ s/op
Iteration 13: ≈ 10⁻⁵ s/op
Iteration 14: ≈ 10⁻⁶ s/op
Iteration 15: ≈ 10⁻⁶ s/op

Warm-up 1: ≈ 10⁻⁵ s/op
Warm-up 2: ≈ 10⁻⁶ s/op
Warm-up 3: ≈ 10⁻⁶ s/op
Warm-up 4: ≈ 10⁻⁶ s/op
Warm-up 5: ≈ 10⁻⁶ s/op
Warm-up 6: ≈ 10⁻⁶ s/op
Warm-up 7: ≈ 10⁻⁶ s/op
Warm-up 8: ≈ 10⁻⁶ s/op
Iteration 1: ≈ 10⁻⁶ s/op
Iteration 2: ≈ 10⁻⁶ s/op
Iteration 3: ≈ 10⁻⁶ s/op
Iteration 4: ≈ 10⁻⁶ s/op
Iteration 5: ≈ 10⁻⁶ s/op
Iteration 6: ≈ 10⁻⁶ s/op
Iteration 7: ≈ 10⁻⁶ s/op
Iteration 8: ≈ 10⁻⁶ s/op
Iteration 9: ≈ 10⁻⁶ s/op
Iteration 10: ≈ 10⁻⁶ s/op
Iteration 11: ≈ 10⁻⁶ s/op
Iteration 12: ≈ 10⁻⁶ s/op
Iteration 13: ≈ 10⁻⁶ s/op
Iteration 14: ≈ 10⁻⁶ s/op
Iteration 15: ≈ 10⁻⁶ s/op

Warm-up 1: ≈ 10⁻⁵ s/op
Warm-up 2: ≈ 10⁻⁶ s/op
Warm-up 3: ≈ 10⁻⁶ s/op
Warm-up 4: ≈ 10⁻⁶ s/op
Warm-up 5: ≈ 10⁻⁶ s/op
Warm-up 6: ≈ 10⁻⁶ s/op
Warm-up 7: ≈ 10⁻⁶ s/op
Warm-up 8: ≈ 10⁻⁶ s/op
Iteration 1: ≈ 10⁻⁶ s/op
Iteration 2: ≈ 10⁻⁶ s/op
Iteration 3: ≈ 10⁻⁶ s/op
Iteration 4: ≈ 10⁻⁶ s/op
Iteration 5: ≈ 10⁻⁶ s/op
Iteration 6: ≈ 10⁻⁶ s/op
Iteration 7: ≈ 10⁻⁶ s/op
Iteration 8: ≈ 10⁻⁶ s/op
Iteration 9: ≈ 10⁻⁶ s/op
Iteration 10: ≈ 10⁻⁶ s/op
Iteration 11: ≈ 10⁻⁶ s/op
Iteration 12: ≈ 10⁻⁶ s/op
Iteration 13: ≈ 10⁻⁶ s/op
Iteration 14: ≈ 10⁻⁶ s/op
Iteration 15: ≈ 10⁻⁶ s/op

  Success: ≈ 10⁻⁶ s/op

… com.rafambn.kflate.benchmark.CompressionBenchmarks.rawDeflateDecompressionFromKompress | corpus=simpleText, level=9

Warm-up 1: ≈ 10⁻⁵ s/op
Warm-up 2: ≈ 10⁻⁶ s/op
Warm-up 3: ≈ 10⁻⁶ s/op
Warm-up 4: ≈ 10⁻⁶ s/op
Warm-up 5: ≈ 10⁻⁶ s/op
Warm-up 6: ≈ 10⁻⁶ s/op
Warm-up 7: ≈ 10⁻⁶ s/op
Warm-up 8: ≈ 10⁻⁶ s/op
Iteration 1: ≈ 10⁻⁶ s/op
Iteration 2: ≈ 10⁻⁶ s/op
Iteration 3: ≈ 10⁻⁶ s/op
Iteration 4: ≈ 10⁻⁶ s/op
Iteration 5: ≈ 10⁻⁶ s/op
Iteration 6: ≈ 10⁻⁶ s/op
Iteration 7: ≈ 10⁻⁶ s/op
Iteration 8: ≈ 10⁻⁶ s/op
Iteration 9: ≈ 10⁻⁶ s/op
Iteration 10: ≈ 10⁻⁶ s/op
Iteration 11: ≈ 10⁻⁶ s/op
Iteration 12: ≈ 10⁻⁶ s/op
Iteration 13: ≈ 10⁻⁶ s/op
Iteration 14: ≈ 10⁻⁶ s/op
Iteration 15: ≈ 10⁻⁶ s/op

Warm-up 1: ≈ 10⁻⁵ s/op
Warm-up 2: ≈ 10⁻⁶ s/op
Warm-up 3: ≈ 10⁻⁶ s/op
Warm-up 4: ≈ 10⁻⁶ s/op
Warm-up 5: ≈ 10⁻⁶ s/op
Warm-up 6: ≈ 10⁻⁶ s/op
Warm-up 7: ≈ 10⁻⁶ s/op
Warm-up 8: ≈ 10⁻⁶ s/op
Iteration 1: ≈ 10⁻⁶ s/op
Iteration 2: ≈ 10⁻⁶ s/op
Iteration 3: ≈ 10⁻⁶ s/op
Iteration 4: ≈ 10⁻⁶ s/op
Iteration 5: ≈ 10⁻⁶ s/op
Iteration 6: ≈ 10⁻⁶ s/op
Iteration 7: ≈ 10⁻⁶ s/op
Iteration 8: ≈ 10⁻⁶ s/op
Iteration 9: ≈ 10⁻⁶ s/op
Iteration 10: ≈ 10⁻⁶ s/op
Iteration 11: ≈ 10⁻⁶ s/op
Iteration 12: ≈ 10⁻⁶ s/op
Iteration 13: ≈ 10⁻⁶ s/op
Iteration 14: ≈ 10⁻⁶ s/op
Iteration 15: ≈ 10⁻⁶ s/op

Warm-up 1: ≈ 10⁻⁵ s/op
Warm-up 2: ≈ 10⁻⁶ s/op
Warm-up 3: ≈ 10⁻⁶ s/op
Warm-up 4: ≈ 10⁻⁶ s/op
Warm-up 5: ≈ 10⁻⁵ s/op
Warm-up 6: ≈ 10⁻⁶ s/op
Warm-up 7: ≈ 10⁻⁶ s/op
Warm-up 8: ≈ 10⁻⁶ s/op
Iteration 1: ≈ 10⁻⁶ s/op
Iteration 2: ≈ 10⁻⁶ s/op
Iteration 3: ≈ 10⁻⁶ s/op
Iteration 4: ≈ 10⁻⁶ s/op
Iteration 5: ≈ 10⁻⁶ s/op
Iteration 6: ≈ 10⁻⁶ s/op
Iteration 7: ≈ 10⁻⁶ s/op
Iteration 8: ≈ 10⁻⁶ s/op
Iteration 9: ≈ 10⁻⁶ s/op
Iteration 10: ≈ 10⁻⁶ s/op
Iteration 11: ≈ 10⁻⁶ s/op
Iteration 12: ≈ 10⁻⁶ s/op
Iteration 13: ≈ 10⁻⁶ s/op
Iteration 14: ≈ 10⁻⁶ s/op
Iteration 15: ≈ 10⁻⁶ s/op

  Success: ≈ 10⁻⁶ s/op

… com.rafambn.kflate.benchmark.CompressionBenchmarks.rawDeflateDecompressionFromKompress | corpus=text, level=0

Warm-up 1: ≈ 10⁻³ s/op
Warm-up 2: ≈ 10⁻³ s/op
Warm-up 3: ≈ 10⁻³ s/op
Warm-up 4: ≈ 10⁻³ s/op
Warm-up 5: ≈ 10⁻³ s/op
Warm-up 6: ≈ 10⁻³ s/op
Warm-up 7: ≈ 10⁻³ s/op
Warm-up 8: ≈ 10⁻³ s/op
Iteration 1: ≈ 10⁻³ s/op
Iteration 2: ≈ 10⁻³ s/op
Iteration 3: ≈ 10⁻³ s/op
Iteration 4: ≈ 10⁻³ s/op
Iteration 5: ≈ 10⁻³ s/op
Iteration 6: ≈ 10⁻³ s/op
Iteration 7: ≈ 10⁻³ s/op
Iteration 8: ≈ 10⁻³ s/op
Iteration 9: ≈ 10⁻³ s/op
Iteration 10: ≈ 10⁻³ s/op
Iteration 11: ≈ 10⁻³ s/op
Iteration 12: ≈ 10⁻³ s/op
Iteration 13: ≈ 10⁻³ s/op
Iteration 14: ≈ 10⁻³ s/op
Iteration 15: ≈ 10⁻³ s/op

Warm-up 1: ≈ 10⁻³ s/op
Warm-up 2: ≈ 10⁻³ s/op
Warm-up 3: ≈ 10⁻³ s/op
Warm-up 4: ≈ 10⁻³ s/op
Warm-up 5: ≈ 10⁻³ s/op
Warm-up 6: ≈ 10⁻³ s/op
Warm-up 7: ≈ 10⁻³ s/op
Warm-up 8: ≈ 10⁻³ s/op
Iteration 1: ≈ 10⁻³ s/op
Iteration 2: ≈ 10⁻³ s/op
Iteration 3: ≈ 10⁻³ s/op
Iteration 4: ≈ 10⁻³ s/op
Iteration 5: ≈ 10⁻³ s/op
Iteration 6: ≈ 10⁻³ s/op
Iteration 7: ≈ 10⁻³ s/op
Iteration 8: ≈ 10⁻³ s/op
Iteration 9: ≈ 10⁻³ s/op
Iteration 10: ≈ 10⁻³ s/op
Iteration 11: ≈ 10⁻³ s/op
Iteration 12: ≈ 10⁻³ s/op
Iteration 13: ≈ 10⁻³ s/op
Iteration 14: ≈ 10⁻³ s/op
Iteration 15: ≈ 10⁻³ s/op

Warm-up 1: ≈ 10⁻³ s/op
Warm-up 2: ≈ 10⁻³ s/op
Warm-up 3: ≈ 10⁻³ s/op
Warm-up 4: ≈ 10⁻³ s/op
Warm-up 5: ≈ 10⁻³ s/op
Warm-up 6: ≈ 10⁻³ s/op
Warm-up 7: ≈ 10⁻³ s/op
Warm-up 8: ≈ 10⁻³ s/op
Iteration 1: ≈ 10⁻³ s/op
Iteration 2: ≈ 10⁻³ s/op
Iteration 3: ≈ 10⁻³ s/op
Iteration 4: ≈ 10⁻³ s/op
Iteration 5: ≈ 10⁻³ s/op
Iteration 6: ≈ 10⁻³ s/op
Iteration 7: ≈ 10⁻³ s/op
Iteration 8: ≈ 10⁻³ s/op
Iteration 9: ≈ 10⁻³ s/op
Iteration 10: ≈ 10⁻³ s/op
Iteration 11: ≈ 10⁻³ s/op
Iteration 12: ≈ 10⁻³ s/op
Iteration 13: ≈ 10⁻³ s/op
Iteration 14: ≈ 10⁻³ s/op
Iteration 15: ≈ 10⁻³ s/op

  Success: ≈ 10⁻³ s/op

… com.rafambn.kflate.benchmark.CompressionBenchmarks.rawDeflateDecompressionFromKompress | corpus=text, level=1

Warm-up 1: 0.009 s/op
Warm-up 2: 0.008 s/op
Warm-up 3: 0.009 s/op
Warm-up 4: 0.009 s/op
Warm-up 5: 0.009 s/op
Warm-up 6: 0.009 s/op
Warm-up 7: 0.009 s/op
Warm-up 8: 0.009 s/op
Iteration 1: 0.009 s/op
Iteration 2: 0.009 s/op
Iteration 3: 0.009 s/op
Iteration 4: 0.009 s/op
Iteration 5: 0.009 s/op
Iteration 6: 0.009 s/op
Iteration 7: 0.009 s/op
Iteration 8: 0.009 s/op
Iteration 9: 0.009 s/op
Iteration 10: 0.009 s/op
Iteration 11: 0.008 s/op
Iteration 12: 0.009 s/op
Iteration 13: 0.009 s/op
Iteration 14: 0.009 s/op
Iteration 15: 0.009 s/op

Warm-up 1: 0.010 s/op
Warm-up 2: 0.008 s/op
Warm-up 3: 0.008 s/op
Warm-up 4: 0.008 s/op
Warm-up 5: 0.008 s/op
Warm-up 6: 0.008 s/op
Warm-up 7: 0.008 s/op
Warm-up 8: 0.008 s/op
Iteration 1: 0.008 s/op
Iteration 2: 0.009 s/op
Iteration 3: 0.009 s/op
Iteration 4: 0.008 s/op
Iteration 5: 0.008 s/op
Iteration 6: 0.008 s/op
Iteration 7: 0.008 s/op
Iteration 8: 0.008 s/op
Iteration 9: 0.008 s/op
Iteration 10: 0.008 s/op
Iteration 11: 0.008 s/op
Iteration 12: 0.008 s/op
Iteration 13: 0.008 s/op
Iteration 14: 0.008 s/op
Iteration 15: 0.008 s/op

Warm-up 1: 0.009 s/op
Warm-up 2: 0.008 s/op
Warm-up 3: 0.008 s/op
Warm-up 4: 0.008 s/op
Warm-up 5: 0.008 s/op
Warm-up 6: 0.008 s/op
Warm-up 7: 0.009 s/op
Warm-up 8: 0.009 s/op
Iteration 1: 0.009 s/op
Iteration 2: 0.009 s/op
Iteration 3: 0.009 s/op
Iteration 4: 0.009 s/op
Iteration 5: 0.009 s/op
Iteration 6: 0.009 s/op
Iteration 7: 0.009 s/op
Iteration 8: 0.009 s/op
Iteration 9: 0.009 s/op
Iteration 10: 0.008 s/op
Iteration 11: 0.008 s/op
Iteration 12: 0.008 s/op
Iteration 13: 0.009 s/op
Iteration 14: 0.008 s/op
Iteration 15: 0.008 s/op

  Success: 0.009 ±(99.9%) 0.001 s/op [Average]
  (min, avg, max) = (0.008, 0.009, 0.009), stdev = 0.001
  CI (99.9%): [0.008, 0.009] (assumes normal distribution)

… com.rafambn.kflate.benchmark.CompressionBenchmarks.rawDeflateDecompressionFromKompress | corpus=text, level=2

Warm-up 1: 0.010 s/op
Warm-up 2: 0.008 s/op
Warm-up 3: 0.009 s/op
Warm-up 4: 0.009 s/op
Warm-up 5: 0.009 s/op
Warm-up 6: 0.009 s/op
Warm-up 7: 0.009 s/op
Warm-up 8: 0.009 s/op
Iteration 1: 0.009 s/op
Iteration 2: 0.009 s/op
Iteration 3: 0.009 s/op
Iteration 4: 0.009 s/op
Iteration 5: 0.009 s/op
Iteration 6: 0.008 s/op
Iteration 7: 0.008 s/op
Iteration 8: 0.008 s/op
Iteration 9: 0.008 s/op
Iteration 10: 0.008 s/op
Iteration 11: 0.008 s/op
Iteration 12: 0.008 s/op
Iteration 13: 0.008 s/op
Iteration 14: 0.008 s/op
Iteration 15: 0.008 s/op

Warm-up 1: 0.009 s/op
Warm-up 2: 0.008 s/op
Warm-up 3: 0.008 s/op
Warm-up 4: 0.009 s/op
Warm-up 5: 0.009 s/op
Warm-up 6: 0.009 s/op
Warm-up 7: 0.009 s/op
Warm-up 8: 0.009 s/op
Iteration 1: 0.008 s/op
Iteration 2: 0.008 s/op
Iteration 3: 0.010 s/op
Iteration 4: 0.009 s/op
Iteration 5: 0.009 s/op
Iteration 6: 0.009 s/op
Iteration 7: 0.009 s/op
Iteration 8: 0.009 s/op
Iteration 9: 0.009 s/op
Iteration 10: 0.009 s/op
Iteration 11: 0.009 s/op
Iteration 12: 0.009 s/op
Iteration 13: 0.008 s/op
Iteration 14: 0.009 s/op
Iteration 15: 0.009 s/op

Warm-up 1: 0.010 s/op
Warm-up 2: 0.009 s/op
Warm-up 3: 0.009 s/op
Warm-up 4: 0.009 s/op
Warm-up 5: 0.009 s/op
Warm-up 6: 0.009 s/op
Warm-up 7: 0.009 s/op
Warm-up 8: 0.009 s/op
Iteration 1: 0.009 s/op
Iteration 2: 0.009 s/op
Iteration 3: 0.009 s/op
Iteration 4: 0.009 s/op
Iteration 5: 0.009 s/op
Iteration 6: 0.009 s/op
Iteration 7: 0.009 s/op
Iteration 8: 0.008 s/op
Iteration 9: 0.009 s/op
Iteration 10: 0.009 s/op
Iteration 11: 0.009 s/op
Iteration 12: 0.009 s/op
Iteration 13: 0.009 s/op
Iteration 14: 0.009 s/op
Iteration 15: 0.009 s/op

  Success: 0.009 ±(99.9%) 0.001 s/op [Average]
  (min, avg, max) = (0.008, 0.009, 0.010), stdev = 0.001
  CI (99.9%): [0.008, 0.009] (assumes normal distribution)

… com.rafambn.kflate.benchmark.CompressionBenchmarks.rawDeflateDecompressionFromKompress | corpus=text, level=3

Warm-up 1: 0.010 s/op
Warm-up 2: 0.009 s/op
Warm-up 3: 0.009 s/op
Warm-up 4: 0.009 s/op
Warm-up 5: 0.009 s/op
Warm-up 6: 0.009 s/op
Warm-up 7: 0.009 s/op
Warm-up 8: 0.009 s/op
Iteration 1: 0.009 s/op
Iteration 2: 0.009 s/op
Iteration 3: 0.009 s/op
Iteration 4: 0.009 s/op
Iteration 5: 0.009 s/op
Iteration 6: 0.008 s/op
Iteration 7: 0.008 s/op
Iteration 8: 0.008 s/op
Iteration 9: 0.008 s/op
Iteration 10: 0.008 s/op
Iteration 11: 0.008 s/op
Iteration 12: 0.008 s/op
Iteration 13: 0.008 s/op
Iteration 14: 0.008 s/op
Iteration 15: 0.008 s/op

Warm-up 1: 0.009 s/op
Warm-up 2: 0.008 s/op
Warm-up 3: 0.008 s/op
Warm-up 4: 0.008 s/op
Warm-up 5: 0.008 s/op
Warm-up 6: 0.007 s/op
Warm-up 7: 0.007 s/op
Warm-up 8: 0.007 s/op
Iteration 1: 0.008 s/op
Iteration 2: 0.009 s/op
Iteration 3: 0.008 s/op
Iteration 4: 0.008 s/op
Iteration 5: 0.008 s/op
Iteration 6: 0.008 s/op
Iteration 7: 0.007 s/op
Iteration 8: 0.007 s/op
Iteration 9: 0.007 s/op
Iteration 10: 0.007 s/op
Iteration 11: 0.008 s/op
Iteration 12: 0.008 s/op
Iteration 13: 0.008 s/op
Iteration 14: 0.008 s/op
Iteration 15: 0.008 s/op

Warm-up 1: 0.009 s/op
Warm-up 2: 0.009 s/op
Warm-up 3: 0.008 s/op
Warm-up 4: 0.008 s/op
Warm-up 5: 0.008 s/op
Warm-up 6: 0.009 s/op
Warm-up 7: 0.008 s/op
Warm-up 8: 0.009 s/op
Iteration 1: 0.009 s/op
Iteration 2: 0.009 s/op
Iteration 3: 0.008 s/op
Iteration 4: 0.009 s/op
Iteration 5: 0.009 s/op
Iteration 6: 0.009 s/op
Iteration 7: 0.008 s/op
Iteration 8: 0.008 s/op
Iteration 9: 0.008 s/op
Iteration 10: 0.008 s/op
Iteration 11: 0.008 s/op
Iteration 12: 0.008 s/op
Iteration 13: 0.008 s/op
Iteration 14: 0.008 s/op
Iteration 15: 0.008 s/op

  Success: 0.008 ±(99.9%) 0.001 s/op [Average]
  (min, avg, max) = (0.007, 0.008, 0.009), stdev = 0.001
  CI (99.9%): [0.008, 0.008] (assumes normal distribution)

… com.rafambn.kflate.benchmark.CompressionBenchmarks.rawDeflateDecompressionFromKompress | corpus=text, level=4

Warm-up 1: 0.010 s/op
Warm-up 2: 0.009 s/op
Warm-up 3: 0.009 s/op
Warm-up 4: 0.009 s/op
Warm-up 5: 0.009 s/op
Warm-up 6: 0.008 s/op
Warm-up 7: 0.008 s/op
Warm-up 8: 0.009 s/op
Iteration 1: 0.009 s/op
Iteration 2: 0.009 s/op
Iteration 3: 0.009 s/op
Iteration 4: 0.009 s/op
Iteration 5: 0.009 s/op
Iteration 6: 0.009 s/op
Iteration 7: 0.009 s/op
Iteration 8: 0.009 s/op
Iteration 9: 0.009 s/op
Iteration 10: 0.008 s/op
Iteration 11: 0.009 s/op
Iteration 12: 0.009 s/op
Iteration 13: 0.008 s/op
Iteration 14: 0.008 s/op
Iteration 15: 0.009 s/op

Warm-up 1: 0.009 s/op
Warm-up 2: 0.008 s/op
Warm-up 3: 0.009 s/op
Warm-up 4: 0.009 s/op
Warm-up 5: 0.009 s/op
Warm-up 6: 0.008 s/op
Warm-up 7: 0.007 s/op
Warm-up 8: 0.007 s/op
Iteration 1: 0.008 s/op
Iteration 2: 0.008 s/op
Iteration 3: 0.008 s/op
Iteration 4: 0.008 s/op
Iteration 5: 0.008 s/op
Iteration 6: 0.008 s/op
Iteration 7: 0.009 s/op
Iteration 8: 0.008 s/op
Iteration 9: 0.008 s/op
Iteration 10: 0.008 s/op
Iteration 11: 0.009 s/op
Iteration 12: 0.008 s/op
Iteration 13: 0.008 s/op
Iteration 14: 0.008 s/op
Iteration 15: 0.007 s/op

Warm-up 1: 0.010 s/op
Warm-up 2: 0.009 s/op
Warm-up 3: 0.009 s/op
Warm-up 4: 0.009 s/op
Warm-up 5: 0.008 s/op
Warm-up 6: 0.009 s/op
Warm-up 7: 0.009 s/op
Warm-up 8: 0.008 s/op
Iteration 1: 0.008 s/op
Iteration 2: 0.008 s/op
Iteration 3: 0.008 s/op
Iteration 4: 0.008 s/op
Iteration 5: 0.007 s/op
Iteration 6: 0.008 s/op
Iteration 7: 0.009 s/op
Iteration 8: 0.007 s/op
Iteration 9: 0.009 s/op
Iteration 10: 0.008 s/op
Iteration 11: 0.009 s/op
Iteration 12: 0.009 s/op
Iteration 13: 0.009 s/op
Iteration 14: 0.009 s/op
Iteration 15: 0.009 s/op

  Success: 0.008 ±(99.9%) 0.001 s/op [Average]
  (min, avg, max) = (0.007, 0.008, 0.009), stdev = 0.001
  CI (99.9%): [0.008, 0.009] (assumes normal distribution)

… com.rafambn.kflate.benchmark.CompressionBenchmarks.rawDeflateDecompressionFromKompress | corpus=text, level=5

Warm-up 1: 0.010 s/op
Warm-up 2: 0.009 s/op
Warm-up 3: 0.008 s/op
Warm-up 4: 0.007 s/op
Warm-up 5: 0.008 s/op
Warm-up 6: 0.008 s/op
Warm-up 7: 0.009 s/op
Warm-up 8: 0.009 s/op
Iteration 1: 0.008 s/op
Iteration 2: 0.007 s/op
Iteration 3: 0.008 s/op
Iteration 4: 0.008 s/op
Iteration 5: 0.008 s/op
Iteration 6: 0.008 s/op
Iteration 7: 0.008 s/op
Iteration 8: 0.009 s/op
Iteration 9: 0.009 s/op
Iteration 10: 0.009 s/op
Iteration 11: 0.009 s/op
Iteration 12: 0.008 s/op
Iteration 13: 0.008 s/op
Iteration 14: 0.008 s/op
Iteration 15: 0.008 s/op

Warm-up 1: 0.008 s/op
Warm-up 2: 0.008 s/op
Warm-up 3: 0.008 s/op
Warm-up 4: 0.008 s/op
Warm-up 5: 0.008 s/op
Warm-up 6: 0.008 s/op
Warm-up 7: 0.008 s/op
Warm-up 8: 0.009 s/op
Iteration 1: 0.009 s/op
Iteration 2: 0.009 s/op
Iteration 3: 0.009 s/op
Iteration 4: 0.009 s/op
Iteration 5: 0.009 s/op
Iteration 6: 0.009 s/op
Iteration 7: 0.009 s/op
Iteration 8: 0.009 s/op
Iteration 9: 0.009 s/op
Iteration 10: 0.009 s/op
Iteration 11: 0.009 s/op
Iteration 12: 0.008 s/op
Iteration 13: 0.008 s/op
Iteration 14: 0.008 s/op
Iteration 15: 0.008 s/op

Warm-up 1: 0.008 s/op
Warm-up 2: 0.007 s/op
Warm-up 3: 0.007 s/op
Warm-up 4: 0.007 s/op
Warm-up 5: 0.007 s/op
Warm-up 6: 0.007 s/op
Warm-up 7: 0.007 s/op
Warm-up 8: 0.007 s/op
Iteration 1: 0.008 s/op
Iteration 2: 0.008 s/op
Iteration 3: 0.008 s/op
Iteration 4: 0.008 s/op
Iteration 5: 0.008 s/op
Iteration 6: 0.008 s/op
Iteration 7: 0.009 s/op
Iteration 8: 0.008 s/op
Iteration 9: 0.009 s/op
Iteration 10: 0.009 s/op
Iteration 11: 0.009 s/op
Iteration 12: 0.008 s/op
Iteration 13: 0.009 s/op
Iteration 14: 0.009 s/op
Iteration 15: 0.009 s/op

  Success: 0.008 ±(99.9%) 0.001 s/op [Average]
  (min, avg, max) = (0.007, 0.008, 0.009), stdev = 0.001
  CI (99.9%): [0.008, 0.009] (assumes normal distribution)

… com.rafambn.kflate.benchmark.CompressionBenchmarks.rawDeflateDecompressionFromKompress | corpus=text, level=6

Warm-up 1: 0.010 s/op
Warm-up 2: 0.009 s/op
Warm-up 3: 0.009 s/op
Warm-up 4: 0.009 s/op
Warm-up 5: 0.009 s/op
Warm-up 6: 0.009 s/op
Warm-up 7: 0.009 s/op
Warm-up 8: 0.009 s/op
Iteration 1: 0.009 s/op
Iteration 2: 0.008 s/op
Iteration 3: 0.008 s/op
Iteration 4: 0.008 s/op
Iteration 5: 0.008 s/op
Iteration 6: 0.008 s/op
Iteration 7: 0.007 s/op
Iteration 8: 0.007 s/op
Iteration 9: 0.008 s/op
Iteration 10: 0.009 s/op
Iteration 11: 0.008 s/op
Iteration 12: 0.007 s/op
Iteration 13: 0.007 s/op
Iteration 14: 0.007 s/op
Iteration 15: 0.007 s/op

Warm-up 1: 0.008 s/op
Warm-up 2: 0.007 s/op
Warm-up 3: 0.007 s/op
Warm-up 4: 0.007 s/op
Warm-up 5: 0.007 s/op
Warm-up 6: 0.007 s/op
Warm-up 7: 0.008 s/op
Warm-up 8: 0.008 s/op
Iteration 1: 0.007 s/op
Iteration 2: 0.008 s/op
Iteration 3: 0.009 s/op
Iteration 4: 0.008 s/op
Iteration 5: 0.007 s/op
Iteration 6: 0.008 s/op
Iteration 7: 0.008 s/op
Iteration 8: 0.008 s/op
Iteration 9: 0.007 s/op
Iteration 10: 0.007 s/op
Iteration 11: 0.008 s/op
Iteration 12: 0.008 s/op
Iteration 13: 0.007 s/op
Iteration 14: 0.007 s/op
Iteration 15: 0.007 s/op

Warm-up 1: 0.010 s/op
Warm-up 2: 0.009 s/op
Warm-up 3: 0.009 s/op
Warm-up 4: 0.008 s/op
Warm-up 5: 0.008 s/op
Warm-up 6: 0.008 s/op
Warm-up 7: 0.008 s/op
Warm-up 8: 0.008 s/op
Iteration 1: 0.007 s/op
Iteration 2: 0.007 s/op
Iteration 3: 0.008 s/op
Iteration 4: 0.009 s/op
Iteration 5: 0.008 s/op
Iteration 6: 0.008 s/op
Iteration 7: 0.008 s/op
Iteration 8: 0.008 s/op
Iteration 9: 0.008 s/op
Iteration 10: 0.009 s/op
Iteration 11: 0.008 s/op
Iteration 12: 0.008 s/op
Iteration 13: 0.009 s/op
Iteration 14: 0.009 s/op
Iteration 15: 0.008 s/op

  Success: 0.008 ±(99.9%) 0.001 s/op [Average]
  (min, avg, max) = (0.007, 0.008, 0.009), stdev = 0.001
  CI (99.9%): [0.008, 0.008] (assumes normal distribution)

… com.rafambn.kflate.benchmark.CompressionBenchmarks.rawDeflateDecompressionFromKompress | corpus=text, level=7

Warm-up 1: 0.008 s/op
Warm-up 2: 0.007 s/op
Warm-up 3: 0.008 s/op
Warm-up 4: 0.008 s/op
Warm-up 5: 0.008 s/op
Warm-up 6: 0.008 s/op
Warm-up 7: 0.008 s/op
Warm-up 8: 0.008 s/op
Iteration 1: 0.008 s/op
Iteration 2: 0.008 s/op
Iteration 3: 0.008 s/op
Iteration 4: 0.008 s/op
Iteration 5: 0.008 s/op
Iteration 6: 0.008 s/op
Iteration 7: 0.008 s/op
Iteration 8: 0.008 s/op
Iteration 9: 0.008 s/op
Iteration 10: 0.007 s/op
Iteration 11: 0.007 s/op
Iteration 12: 0.008 s/op
Iteration 13: 0.007 s/op
Iteration 14: 0.007 s/op
Iteration 15: 0.008 s/op

Warm-up 1: 0.010 s/op
Warm-up 2: 0.008 s/op
Warm-up 3: 0.008 s/op
Warm-up 4: 0.008 s/op
Warm-up 5: 0.008 s/op
Warm-up 6: 0.008 s/op
Warm-up 7: 0.008 s/op
Warm-up 8: 0.009 s/op
Iteration 1: 0.008 s/op
Iteration 2: 0.008 s/op
Iteration 3: 0.008 s/op
Iteration 4: 0.008 s/op
Iteration 5: 0.008 s/op
Iteration 6: 0.008 s/op
Iteration 7: 0.008 s/op
Iteration 8: 0.008 s/op
Iteration 9: 0.008 s/op
Iteration 10: 0.008 s/op
Iteration 11: 0.008 s/op
Iteration 12: 0.008 s/op
Iteration 13: 0.008 s/op
Iteration 14: 0.008 s/op
Iteration 15: 0.008 s/op

Warm-up 1: 0.008 s/op
Warm-up 2: 0.007 s/op
Warm-up 3: 0.008 s/op
Warm-up 4: 0.008 s/op
Warm-up 5: 0.008 s/op
Warm-up 6: 0.007 s/op
Warm-up 7: 0.007 s/op
Warm-up 8: 0.008 s/op
Iteration 1: 0.008 s/op
Iteration 2: 0.008 s/op
Iteration 3: 0.008 s/op
Iteration 4: 0.008 s/op
Iteration 5: 0.008 s/op
Iteration 6: 0.008 s/op
Iteration 7: 0.007 s/op
Iteration 8: 0.007 s/op
Iteration 9: 0.008 s/op
Iteration 10: 0.008 s/op
Iteration 11: 0.008 s/op
Iteration 12: 0.008 s/op
Iteration 13: 0.008 s/op
Iteration 14: 0.008 s/op
Iteration 15: 0.008 s/op

  Success: 0.008 ±(99.9%) 0.001 s/op [Average]
  (min, avg, max) = (0.007, 0.008, 0.008), stdev = 0.001
  CI (99.9%): [0.008, 0.008] (assumes normal distribution)

… com.rafambn.kflate.benchmark.CompressionBenchmarks.rawDeflateDecompressionFromKompress | corpus=text, level=8

Warm-up 1: 0.009 s/op
Warm-up 2: 0.008 s/op
Warm-up 3: 0.008 s/op
Warm-up 4: 0.008 s/op
Warm-up 5: 0.008 s/op
Warm-up 6: 0.008 s/op
Warm-up 7: 0.008 s/op
Warm-up 8: 0.008 s/op
Iteration 1: 0.008 s/op
Iteration 2: 0.008 s/op
Iteration 3: 0.008 s/op
Iteration 4: 0.009 s/op
Iteration 5: 0.008 s/op
Iteration 6: 0.008 s/op
Iteration 7: 0.008 s/op
Iteration 8: 0.008 s/op
Iteration 9: 0.008 s/op
Iteration 10: 0.008 s/op
Iteration 11: 0.008 s/op
Iteration 12: 0.008 s/op
Iteration 13: 0.008 s/op
Iteration 14: 0.008 s/op
Iteration 15: 0.008 s/op

Warm-up 1: 0.010 s/op
Warm-up 2: 0.008 s/op
Warm-up 3: 0.008 s/op
Warm-up 4: 0.008 s/op
Warm-up 5: 0.008 s/op
Warm-up 6: 0.009 s/op
Warm-up 7: 0.009 s/op
Warm-up 8: 0.008 s/op
Iteration 1: 0.008 s/op
Iteration 2: 0.008 s/op
Iteration 3: 0.008 s/op
Iteration 4: 0.009 s/op
Iteration 5: 0.008 s/op
Iteration 6: 0.008 s/op
Iteration 7: 0.008 s/op
Iteration 8: 0.008 s/op
Iteration 9: 0.008 s/op
Iteration 10: 0.009 s/op
Iteration 11: 0.009 s/op
Iteration 12: 0.008 s/op
Iteration 13: 0.009 s/op
Iteration 14: 0.008 s/op
Iteration 15: 0.008 s/op

Warm-up 1: 0.010 s/op
Warm-up 2: 0.008 s/op
Warm-up 3: 0.008 s/op
Warm-up 4: 0.008 s/op
Warm-up 5: 0.008 s/op
Warm-up 6: 0.008 s/op
Warm-up 7: 0.008 s/op
Warm-up 8: 0.008 s/op
Iteration 1: 0.008 s/op
Iteration 2: 0.008 s/op
Iteration 3: 0.008 s/op
Iteration 4: 0.009 s/op
Iteration 5: 0.009 s/op
Iteration 6: 0.009 s/op
Iteration 7: 0.009 s/op
Iteration 8: 0.009 s/op
Iteration 9: 0.009 s/op
Iteration 10: 0.009 s/op
Iteration 11: 0.009 s/op
Iteration 12: 0.008 s/op
Iteration 13: 0.008 s/op
Iteration 14: 0.008 s/op
Iteration 15: 0.008 s/op

  Success: 0.008 ±(99.9%) 0.001 s/op [Average]
  (min, avg, max) = (0.008, 0.008, 0.009), stdev = 0.001
  CI (99.9%): [0.008, 0.009] (assumes normal distribution)

… com.rafambn.kflate.benchmark.CompressionBenchmarks.rawDeflateDecompressionFromKompress | corpus=text, level=9

Warm-up 1: 0.010 s/op
Warm-up 2: 0.008 s/op
Warm-up 3: 0.009 s/op
Warm-up 4: 0.009 s/op
Warm-up 5: 0.009 s/op
Warm-up 6: 0.009 s/op
Warm-up 7: 0.009 s/op
Warm-up 8: 0.009 s/op
Iteration 1: 0.009 s/op
Iteration 2: 0.009 s/op
Iteration 3: 0.009 s/op
Iteration 4: 0.009 s/op
Iteration 5: 0.009 s/op
Iteration 6: 0.008 s/op
Iteration 7: 0.008 s/op
Iteration 8: 0.009 s/op
Iteration 9: 0.009 s/op
Iteration 10: 0.008 s/op
Iteration 11: 0.009 s/op
Iteration 12: 0.009 s/op
Iteration 13: 0.008 s/op
Iteration 14: 0.007 s/op
Iteration 15: 0.008 s/op

Warm-up 1: 0.008 s/op
Warm-up 2: 0.007 s/op
Warm-up 3: 0.009 s/op
Warm-up 4: 0.008 s/op
Warm-up 5: 0.008 s/op
Warm-up 6: 0.007 s/op
Warm-up 7: 0.008 s/op
Warm-up 8: 0.008 s/op
Iteration 1: 0.007 s/op
Iteration 2: 0.008 s/op
Iteration 3: 0.008 s/op
Iteration 4: 0.007 s/op
Iteration 5: 0.008 s/op
Iteration 6: 0.007 s/op
Iteration 7: 0.007 s/op
Iteration 8: 0.008 s/op
Iteration 9: 0.009 s/op
Iteration 10: 0.009 s/op
Iteration 11: 0.008 s/op
Iteration 12: 0.008 s/op
Iteration 13: 0.008 s/op
Iteration 14: 0.009 s/op
Iteration 15: 0.009 s/op

Warm-up 1: 0.009 s/op
Warm-up 2: 0.009 s/op
Warm-up 3: 0.009 s/op
Warm-up 4: 0.007 s/op
Warm-up 5: 0.007 s/op
Warm-up 6: 0.007 s/op
Warm-up 7: 0.008 s/op
Warm-up 8: 0.008 s/op
Iteration 1: 0.007 s/op
Iteration 2: 0.007 s/op
Iteration 3: 0.008 s/op
Iteration 4: 0.008 s/op
Iteration 5: 0.009 s/op
Iteration 6: 0.009 s/op
Iteration 7: 0.008 s/op
Iteration 8: 0.009 s/op
Iteration 9: 0.009 s/op
Iteration 10: 0.008 s/op
Iteration 11: 0.008 s/op
Iteration 12: 0.008 s/op
Iteration 13: 0.009 s/op
Iteration 14: 0.008 s/op
Iteration 15: 0.007 s/op

  Success: 0.008 ±(99.9%) 0.001 s/op [Average]
  (min, avg, max) = (0.007, 0.008, 0.009), stdev = 0.001
  CI (99.9%): [0.008, 0.008] (assumes normal distribution)

… com.rafambn.kflate.benchmark.CompressionBenchmarks.rawDeflateDecompressionFromKompress | corpus=model3D, level=0

Warm-up 1: ≈ 10⁻⁵ s/op
Warm-up 2: ≈ 10⁻⁶ s/op
Warm-up 3: ≈ 10⁻⁶ s/op
Warm-up 4: ≈ 10⁻⁶ s/op
Warm-up 5: ≈ 10⁻⁶ s/op
Warm-up 6: ≈ 10⁻⁶ s/op
Warm-up 7: ≈ 10⁻⁶ s/op
Warm-up 8: ≈ 10⁻⁶ s/op
Iteration 1: ≈ 10⁻⁶ s/op
Iteration 2: ≈ 10⁻⁶ s/op
Iteration 3: ≈ 10⁻⁶ s/op
Iteration 4: ≈ 10⁻⁶ s/op
Iteration 5: ≈ 10⁻⁶ s/op
Iteration 6: ≈ 10⁻⁶ s/op
Iteration 7: ≈ 10⁻⁶ s/op
Iteration 8: ≈ 10⁻⁶ s/op
Iteration 9: ≈ 10⁻⁶ s/op
Iteration 10: ≈ 10⁻⁶ s/op
Iteration 11: ≈ 10⁻⁶ s/op
Iteration 12: ≈ 10⁻⁶ s/op
Iteration 13: ≈ 10⁻⁶ s/op
Iteration 14: ≈ 10⁻⁶ s/op
Iteration 15: ≈ 10⁻⁶ s/op

Warm-up 1: ≈ 10⁻⁵ s/op
Warm-up 2: ≈ 10⁻⁶ s/op
Warm-up 3: ≈ 10⁻⁶ s/op
Warm-up 4: ≈ 10⁻⁶ s/op
Warm-up 5: ≈ 10⁻⁶ s/op
Warm-up 6: ≈ 10⁻⁶ s/op
Warm-up 7: ≈ 10⁻⁶ s/op
Warm-up 8: ≈ 10⁻⁶ s/op
Iteration 1: ≈ 10⁻⁶ s/op
Iteration 2: ≈ 10⁻⁶ s/op
Iteration 3: ≈ 10⁻⁶ s/op
Iteration 4: ≈ 10⁻⁶ s/op
Iteration 5: ≈ 10⁻⁶ s/op
Iteration 6: ≈ 10⁻⁶ s/op
Iteration 7: ≈ 10⁻⁶ s/op
Iteration 8: ≈ 10⁻⁶ s/op
Iteration 9: ≈ 10⁻⁶ s/op
Iteration 10: ≈ 10⁻⁵ s/op
Iteration 11: ≈ 10⁻⁶ s/op
Iteration 12: ≈ 10⁻⁶ s/op
Iteration 13: ≈ 10⁻⁶ s/op
Iteration 14: ≈ 10⁻⁶ s/op
Iteration 15: ≈ 10⁻⁶ s/op

Warm-up 1: ≈ 10⁻⁵ s/op
Warm-up 2: ≈ 10⁻⁶ s/op
Warm-up 3: ≈ 10⁻⁶ s/op
Warm-up 4: ≈ 10⁻⁶ s/op
Warm-up 5: ≈ 10⁻⁶ s/op
Warm-up 6: ≈ 10⁻⁶ s/op
Warm-up 7: ≈ 10⁻⁶ s/op
Warm-up 8: ≈ 10⁻⁶ s/op
Iteration 1: ≈ 10⁻⁶ s/op
Iteration 2: ≈ 10⁻⁶ s/op
Iteration 3: ≈ 10⁻⁶ s/op
Iteration 4: ≈ 10⁻⁶ s/op
Iteration 5: ≈ 10⁻⁶ s/op
Iteration 6: ≈ 10⁻⁵ s/op
Iteration 7: ≈ 10⁻⁵ s/op
Iteration 8: ≈ 10⁻⁵ s/op
Iteration 9: ≈ 10⁻⁵ s/op
Iteration 10: ≈ 10⁻⁶ s/op
Iteration 11: ≈ 10⁻⁶ s/op
Iteration 12: ≈ 10⁻⁶ s/op
Iteration 13: ≈ 10⁻⁶ s/op
Iteration 14: ≈ 10⁻⁶ s/op
Iteration 15: ≈ 10⁻⁶ s/op

  Success: ≈ 10⁻⁶ s/op

… com.rafambn.kflate.benchmark.CompressionBenchmarks.rawDeflateDecompressionFromKompress | corpus=model3D, level=1

Warm-up 1: ≈ 10⁻⁵ s/op
Warm-up 2: ≈ 10⁻⁵ s/op
Warm-up 3: ≈ 10⁻⁵ s/op
Warm-up 4: ≈ 10⁻⁵ s/op
Warm-up 5: ≈ 10⁻⁵ s/op
Warm-up 6: ≈ 10⁻⁵ s/op
Warm-up 7: ≈ 10⁻⁵ s/op
Warm-up 8: ≈ 10⁻⁵ s/op
Iteration 1: ≈ 10⁻⁵ s/op
Iteration 2: ≈ 10⁻⁵ s/op
Iteration 3: ≈ 10⁻⁵ s/op
Iteration 4: ≈ 10⁻⁵ s/op
Iteration 5: ≈ 10⁻⁵ s/op
Iteration 6: ≈ 10⁻⁵ s/op
Iteration 7: ≈ 10⁻⁵ s/op
Iteration 8: ≈ 10⁻⁵ s/op
Iteration 9: ≈ 10⁻⁵ s/op
Iteration 10: ≈ 10⁻⁵ s/op
Iteration 11: ≈ 10⁻⁵ s/op
Iteration 12: ≈ 10⁻⁵ s/op
Iteration 13: ≈ 10⁻⁵ s/op
Iteration 14: ≈ 10⁻⁵ s/op
Iteration 15: ≈ 10⁻⁵ s/op

Warm-up 1: ≈ 10⁻⁵ s/op
Warm-up 2: ≈ 10⁻⁵ s/op
Warm-up 3: ≈ 10⁻⁵ s/op
Warm-up 4: ≈ 10⁻⁵ s/op
Warm-up 5: ≈ 10⁻⁵ s/op
Warm-up 6: ≈ 10⁻⁵ s/op
Warm-up 7: ≈ 10⁻⁵ s/op
Warm-up 8: ≈ 10⁻⁵ s/op
Iteration 1: ≈ 10⁻⁵ s/op
Iteration 2: ≈ 10⁻⁵ s/op
Iteration 3: ≈ 10⁻⁵ s/op
Iteration 4: ≈ 10⁻⁵ s/op
Iteration 5: ≈ 10⁻⁵ s/op
Iteration 6: ≈ 10⁻⁵ s/op
Iteration 7: ≈ 10⁻⁵ s/op
Iteration 8: ≈ 10⁻⁵ s/op
Iteration 9: ≈ 10⁻⁵ s/op
Iteration 10: ≈ 10⁻⁵ s/op
Iteration 11: ≈ 10⁻⁵ s/op
Iteration 12: ≈ 10⁻⁵ s/op
Iteration 13: ≈ 10⁻⁵ s/op
Iteration 14: ≈ 10⁻⁵ s/op
Iteration 15: ≈ 10⁻⁵ s/op

Warm-up 1: ≈ 10⁻⁵ s/op
Warm-up 2: ≈ 10⁻⁵ s/op
Warm-up 3: ≈ 10⁻⁵ s/op
Warm-up 4: ≈ 10⁻⁵ s/op
Warm-up 5: ≈ 10⁻⁵ s/op
Warm-up 6: ≈ 10⁻⁵ s/op
Warm-up 7: ≈ 10⁻⁵ s/op
Warm-up 8: ≈ 10⁻⁵ s/op
Iteration 1: ≈ 10⁻⁵ s/op
Iteration 2: ≈ 10⁻⁵ s/op
Iteration 3: ≈ 10⁻⁵ s/op
Iteration 4: ≈ 10⁻⁵ s/op
Iteration 5: ≈ 10⁻⁵ s/op
Iteration 6: ≈ 10⁻⁵ s/op
Iteration 7: ≈ 10⁻⁵ s/op
Iteration 8: ≈ 10⁻⁵ s/op
Iteration 9: ≈ 10⁻⁵ s/op
Iteration 10: ≈ 10⁻⁵ s/op
Iteration 11: ≈ 10⁻⁵ s/op
Iteration 12: ≈ 10⁻⁵ s/op
Iteration 13: ≈ 10⁻⁵ s/op
Iteration 14: ≈ 10⁻⁵ s/op
Iteration 15: ≈ 10⁻⁵ s/op

  Success: ≈ 10⁻⁵ s/op

… com.rafambn.kflate.benchmark.CompressionBenchmarks.rawDeflateDecompressionFromKompress | corpus=model3D, level=2

Warm-up 1: ≈ 10⁻⁵ s/op
Warm-up 2: ≈ 10⁻⁵ s/op
Warm-up 3: ≈ 10⁻⁵ s/op
Warm-up 4: ≈ 10⁻⁵ s/op
Warm-up 5: ≈ 10⁻⁵ s/op
Warm-up 6: ≈ 10⁻⁵ s/op
Warm-up 7: ≈ 10⁻⁵ s/op
Warm-up 8: ≈ 10⁻⁵ s/op
Iteration 1: ≈ 10⁻⁵ s/op
Iteration 2: ≈ 10⁻⁵ s/op
Iteration 3: ≈ 10⁻⁵ s/op
Iteration 4: ≈ 10⁻⁵ s/op
Iteration 5: ≈ 10⁻⁵ s/op
Iteration 6: ≈ 10⁻⁵ s/op
Iteration 7: ≈ 10⁻⁵ s/op
Iteration 8: ≈ 10⁻⁵ s/op
Iteration 9: ≈ 10⁻⁵ s/op
Iteration 10: ≈ 10⁻⁵ s/op
Iteration 11: ≈ 10⁻⁵ s/op
Iteration 12: ≈ 10⁻⁵ s/op
Iteration 13: ≈ 10⁻⁵ s/op
Iteration 14: ≈ 10⁻⁵ s/op
Iteration 15: ≈ 10⁻⁵ s/op

Warm-up 1: ≈ 10⁻⁵ s/op
Warm-up 2: ≈ 10⁻⁵ s/op
Warm-up 3: ≈ 10⁻⁵ s/op
Warm-up 4: ≈ 10⁻⁵ s/op
Warm-up 5: ≈ 10⁻⁵ s/op
Warm-up 6: ≈ 10⁻⁵ s/op
Warm-up 7: ≈ 10⁻⁵ s/op
Warm-up 8: ≈ 10⁻⁵ s/op
Iteration 1: ≈ 10⁻⁵ s/op
Iteration 2: ≈ 10⁻⁵ s/op
Iteration 3: ≈ 10⁻⁵ s/op
Iteration 4: ≈ 10⁻⁵ s/op
Iteration 5: ≈ 10⁻⁵ s/op
Iteration 6: ≈ 10⁻⁵ s/op
Iteration 7: ≈ 10⁻⁵ s/op
Iteration 8: ≈ 10⁻⁵ s/op
Iteration 9: ≈ 10⁻⁵ s/op
Iteration 10: ≈ 10⁻⁵ s/op
Iteration 11: ≈ 10⁻⁵ s/op
Iteration 12: ≈ 10⁻⁵ s/op
Iteration 13: ≈ 10⁻⁵ s/op
Iteration 14: ≈ 10⁻⁵ s/op
Iteration 15: ≈ 10⁻⁵ s/op

Warm-up 1: ≈ 10⁻⁵ s/op
Warm-up 2: ≈ 10⁻⁵ s/op
Warm-up 3: ≈ 10⁻⁵ s/op
Warm-up 4: ≈ 10⁻⁵ s/op
Warm-up 5: ≈ 10⁻⁵ s/op
Warm-up 6: ≈ 10⁻⁵ s/op
Warm-up 7: ≈ 10⁻⁵ s/op
Warm-up 8: ≈ 10⁻⁵ s/op
Iteration 1: ≈ 10⁻⁵ s/op
Iteration 2: ≈ 10⁻⁵ s/op
Iteration 3: ≈ 10⁻⁵ s/op
Iteration 4: ≈ 10⁻⁵ s/op
Iteration 5: ≈ 10⁻⁵ s/op
Iteration 6: ≈ 10⁻⁵ s/op
Iteration 7: ≈ 10⁻⁵ s/op
Iteration 8: ≈ 10⁻⁵ s/op
Iteration 9: ≈ 10⁻⁵ s/op
Iteration 10: ≈ 10⁻⁵ s/op
Iteration 11: ≈ 10⁻⁵ s/op
Iteration 12: ≈ 10⁻⁵ s/op
Iteration 13: ≈ 10⁻⁵ s/op
Iteration 14: ≈ 10⁻⁵ s/op
Iteration 15: ≈ 10⁻⁵ s/op

  Success: ≈ 10⁻⁵ s/op

… com.rafambn.kflate.benchmark.CompressionBenchmarks.rawDeflateDecompressionFromKompress | corpus=model3D, level=3

Warm-up 1: ≈ 10⁻⁵ s/op
Warm-up 2: ≈ 10⁻⁵ s/op
Warm-up 3: ≈ 10⁻⁵ s/op
Warm-up 4: ≈ 10⁻⁵ s/op
Warm-up 5: ≈ 10⁻⁵ s/op
Warm-up 6: ≈ 10⁻⁵ s/op
Warm-up 7: ≈ 10⁻⁵ s/op
Warm-up 8: ≈ 10⁻⁵ s/op
Iteration 1: ≈ 10⁻⁵ s/op
Iteration 2: ≈ 10⁻⁵ s/op
Iteration 3: ≈ 10⁻⁵ s/op
Iteration 4: ≈ 10⁻⁵ s/op
Iteration 5: ≈ 10⁻⁵ s/op
Iteration 6: ≈ 10⁻⁵ s/op
Iteration 7: ≈ 10⁻⁵ s/op
Iteration 8: ≈ 10⁻⁵ s/op
Iteration 9: ≈ 10⁻⁵ s/op
Iteration 10: ≈ 10⁻⁵ s/op
Iteration 11: ≈ 10⁻⁵ s/op
Iteration 12: ≈ 10⁻⁵ s/op
Iteration 13: ≈ 10⁻⁵ s/op
Iteration 14: ≈ 10⁻⁵ s/op
Iteration 15: ≈ 10⁻⁵ s/op

Warm-up 1: ≈ 10⁻⁵ s/op
Warm-up 2: ≈ 10⁻⁵ s/op
Warm-up 3: ≈ 10⁻⁵ s/op
Warm-up 4: ≈ 10⁻⁵ s/op
Warm-up 5: ≈ 10⁻⁵ s/op
Warm-up 6: ≈ 10⁻⁵ s/op
Warm-up 7: ≈ 10⁻⁵ s/op
Warm-up 8: ≈ 10⁻⁵ s/op
Iteration 1: ≈ 10⁻⁵ s/op
Iteration 2: ≈ 10⁻⁵ s/op
Iteration 3: ≈ 10⁻⁵ s/op
Iteration 4: ≈ 10⁻⁵ s/op
Iteration 5: ≈ 10⁻⁵ s/op
Iteration 6: ≈ 10⁻⁵ s/op
Iteration 7: ≈ 10⁻⁵ s/op
Iteration 8: ≈ 10⁻⁵ s/op
Iteration 9: ≈ 10⁻⁵ s/op
Iteration 10: ≈ 10⁻⁵ s/op
Iteration 11: ≈ 10⁻⁵ s/op
Iteration 12: ≈ 10⁻⁵ s/op
Iteration 13: ≈ 10⁻⁵ s/op
Iteration 14: ≈ 10⁻⁵ s/op
Iteration 15: ≈ 10⁻⁵ s/op

Warm-up 1: ≈ 10⁻⁵ s/op
Warm-up 2: ≈ 10⁻⁵ s/op
Warm-up 3: ≈ 10⁻⁵ s/op
Warm-up 4: ≈ 10⁻⁵ s/op
Warm-up 5: ≈ 10⁻⁵ s/op
Warm-up 6: ≈ 10⁻⁵ s/op
Warm-up 7: ≈ 10⁻⁵ s/op
Warm-up 8: ≈ 10⁻⁵ s/op
Iteration 1: ≈ 10⁻⁵ s/op
Iteration 2: ≈ 10⁻⁵ s/op
Iteration 3: ≈ 10⁻⁵ s/op
Iteration 4: ≈ 10⁻⁵ s/op
Iteration 5: ≈ 10⁻⁵ s/op
Iteration 6: ≈ 10⁻⁵ s/op
Iteration 7: ≈ 10⁻⁵ s/op
Iteration 8: ≈ 10⁻⁵ s/op
Iteration 9: ≈ 10⁻⁵ s/op
Iteration 10: ≈ 10⁻⁵ s/op
Iteration 11: ≈ 10⁻⁵ s/op
Iteration 12: ≈ 10⁻⁵ s/op
Iteration 13: ≈ 10⁻⁵ s/op
Iteration 14: ≈ 10⁻⁵ s/op
Iteration 15: ≈ 10⁻⁵ s/op

  Success: ≈ 10⁻⁵ s/op

… com.rafambn.kflate.benchmark.CompressionBenchmarks.rawDeflateDecompressionFromKompress | corpus=model3D, level=4

Warm-up 1: ≈ 10⁻⁵ s/op
Warm-up 2: ≈ 10⁻⁵ s/op
Warm-up 3: ≈ 10⁻⁵ s/op
Warm-up 4: ≈ 10⁻⁵ s/op
Warm-up 5: ≈ 10⁻⁵ s/op
Warm-up 6: ≈ 10⁻⁵ s/op
Warm-up 7: ≈ 10⁻⁵ s/op
Warm-up 8: ≈ 10⁻⁵ s/op
Iteration 1: ≈ 10⁻⁵ s/op
Iteration 2: ≈ 10⁻⁵ s/op
Iteration 3: ≈ 10⁻⁵ s/op
Iteration 4: ≈ 10⁻⁵ s/op
Iteration 5: ≈ 10⁻⁵ s/op
Iteration 6: ≈ 10⁻⁵ s/op
Iteration 7: ≈ 10⁻⁵ s/op
Iteration 8: ≈ 10⁻⁵ s/op
Iteration 9: ≈ 10⁻⁵ s/op
Iteration 10: ≈ 10⁻⁵ s/op
Iteration 11: ≈ 10⁻⁵ s/op
Iteration 12: ≈ 10⁻⁵ s/op
Iteration 13: ≈ 10⁻⁵ s/op
Iteration 14: ≈ 10⁻⁵ s/op
Iteration 15: ≈ 10⁻⁵ s/op

Warm-up 1: ≈ 10⁻⁵ s/op
Warm-up 2: ≈ 10⁻⁵ s/op
Warm-up 3: ≈ 10⁻⁵ s/op
Warm-up 4: ≈ 10⁻⁵ s/op
Warm-up 5: ≈ 10⁻⁵ s/op
Warm-up 6: ≈ 10⁻⁵ s/op
Warm-up 7: ≈ 10⁻⁵ s/op
Warm-up 8: ≈ 10⁻⁵ s/op
Iteration 1: ≈ 10⁻⁵ s/op
Iteration 2: ≈ 10⁻⁵ s/op
Iteration 3: ≈ 10⁻⁵ s/op
Iteration 4: ≈ 10⁻⁵ s/op
Iteration 5: ≈ 10⁻⁵ s/op
Iteration 6: ≈ 10⁻⁵ s/op
Iteration 7: ≈ 10⁻⁵ s/op
Iteration 8: ≈ 10⁻⁵ s/op
Iteration 9: ≈ 10⁻⁵ s/op
Iteration 10: ≈ 10⁻⁵ s/op
Iteration 11: ≈ 10⁻⁵ s/op
Iteration 12: ≈ 10⁻⁵ s/op
Iteration 13: ≈ 10⁻⁵ s/op
Iteration 14: ≈ 10⁻⁵ s/op
Iteration 15: ≈ 10⁻⁵ s/op

Warm-up 1: ≈ 10⁻⁵ s/op
Warm-up 2: ≈ 10⁻⁵ s/op
Warm-up 3: ≈ 10⁻⁵ s/op
Warm-up 4: ≈ 10⁻⁵ s/op
Warm-up 5: ≈ 10⁻⁵ s/op
Warm-up 6: ≈ 10⁻⁵ s/op
Warm-up 7: ≈ 10⁻⁵ s/op
Warm-up 8: ≈ 10⁻⁵ s/op
Iteration 1: ≈ 10⁻⁵ s/op
Iteration 2: ≈ 10⁻⁵ s/op
Iteration 3: ≈ 10⁻⁵ s/op
Iteration 4: ≈ 10⁻⁵ s/op
Iteration 5: ≈ 10⁻⁵ s/op
Iteration 6: ≈ 10⁻⁵ s/op
Iteration 7: ≈ 10⁻⁵ s/op
Iteration 8: ≈ 10⁻⁵ s/op
Iteration 9: ≈ 10⁻⁵ s/op
Iteration 10: ≈ 10⁻⁵ s/op
Iteration 11: ≈ 10⁻⁵ s/op
Iteration 12: ≈ 10⁻⁵ s/op
Iteration 13: ≈ 10⁻⁵ s/op
Iteration 14: ≈ 10⁻⁵ s/op
Iteration 15: ≈ 10⁻⁵ s/op

  Success: ≈ 10⁻⁵ s/op

… com.rafambn.kflate.benchmark.CompressionBenchmarks.rawDeflateDecompressionFromKompress | corpus=model3D, level=5

Warm-up 1: ≈ 10⁻⁴ s/op
Warm-up 2: ≈ 10⁻⁵ s/op
Warm-up 3: ≈ 10⁻⁵ s/op
Warm-up 4: ≈ 10⁻⁵ s/op
Warm-up 5: ≈ 10⁻⁵ s/op
Warm-up 6: ≈ 10⁻⁵ s/op
Warm-up 7: ≈ 10⁻⁵ s/op
Warm-up 8: ≈ 10⁻⁵ s/op
Iteration 1: ≈ 10⁻⁵ s/op
Iteration 2: ≈ 10⁻⁵ s/op
Iteration 3: ≈ 10⁻⁵ s/op
Iteration 4: ≈ 10⁻⁵ s/op
Iteration 5: ≈ 10⁻⁵ s/op
Iteration 6: ≈ 10⁻⁵ s/op
Iteration 7: ≈ 10⁻⁵ s/op
Iteration 8: ≈ 10⁻⁵ s/op
Iteration 9: ≈ 10⁻⁵ s/op
Iteration 10: ≈ 10⁻⁵ s/op
Iteration 11: ≈ 10⁻⁵ s/op
Iteration 12: ≈ 10⁻⁵ s/op
Iteration 13: ≈ 10⁻⁵ s/op
Iteration 14: ≈ 10⁻⁵ s/op
Iteration 15: ≈ 10⁻⁵ s/op

Warm-up 1: ≈ 10⁻⁵ s/op
Warm-up 2: ≈ 10⁻⁵ s/op
Warm-up 3: ≈ 10⁻⁵ s/op
Warm-up 4: ≈ 10⁻⁵ s/op
Warm-up 5: ≈ 10⁻⁵ s/op
Warm-up 6: ≈ 10⁻⁵ s/op
Warm-up 7: ≈ 10⁻⁵ s/op
Warm-up 8: ≈ 10⁻⁵ s/op
Iteration 1: ≈ 10⁻⁵ s/op
Iteration 2: ≈ 10⁻⁵ s/op
Iteration 3: ≈ 10⁻⁵ s/op
Iteration 4: ≈ 10⁻⁵ s/op
Iteration 5: ≈ 10⁻⁵ s/op
Iteration 6: ≈ 10⁻⁵ s/op
Iteration 7: ≈ 10⁻⁵ s/op
Iteration 8: ≈ 10⁻⁵ s/op
Iteration 9: ≈ 10⁻⁵ s/op
Iteration 10: ≈ 10⁻⁵ s/op
Iteration 11: ≈ 10⁻⁵ s/op
Iteration 12: ≈ 10⁻⁵ s/op
Iteration 13: ≈ 10⁻⁵ s/op
Iteration 14: ≈ 10⁻⁵ s/op
Iteration 15: ≈ 10⁻⁵ s/op

Warm-up 1: ≈ 10⁻⁵ s/op
Warm-up 2: ≈ 10⁻⁵ s/op
Warm-up 3: ≈ 10⁻⁵ s/op
Warm-up 4: ≈ 10⁻⁵ s/op
Warm-up 5: ≈ 10⁻⁵ s/op
Warm-up 6: ≈ 10⁻⁵ s/op
Warm-up 7: ≈ 10⁻⁵ s/op
Warm-up 8: ≈ 10⁻⁵ s/op
Iteration 1: ≈ 10⁻⁵ s/op
Iteration 2: ≈ 10⁻⁵ s/op
Iteration 3: ≈ 10⁻⁵ s/op
Iteration 4: ≈ 10⁻⁵ s/op
Iteration 5: ≈ 10⁻⁵ s/op
Iteration 6: ≈ 10⁻⁵ s/op
Iteration 7: ≈ 10⁻⁵ s/op
Iteration 8: ≈ 10⁻⁵ s/op
Iteration 9: ≈ 10⁻⁵ s/op
Iteration 10: ≈ 10⁻⁵ s/op
Iteration 11: ≈ 10⁻⁵ s/op
Iteration 12: ≈ 10⁻⁵ s/op
Iteration 13: ≈ 10⁻⁵ s/op
Iteration 14: ≈ 10⁻⁵ s/op
Iteration 15: ≈ 10⁻⁵ s/op

  Success: ≈ 10⁻⁵ s/op

… com.rafambn.kflate.benchmark.CompressionBenchmarks.rawDeflateDecompressionFromKompress | corpus=model3D, level=6

Warm-up 1: ≈ 10⁻⁴ s/op
Warm-up 2: ≈ 10⁻⁵ s/op
Warm-up 3: ≈ 10⁻⁵ s/op
Warm-up 4: ≈ 10⁻⁵ s/op
Warm-up 5: ≈ 10⁻⁵ s/op
Warm-up 6: ≈ 10⁻⁵ s/op
Warm-up 7: ≈ 10⁻⁵ s/op
Warm-up 8: ≈ 10⁻⁵ s/op
Iteration 1: ≈ 10⁻⁵ s/op
Iteration 2: ≈ 10⁻⁵ s/op
Iteration 3: ≈ 10⁻⁵ s/op
Iteration 4: ≈ 10⁻⁵ s/op
Iteration 5: ≈ 10⁻⁵ s/op
Iteration 6: ≈ 10⁻⁵ s/op
Iteration 7: ≈ 10⁻⁵ s/op
Iteration 8: ≈ 10⁻⁵ s/op
Iteration 9: ≈ 10⁻⁵ s/op
Iteration 10: ≈ 10⁻⁵ s/op
Iteration 11: ≈ 10⁻⁵ s/op
Iteration 12: ≈ 10⁻⁵ s/op
Iteration 13: ≈ 10⁻⁵ s/op
Iteration 14: ≈ 10⁻⁵ s/op
Iteration 15: ≈ 10⁻⁵ s/op

Warm-up 1: ≈ 10⁻⁵ s/op
Warm-up 2: ≈ 10⁻⁵ s/op
Warm-up 3: ≈ 10⁻⁵ s/op
Warm-up 4: ≈ 10⁻⁵ s/op
Warm-up 5: ≈ 10⁻⁵ s/op
Warm-up 6: ≈ 10⁻⁵ s/op
Warm-up 7: ≈ 10⁻⁵ s/op
Warm-up 8: ≈ 10⁻⁵ s/op
Iteration 1: ≈ 10⁻⁵ s/op
Iteration 2: ≈ 10⁻⁵ s/op
Iteration 3: ≈ 10⁻⁵ s/op
Iteration 4: ≈ 10⁻⁵ s/op
Iteration 5: ≈ 10⁻⁵ s/op
Iteration 6: ≈ 10⁻⁵ s/op
Iteration 7: ≈ 10⁻⁵ s/op
Iteration 8: ≈ 10⁻⁵ s/op
Iteration 9: ≈ 10⁻⁵ s/op
Iteration 10: ≈ 10⁻⁵ s/op
Iteration 11: ≈ 10⁻⁵ s/op
Iteration 12: ≈ 10⁻⁵ s/op
Iteration 13: ≈ 10⁻⁵ s/op
Iteration 14: ≈ 10⁻⁵ s/op
Iteration 15: ≈ 10⁻⁵ s/op

Warm-up 1: ≈ 10⁻⁵ s/op
Warm-up 2: ≈ 10⁻⁵ s/op
Warm-up 3: ≈ 10⁻⁵ s/op
Warm-up 4: ≈ 10⁻⁵ s/op
Warm-up 5: ≈ 10⁻⁵ s/op
Warm-up 6: ≈ 10⁻⁵ s/op
Warm-up 7: ≈ 10⁻⁵ s/op
Warm-up 8: ≈ 10⁻⁵ s/op
Iteration 1: ≈ 10⁻⁵ s/op
Iteration 2: ≈ 10⁻⁵ s/op
Iteration 3: ≈ 10⁻⁵ s/op
Iteration 4: ≈ 10⁻⁵ s/op
Iteration 5: ≈ 10⁻⁵ s/op
Iteration 6: ≈ 10⁻⁵ s/op
Iteration 7: ≈ 10⁻⁵ s/op
Iteration 8: ≈ 10⁻⁵ s/op
Iteration 9: ≈ 10⁻⁵ s/op
Iteration 10: ≈ 10⁻⁵ s/op
Iteration 11: ≈ 10⁻⁵ s/op
Iteration 12: ≈ 10⁻⁵ s/op
Iteration 13: ≈ 10⁻⁵ s/op
Iteration 14: ≈ 10⁻⁵ s/op
Iteration 15: ≈ 10⁻⁵ s/op

  Success: ≈ 10⁻⁵ s/op

… com.rafambn.kflate.benchmark.CompressionBenchmarks.rawDeflateDecompressionFromKompress | corpus=model3D, level=7

Warm-up 1: ≈ 10⁻⁵ s/op
Warm-up 2: ≈ 10⁻⁵ s/op
Warm-up 3: ≈ 10⁻⁵ s/op
Warm-up 4: ≈ 10⁻⁵ s/op
Warm-up 5: ≈ 10⁻⁵ s/op
Warm-up 6: ≈ 10⁻⁵ s/op
Warm-up 7: ≈ 10⁻⁵ s/op
Warm-up 8: ≈ 10⁻⁵ s/op
Iteration 1: ≈ 10⁻⁵ s/op
Iteration 2: ≈ 10⁻⁵ s/op
Iteration 3: ≈ 10⁻⁵ s/op
Iteration 4: ≈ 10⁻⁵ s/op
Iteration 5: ≈ 10⁻⁵ s/op
Iteration 6: ≈ 10⁻⁵ s/op
Iteration 7: ≈ 10⁻⁵ s/op
Iteration 8: ≈ 10⁻⁵ s/op
Iteration 9: ≈ 10⁻⁵ s/op
Iteration 10: ≈ 10⁻⁵ s/op
Iteration 11: ≈ 10⁻⁵ s/op
Iteration 12: ≈ 10⁻⁵ s/op
Iteration 13: ≈ 10⁻⁵ s/op
Iteration 14: ≈ 10⁻⁵ s/op
Iteration 15: ≈ 10⁻⁵ s/op

Warm-up 1: ≈ 10⁻⁵ s/op
Warm-up 2: ≈ 10⁻⁵ s/op
Warm-up 3: ≈ 10⁻⁵ s/op
Warm-up 4: ≈ 10⁻⁵ s/op
Warm-up 5: ≈ 10⁻⁵ s/op
Warm-up 6: ≈ 10⁻⁵ s/op
Warm-up 7: ≈ 10⁻⁵ s/op
Warm-up 8: ≈ 10⁻⁵ s/op
Iteration 1: ≈ 10⁻⁵ s/op
Iteration 2: ≈ 10⁻⁵ s/op
Iteration 3: ≈ 10⁻⁵ s/op
Iteration 4: ≈ 10⁻⁵ s/op
Iteration 5: ≈ 10⁻⁵ s/op
Iteration 6: ≈ 10⁻⁵ s/op
Iteration 7: ≈ 10⁻⁵ s/op
Iteration 8: ≈ 10⁻⁵ s/op
Iteration 9: ≈ 10⁻⁵ s/op
Iteration 10: ≈ 10⁻⁵ s/op
Iteration 11: ≈ 10⁻⁵ s/op
Iteration 12: ≈ 10⁻⁵ s/op
Iteration 13: ≈ 10⁻⁵ s/op
Iteration 14: ≈ 10⁻⁵ s/op
Iteration 15: ≈ 10⁻⁵ s/op

Warm-up 1: ≈ 10⁻⁵ s/op
Warm-up 2: ≈ 10⁻⁵ s/op
Warm-up 3: ≈ 10⁻⁵ s/op
Warm-up 4: ≈ 10⁻⁵ s/op
Warm-up 5: ≈ 10⁻⁵ s/op
Warm-up 6: ≈ 10⁻⁵ s/op
Warm-up 7: ≈ 10⁻⁵ s/op
Warm-up 8: ≈ 10⁻⁵ s/op
Iteration 1: ≈ 10⁻⁵ s/op
Iteration 2: ≈ 10⁻⁵ s/op
Iteration 3: ≈ 10⁻⁵ s/op
Iteration 4: ≈ 10⁻⁵ s/op
Iteration 5: ≈ 10⁻⁵ s/op
Iteration 6: ≈ 10⁻⁵ s/op
Iteration 7: ≈ 10⁻⁵ s/op
Iteration 8: ≈ 10⁻⁵ s/op
Iteration 9: ≈ 10⁻⁵ s/op
Iteration 10: ≈ 10⁻⁵ s/op
Iteration 11: ≈ 10⁻⁵ s/op
Iteration 12: ≈ 10⁻⁵ s/op
Iteration 13: ≈ 10⁻⁵ s/op
Iteration 14: ≈ 10⁻⁵ s/op
Iteration 15: ≈ 10⁻⁵ s/op

  Success: ≈ 10⁻⁵ s/op

… com.rafambn.kflate.benchmark.CompressionBenchmarks.rawDeflateDecompressionFromKompress | corpus=model3D, level=8

Warm-up 1: ≈ 10⁻⁵ s/op
Warm-up 2: ≈ 10⁻⁵ s/op
Warm-up 3: ≈ 10⁻⁵ s/op
Warm-up 4: ≈ 10⁻⁵ s/op
Warm-up 5: ≈ 10⁻⁵ s/op
Warm-up 6: ≈ 10⁻⁵ s/op
Warm-up 7: ≈ 10⁻⁵ s/op
Warm-up 8: ≈ 10⁻⁵ s/op
Iteration 1: ≈ 10⁻⁵ s/op
Iteration 2: ≈ 10⁻⁵ s/op
Iteration 3: ≈ 10⁻⁵ s/op
Iteration 4: ≈ 10⁻⁵ s/op
Iteration 5: ≈ 10⁻⁵ s/op
Iteration 6: ≈ 10⁻⁵ s/op
Iteration 7: ≈ 10⁻⁵ s/op
Iteration 8: ≈ 10⁻⁵ s/op
Iteration 9: ≈ 10⁻⁵ s/op
Iteration 10: ≈ 10⁻⁵ s/op
Iteration 11: ≈ 10⁻⁵ s/op
Iteration 12: ≈ 10⁻⁵ s/op
Iteration 13: ≈ 10⁻⁵ s/op
Iteration 14: ≈ 10⁻⁵ s/op
Iteration 15: ≈ 10⁻⁵ s/op

Warm-up 1: ≈ 10⁻⁴ s/op
Warm-up 2: ≈ 10⁻⁵ s/op
Warm-up 3: ≈ 10⁻⁵ s/op
Warm-up 4: ≈ 10⁻⁵ s/op
Warm-up 5: ≈ 10⁻⁵ s/op
Warm-up 6: ≈ 10⁻⁵ s/op
Warm-up 7: ≈ 10⁻⁵ s/op
Warm-up 8: ≈ 10⁻⁵ s/op
Iteration 1: ≈ 10⁻⁵ s/op
Iteration 2: ≈ 10⁻⁵ s/op
Iteration 3: ≈ 10⁻⁵ s/op
Iteration 4: ≈ 10⁻⁵ s/op
Iteration 5: ≈ 10⁻⁵ s/op
Iteration 6: ≈ 10⁻⁵ s/op
Iteration 7: ≈ 10⁻⁵ s/op
Iteration 8: ≈ 10⁻⁵ s/op
Iteration 9: ≈ 10⁻⁵ s/op
Iteration 10: ≈ 10⁻⁵ s/op
Iteration 11: ≈ 10⁻⁵ s/op
Iteration 12: ≈ 10⁻⁵ s/op
Iteration 13: ≈ 10⁻⁵ s/op
Iteration 14: ≈ 10⁻⁵ s/op
Iteration 15: ≈ 10⁻⁵ s/op

Warm-up 1: ≈ 10⁻⁵ s/op
Warm-up 2: ≈ 10⁻⁵ s/op
Warm-up 3: ≈ 10⁻⁵ s/op
Warm-up 4: ≈ 10⁻⁵ s/op
Warm-up 5: ≈ 10⁻⁵ s/op
Warm-up 6: ≈ 10⁻⁵ s/op
Warm-up 7: ≈ 10⁻⁵ s/op
Warm-up 8: ≈ 10⁻⁵ s/op
Iteration 1: ≈ 10⁻⁵ s/op
Iteration 2: ≈ 10⁻⁵ s/op
Iteration 3: ≈ 10⁻⁵ s/op
Iteration 4: ≈ 10⁻⁵ s/op
Iteration 5: ≈ 10⁻⁵ s/op
Iteration 6: ≈ 10⁻⁵ s/op
Iteration 7: ≈ 10⁻⁵ s/op
Iteration 8: ≈ 10⁻⁵ s/op
Iteration 9: ≈ 10⁻⁵ s/op
Iteration 10: ≈ 10⁻⁵ s/op
Iteration 11: ≈ 10⁻⁵ s/op
Iteration 12: ≈ 10⁻⁵ s/op
Iteration 13: ≈ 10⁻⁵ s/op
Iteration 14: ≈ 10⁻⁵ s/op
Iteration 15: ≈ 10⁻⁵ s/op

  Success: ≈ 10⁻⁵ s/op

… com.rafambn.kflate.benchmark.CompressionBenchmarks.rawDeflateDecompressionFromKompress | corpus=model3D, level=9

Warm-up 1: ≈ 10⁻⁴ s/op
Warm-up 2: ≈ 10⁻⁵ s/op
Warm-up 3: ≈ 10⁻⁵ s/op
Warm-up 4: ≈ 10⁻⁵ s/op
Warm-up 5: ≈ 10⁻⁵ s/op
Warm-up 6: ≈ 10⁻⁵ s/op
Warm-up 7: ≈ 10⁻⁵ s/op
Warm-up 8: ≈ 10⁻⁵ s/op
Iteration 1: ≈ 10⁻⁵ s/op
Iteration 2: ≈ 10⁻⁵ s/op
Iteration 3: ≈ 10⁻⁵ s/op
Iteration 4: ≈ 10⁻⁵ s/op
Iteration 5: ≈ 10⁻⁵ s/op
Iteration 6: ≈ 10⁻⁵ s/op
Iteration 7: ≈ 10⁻⁵ s/op
Iteration 8: ≈ 10⁻⁵ s/op
Iteration 9: ≈ 10⁻⁵ s/op
Iteration 10: ≈ 10⁻⁵ s/op
Iteration 11: ≈ 10⁻⁵ s/op
Iteration 12: ≈ 10⁻⁵ s/op
Iteration 13: ≈ 10⁻⁵ s/op
Iteration 14: ≈ 10⁻⁵ s/op
Iteration 15: ≈ 10⁻⁵ s/op

Warm-up 1: ≈ 10⁻⁵ s/op
Warm-up 2: ≈ 10⁻⁵ s/op
Warm-up 3: ≈ 10⁻⁵ s/op
Warm-up 4: ≈ 10⁻⁵ s/op
Warm-up 5: ≈ 10⁻⁵ s/op
Warm-up 6: ≈ 10⁻⁵ s/op
Warm-up 7: ≈ 10⁻⁵ s/op
Warm-up 8: ≈ 10⁻⁵ s/op
Iteration 1: ≈ 10⁻⁵ s/op
Iteration 2: ≈ 10⁻⁵ s/op
Iteration 3: ≈ 10⁻⁵ s/op
Iteration 4: ≈ 10⁻⁵ s/op
Iteration 5: ≈ 10⁻⁵ s/op
Iteration 6: ≈ 10⁻⁵ s/op
Iteration 7: ≈ 10⁻⁵ s/op
Iteration 8: ≈ 10⁻⁵ s/op
Iteration 9: ≈ 10⁻⁵ s/op
Iteration 10: ≈ 10⁻⁵ s/op
Iteration 11: ≈ 10⁻⁵ s/op
Iteration 12: ≈ 10⁻⁵ s/op
Iteration 13: ≈ 10⁻⁵ s/op
Iteration 14: ≈ 10⁻⁵ s/op
Iteration 15: ≈ 10⁻⁵ s/op

Warm-up 1: ≈ 10⁻⁵ s/op
Warm-up 2: ≈ 10⁻⁵ s/op
Warm-up 3: ≈ 10⁻⁵ s/op
Warm-up 4: ≈ 10⁻⁵ s/op
Warm-up 5: ≈ 10⁻⁵ s/op
Warm-up 6: ≈ 10⁻⁵ s/op
Warm-up 7: ≈ 10⁻⁵ s/op
Warm-up 8: ≈ 10⁻⁵ s/op
Iteration 1: ≈ 10⁻⁵ s/op
Iteration 2: ≈ 10⁻⁵ s/op
Iteration 3: ≈ 10⁻⁵ s/op
Iteration 4: ≈ 10⁻⁵ s/op
Iteration 5: ≈ 10⁻⁵ s/op
Iteration 6: ≈ 10⁻⁵ s/op
Iteration 7: ≈ 10⁻⁵ s/op
Iteration 8: ≈ 10⁻⁵ s/op
Iteration 9: ≈ 10⁻⁵ s/op
Iteration 10: ≈ 10⁻⁵ s/op
Iteration 11: ≈ 10⁻⁵ s/op
Iteration 12: ≈ 10⁻⁵ s/op
Iteration 13: ≈ 10⁻⁵ s/op
Iteration 14: ≈ 10⁻⁵ s/op
Iteration 15: ≈ 10⁻⁵ s/op

  Success: ≈ 10⁻⁵ s/op

… com.rafambn.kflate.benchmark.CompressionBenchmarks.rawDeflateDecompressionFromKompress | corpus=Rainier.bmp, level=0

Warm-up 1: 0.003 s/op
Warm-up 2: 0.002 s/op
Warm-up 3: 0.002 s/op
Warm-up 4: 0.002 s/op
Warm-up 5: 0.002 s/op
Warm-up 6: 0.002 s/op
Warm-up 7: 0.002 s/op
Warm-up 8: 0.002 s/op
Iteration 1: 0.002 s/op
Iteration 2: 0.002 s/op
Iteration 3: 0.002 s/op
Iteration 4: 0.002 s/op
Iteration 5: 0.002 s/op
Iteration 6: 0.002 s/op
Iteration 7: 0.002 s/op
Iteration 8: 0.002 s/op
Iteration 9: 0.002 s/op
Iteration 10: 0.002 s/op
Iteration 11: 0.002 s/op
Iteration 12: 0.002 s/op
Iteration 13: 0.002 s/op
Iteration 14: 0.002 s/op
Iteration 15: 0.002 s/op

Warm-up 1: 0.003 s/op
Warm-up 2: 0.003 s/op
Warm-up 3: 0.002 s/op
Warm-up 4: 0.002 s/op
Warm-up 5: 0.002 s/op
Warm-up 6: 0.002 s/op
Warm-up 7: 0.002 s/op
Warm-up 8: 0.002 s/op
Iteration 1: 0.002 s/op
Iteration 2: 0.002 s/op
Iteration 3: 0.002 s/op
Iteration 4: 0.002 s/op
Iteration 5: 0.002 s/op
Iteration 6: 0.002 s/op
Iteration 7: 0.002 s/op
Iteration 8: 0.002 s/op
Iteration 9: 0.002 s/op
Iteration 10: 0.002 s/op
Iteration 11: 0.002 s/op
Iteration 12: 0.002 s/op
Iteration 13: 0.002 s/op
Iteration 14: 0.002 s/op
Iteration 15: 0.002 s/op

Warm-up 1: 0.003 s/op
Warm-up 2: 0.002 s/op
Warm-up 3: 0.002 s/op
Warm-up 4: 0.002 s/op
Warm-up 5: 0.002 s/op
Warm-up 6: 0.002 s/op
Warm-up 7: 0.002 s/op
Warm-up 8: 0.002 s/op
Iteration 1: 0.002 s/op
Iteration 2: 0.002 s/op
Iteration 3: 0.002 s/op
Iteration 4: 0.002 s/op
Iteration 5: 0.002 s/op
Iteration 6: 0.002 s/op
Iteration 7: 0.002 s/op
Iteration 8: 0.002 s/op
Iteration 9: 0.003 s/op
Iteration 10: 0.003 s/op
Iteration 11: 0.003 s/op
Iteration 12: 0.003 s/op
Iteration 13: 0.003 s/op
Iteration 14: 0.003 s/op
Iteration 15: 0.002 s/op

  Success: 0.002 ±(99.9%) 0.001 s/op [Average]
  (min, avg, max) = (0.002, 0.002, 0.003), stdev = 0.001
  CI (99.9%): [0.002, 0.002] (assumes normal distribution)

… com.rafambn.kflate.benchmark.CompressionBenchmarks.rawDeflateDecompressionFromKompress | corpus=Rainier.bmp, level=1

Warm-up 1: 0.041 s/op
Warm-up 2: 0.039 s/op
Warm-up 3: 0.038 s/op
Warm-up 4: 0.038 s/op
Warm-up 5: 0.037 s/op
Warm-up 6: 0.037 s/op
Warm-up 7: 0.037 s/op
Warm-up 8: 0.037 s/op
Iteration 1: 0.037 s/op
Iteration 2: 0.039 s/op
Iteration 3: 0.038 s/op
Iteration 4: 0.042 s/op
Iteration 5: 0.038 s/op
Iteration 6: 0.041 s/op
Iteration 7: 0.040 s/op
Iteration 8: 0.038 s/op
Iteration 9: 0.040 s/op
Iteration 10: 0.043 s/op
Iteration 11: 0.043 s/op
Iteration 12: 0.042 s/op
Iteration 13: 0.042 s/op
Iteration 14: 0.042 s/op
Iteration 15: 0.042 s/op

Warm-up 1: 0.040 s/op
Warm-up 2: 0.039 s/op
Warm-up 3: 0.042 s/op
Warm-up 4: 0.037 s/op
Warm-up 5: 0.037 s/op
Warm-up 6: 0.037 s/op
Warm-up 7: 0.038 s/op
Warm-up 8: 0.037 s/op
Iteration 1: 0.037 s/op
Iteration 2: 0.041 s/op
Iteration 3: 0.039 s/op
Iteration 4: 0.038 s/op
Iteration 5: 0.042 s/op
Iteration 6: 0.039 s/op
Iteration 7: 0.042 s/op
Iteration 8: 0.037 s/op
Iteration 9: 0.038 s/op
Iteration 10: 0.037 s/op
Iteration 11: 0.037 s/op
Iteration 12: 0.037 s/op
Iteration 13: 0.039 s/op
Iteration 14: 0.042 s/op
Iteration 15: 0.042 s/op

Warm-up 1: 0.040 s/op
Warm-up 2: 0.037 s/op
Warm-up 3: 0.037 s/op
Warm-up 4: 0.038 s/op
Warm-up 5: 0.039 s/op
Warm-up 6: 0.043 s/op
Warm-up 7: 0.043 s/op
Warm-up 8: 0.044 s/op
Iteration 1: 0.042 s/op
Iteration 2: 0.043 s/op
Iteration 3: 0.043 s/op
Iteration 4: 0.042 s/op
Iteration 5: 0.043 s/op
Iteration 6: 0.042 s/op
Iteration 7: 0.043 s/op
Iteration 8: 0.045 s/op
Iteration 9: 0.042 s/op
Iteration 10: 0.038 s/op
Iteration 11: 0.037 s/op
Iteration 12: 0.041 s/op
Iteration 13: 0.040 s/op
Iteration 14: 0.043 s/op
Iteration 15: 0.043 s/op

  Success: 0.041 ±(99.9%) 0.001 s/op [Average]
  (min, avg, max) = (0.037, 0.041, 0.045), stdev = 0.002
  CI (99.9%): [0.039, 0.042] (assumes normal distribution)

… com.rafambn.kflate.benchmark.CompressionBenchmarks.rawDeflateDecompressionFromKompress | corpus=Rainier.bmp, level=2

Warm-up 1: 0.043 s/op
Warm-up 2: 0.043 s/op
Warm-up 3: 0.042 s/op
Warm-up 4: 0.041 s/op
Warm-up 5: 0.042 s/op
Warm-up 6: 0.042 s/op
Warm-up 7: 0.042 s/op
Warm-up 8: 0.042 s/op
Iteration 1: 0.043 s/op
Iteration 2: 0.042 s/op
Iteration 3: 0.041 s/op
Iteration 4: 0.037 s/op
Iteration 5: 0.039 s/op
Iteration 6: 0.039 s/op
Iteration 7: 0.039 s/op
Iteration 8: 0.043 s/op
Iteration 9: 0.043 s/op
Iteration 10: 0.043 s/op
Iteration 11: 0.042 s/op
Iteration 12: 0.038 s/op
Iteration 13: 0.038 s/op
Iteration 14: 0.038 s/op
Iteration 15: 0.040 s/op

Warm-up 1: 0.041 s/op
Warm-up 2: 0.038 s/op
Warm-up 3: 0.037 s/op
Warm-up 4: 0.038 s/op
Warm-up 5: 0.039 s/op
Warm-up 6: 0.037 s/op
Warm-up 7: 0.038 s/op
Warm-up 8: 0.037 s/op
Iteration 1: 0.042 s/op
Iteration 2: 0.042 s/op
Iteration 3: 0.042 s/op
Iteration 4: 0.043 s/op
Iteration 5: 0.039 s/op
Iteration 6: 0.037 s/op
Iteration 7: 0.038 s/op
Iteration 8: 0.043 s/op
Iteration 9: 0.044 s/op
Iteration 10: 0.041 s/op
Iteration 11: 0.039 s/op
Iteration 12: 0.039 s/op
Iteration 13: 0.038 s/op
Iteration 14: 0.039 s/op
Iteration 15: 0.038 s/op

Warm-up 1: 0.040 s/op
Warm-up 2: 0.037 s/op
Warm-up 3: 0.037 s/op
Warm-up 4: 0.037 s/op
Warm-up 5: 0.037 s/op
Warm-up 6: 0.038 s/op
Warm-up 7: 0.038 s/op
Warm-up 8: 0.040 s/op
Iteration 1: 0.038 s/op
Iteration 2: 0.039 s/op
Iteration 3: 0.040 s/op
Iteration 4: 0.043 s/op
Iteration 5: 0.042 s/op
Iteration 6: 0.043 s/op
Iteration 7: 0.042 s/op
Iteration 8: 0.043 s/op
Iteration 9: 0.043 s/op
Iteration 10: 0.043 s/op
Iteration 11: 0.043 s/op
Iteration 12: 0.043 s/op
Iteration 13: 0.043 s/op
Iteration 14: 0.042 s/op
Iteration 15: 0.042 s/op

  Success: 0.041 ±(99.9%) 0.001 s/op [Average]
  (min, avg, max) = (0.037, 0.041, 0.044), stdev = 0.002
  CI (99.9%): [0.040, 0.042] (assumes normal distribution)

… com.rafambn.kflate.benchmark.CompressionBenchmarks.rawDeflateDecompressionFromKompress | corpus=Rainier.bmp, level=3

Warm-up 1: 0.038 s/op
Warm-up 2: 0.037 s/op
Warm-up 3: 0.038 s/op
Warm-up 4: 0.038 s/op
Warm-up 5: 0.038 s/op
Warm-up 6: 0.043 s/op
Warm-up 7: 0.042 s/op
Warm-up 8: 0.042 s/op
Iteration 1: 0.038 s/op
Iteration 2: 0.037 s/op
Iteration 3: 0.042 s/op
Iteration 4: 0.042 s/op
Iteration 5: 0.041 s/op
Iteration 6: 0.041 s/op
Iteration 7: 0.037 s/op
Iteration 8: 0.037 s/op
Iteration 9: 0.038 s/op
Iteration 10: 0.042 s/op
Iteration 11: 0.042 s/op
Iteration 12: 0.042 s/op
Iteration 13: 0.042 s/op
Iteration 14: 0.042 s/op
Iteration 15: 0.042 s/op

Warm-up 1: 0.039 s/op
Warm-up 2: 0.041 s/op
Warm-up 3: 0.040 s/op
Warm-up 4: 0.039 s/op
Warm-up 5: 0.042 s/op
Warm-up 6: 0.037 s/op
Warm-up 7: 0.036 s/op
Warm-up 8: 0.036 s/op
Iteration 1: 0.036 s/op
Iteration 2: 0.042 s/op
Iteration 3: 0.039 s/op
Iteration 4: 0.039 s/op
Iteration 5: 0.037 s/op
Iteration 6: 0.038 s/op
Iteration 7: 0.041 s/op
Iteration 8: 0.042 s/op
Iteration 9: 0.041 s/op
Iteration 10: 0.042 s/op
Iteration 11: 0.041 s/op
Iteration 12: 0.042 s/op
Iteration 13: 0.036 s/op
Iteration 14: 0.041 s/op
Iteration 15: 0.041 s/op

Warm-up 1: 0.043 s/op
Warm-up 2: 0.042 s/op
Warm-up 3: 0.038 s/op
Warm-up 4: 0.037 s/op
Warm-up 5: 0.037 s/op
Warm-up 6: 0.039 s/op
Warm-up 7: 0.038 s/op
Warm-up 8: 0.042 s/op
Iteration 1: 0.042 s/op
Iteration 2: 0.042 s/op
Iteration 3: 0.048 s/op
Iteration 4: 0.046 s/op
Iteration 5: 0.046 s/op
Iteration 6: 0.048 s/op
Iteration 7: 0.048 s/op
Iteration 8: 0.049 s/op
Iteration 9: 0.045 s/op
Iteration 10: 0.047 s/op
Iteration 11: 0.044 s/op
Iteration 12: 0.043 s/op
Iteration 13: 0.043 s/op
Iteration 14: 0.042 s/op
Iteration 15: 0.040 s/op

  Success: 0.042 ±(99.9%) 0.002 s/op [Average]
  (min, avg, max) = (0.036, 0.042, 0.049), stdev = 0.003
  CI (99.9%): [0.040, 0.043] (assumes normal distribution)

… com.rafambn.kflate.benchmark.CompressionBenchmarks.rawDeflateDecompressionFromKompress | corpus=Rainier.bmp, level=4

Warm-up 1: 0.046 s/op
Warm-up 2: 0.041 s/op
Warm-up 3: 0.041 s/op
Warm-up 4: 0.038 s/op
Warm-up 5: 0.039 s/op
Warm-up 6: 0.039 s/op
Warm-up 7: 0.040 s/op
Warm-up 8: 0.037 s/op
Iteration 1: 0.036 s/op
Iteration 2: 0.036 s/op
Iteration 3: 0.036 s/op
Iteration 4: 0.036 s/op
Iteration 5: 0.041 s/op
Iteration 6: 0.038 s/op
Iteration 7: 0.038 s/op
Iteration 8: 0.038 s/op
Iteration 9: 0.041 s/op
Iteration 10: 0.041 s/op
Iteration 11: 0.041 s/op
Iteration 12: 0.037 s/op
Iteration 13: 0.041 s/op
Iteration 14: 0.041 s/op
Iteration 15: 0.041 s/op

Warm-up 1: 0.038 s/op
Warm-up 2: 0.036 s/op
Warm-up 3: 0.039 s/op
Warm-up 4: 0.035 s/op
Warm-up 5: 0.035 s/op
Warm-up 6: 0.035 s/op
Warm-up 7: 0.035 s/op
Warm-up 8: 0.040 s/op
Iteration 1: 0.041 s/op
Iteration 2: 0.041 s/op
Iteration 3: 0.041 s/op
Iteration 4: 0.040 s/op
Iteration 5: 0.041 s/op
Iteration 6: 0.041 s/op
Iteration 7: 0.040 s/op
Iteration 8: 0.038 s/op
Iteration 9: 0.037 s/op
Iteration 10: 0.038 s/op
Iteration 11: 0.035 s/op
Iteration 12: 0.035 s/op
Iteration 13: 0.040 s/op
Iteration 14: 0.036 s/op
Iteration 15: 0.039 s/op

Warm-up 1: 0.037 s/op
Warm-up 2: 0.039 s/op
Warm-up 3: 0.042 s/op
Warm-up 4: 0.042 s/op
Warm-up 5: 0.042 s/op
Warm-up 6: 0.042 s/op
Warm-up 7: 0.043 s/op
Warm-up 8: 0.041 s/op
Iteration 1: 0.037 s/op
Iteration 2: 0.036 s/op
Iteration 3: 0.037 s/op
Iteration 4: 0.036 s/op
Iteration 5: 0.040 s/op
Iteration 6: 0.041 s/op
Iteration 7: 0.041 s/op
Iteration 8: 0.041 s/op
Iteration 9: 0.041 s/op
Iteration 10: 0.041 s/op
Iteration 11: 0.041 s/op
Iteration 12: 0.042 s/op
Iteration 13: 0.036 s/op
Iteration 14: 0.040 s/op
Iteration 15: 0.037 s/op

  Success: 0.039 ±(99.9%) 0.001 s/op [Average]
  (min, avg, max) = (0.035, 0.039, 0.042), stdev = 0.002
  CI (99.9%): [0.038, 0.040] (assumes normal distribution)

… com.rafambn.kflate.benchmark.CompressionBenchmarks.rawDeflateDecompressionFromKompress | corpus=Rainier.bmp, level=5

Warm-up 1: 0.037 s/op
Warm-up 2: 0.036 s/op
Warm-up 3: 0.035 s/op
Warm-up 4: 0.035 s/op
Warm-up 5: 0.036 s/op
Warm-up 6: 0.035 s/op
Warm-up 7: 0.035 s/op
Warm-up 8: 0.040 s/op
Iteration 1: 0.036 s/op
Iteration 2: 0.040 s/op
Iteration 3: 0.040 s/op
Iteration 4: 0.040 s/op
Iteration 5: 0.040 s/op
Iteration 6: 0.041 s/op
Iteration 7: 0.037 s/op
Iteration 8: 0.040 s/op
Iteration 9: 0.040 s/op
Iteration 10: 0.041 s/op
Iteration 11: 0.041 s/op
Iteration 12: 0.039 s/op
Iteration 13: 0.041 s/op
Iteration 14: 0.036 s/op
Iteration 15: 0.037 s/op

Warm-up 1: 0.043 s/op
Warm-up 2: 0.040 s/op
Warm-up 3: 0.040 s/op
Warm-up 4: 0.040 s/op
Warm-up 5: 0.040 s/op
Warm-up 6: 0.040 s/op
Warm-up 7: 0.040 s/op
Warm-up 8: 0.040 s/op
Iteration 1: 0.040 s/op
Iteration 2: 0.039 s/op
Iteration 3: 0.039 s/op
Iteration 4: 0.039 s/op
Iteration 5: 0.039 s/op
Iteration 6: 0.039 s/op
Iteration 7: 0.039 s/op
Iteration 8: 0.040 s/op
Iteration 9: 0.040 s/op
Iteration 10: 0.040 s/op
Iteration 11: 0.039 s/op
Iteration 12: 0.039 s/op
Iteration 13: 0.039 s/op
Iteration 14: 0.040 s/op
Iteration 15: 0.040 s/op

Warm-up 1: 0.043 s/op
Warm-up 2: 0.042 s/op
Warm-up 3: 0.042 s/op
Warm-up 4: 0.041 s/op
Warm-up 5: 0.041 s/op
Warm-up 6: 0.041 s/op
Warm-up 7: 0.041 s/op
Warm-up 8: 0.038 s/op
Iteration 1: 0.037 s/op
Iteration 2: 0.037 s/op
Iteration 3: 0.037 s/op
Iteration 4: 0.037 s/op
Iteration 5: 0.037 s/op
Iteration 6: 0.037 s/op
Iteration 7: 0.038 s/op
Iteration 8: 0.040 s/op
Iteration 9: 0.039 s/op
Iteration 10: 0.037 s/op
Iteration 11: 0.037 s/op
Iteration 12: 0.037 s/op
Iteration 13: 0.040 s/op
Iteration 14: 0.041 s/op
Iteration 15: 0.041 s/op

  Success: 0.039 ±(99.9%) 0.001 s/op [Average]
  (min, avg, max) = (0.036, 0.039, 0.041), stdev = 0.002
  CI (99.9%): [0.038, 0.040] (assumes normal distribution)

… com.rafambn.kflate.benchmark.CompressionBenchmarks.rawDeflateDecompressionFromKompress | corpus=Rainier.bmp, level=6

Warm-up 1: 0.037 s/op
Warm-up 2: 0.037 s/op
Warm-up 3: 0.039 s/op
Warm-up 4: 0.039 s/op
Warm-up 5: 0.039 s/op
Warm-up 6: 0.035 s/op
Warm-up 7: 0.036 s/op
Warm-up 8: 0.036 s/op
Iteration 1: 0.039 s/op
Iteration 2: 0.037 s/op
Iteration 3: 0.040 s/op
Iteration 4: 0.040 s/op
Iteration 5: 0.039 s/op
Iteration 6: 0.039 s/op
Iteration 7: 0.040 s/op
Iteration 8: 0.040 s/op
Iteration 9: 0.040 s/op
Iteration 10: 0.040 s/op
Iteration 11: 0.040 s/op
Iteration 12: 0.040 s/op
Iteration 13: 0.036 s/op
Iteration 14: 0.040 s/op
Iteration 15: 0.040 s/op

Warm-up 1: 0.050 s/op
Warm-up 2: 0.040 s/op
Warm-up 3: 0.043 s/op
Warm-up 4: 0.043 s/op
Warm-up 5: 0.047 s/op
Warm-up 6: 0.047 s/op
Warm-up 7: 0.044 s/op
Warm-up 8: 0.042 s/op
Iteration 1: 0.038 s/op
Iteration 2: 0.037 s/op
Iteration 3: 0.036 s/op
Iteration 4: 0.036 s/op
Iteration 5: 0.036 s/op
Iteration 6: 0.038 s/op
Iteration 7: 0.042 s/op
Iteration 8: 0.041 s/op
Iteration 9: 0.041 s/op
Iteration 10: 0.038 s/op
Iteration 11: 0.039 s/op
Iteration 12: 0.041 s/op
Iteration 13: 0.042 s/op
Iteration 14: 0.041 s/op
Iteration 15: 0.041 s/op

Warm-up 1: 0.044 s/op
Warm-up 2: 0.041 s/op
Warm-up 3: 0.040 s/op
Warm-up 4: 0.036 s/op
Warm-up 5: 0.036 s/op
Warm-up 6: 0.036 s/op
Warm-up 7: 0.039 s/op
Warm-up 8: 0.040 s/op
Iteration 1: 0.036 s/op
Iteration 2: 0.036 s/op
Iteration 3: 0.036 s/op
Iteration 4: 0.037 s/op
Iteration 5: 0.035 s/op
Iteration 6: 0.036 s/op
Iteration 7: 0.036 s/op
Iteration 8: 0.036 s/op
Iteration 9: 0.035 s/op
Iteration 10: 0.035 s/op
Iteration 11: 0.036 s/op
Iteration 12: 0.037 s/op
Iteration 13: 0.041 s/op
Iteration 14: 0.041 s/op
Iteration 15: 0.041 s/op

  Success: 0.038 ±(99.9%) 0.001 s/op [Average]
  (min, avg, max) = (0.035, 0.038, 0.042), stdev = 0.002
  CI (99.9%): [0.037, 0.040] (assumes normal distribution)

… com.rafambn.kflate.benchmark.CompressionBenchmarks.rawDeflateDecompressionFromKompress | corpus=Rainier.bmp, level=7

Warm-up 1: 0.048 s/op
Warm-up 2: 0.040 s/op
Warm-up 3: 0.038 s/op
Warm-up 4: 0.038 s/op
Warm-up 5: 0.038 s/op
Warm-up 6: 0.039 s/op
Warm-up 7: 0.037 s/op
Warm-up 8: 0.037 s/op
Iteration 1: 0.038 s/op
Iteration 2: 0.037 s/op
Iteration 3: 0.037 s/op
Iteration 4: 0.037 s/op
Iteration 5: 0.037 s/op
Iteration 6: 0.037 s/op
Iteration 7: 0.036 s/op
Iteration 8: 0.036 s/op
Iteration 9: 0.036 s/op
Iteration 10: 0.037 s/op
Iteration 11: 0.042 s/op
Iteration 12: 0.036 s/op
Iteration 13: 0.036 s/op
Iteration 14: 0.037 s/op
Iteration 15: 0.037 s/op

Warm-up 1: 0.039 s/op
Warm-up 2: 0.035 s/op
Warm-up 3: 0.035 s/op
Warm-up 4: 0.037 s/op
Warm-up 5: 0.036 s/op
Warm-up 6: 0.044 s/op
Warm-up 7: 0.038 s/op
Warm-up 8: 0.041 s/op
Iteration 1: 0.035 s/op
Iteration 2: 0.039 s/op
Iteration 3: 0.035 s/op
Iteration 4: 0.035 s/op
Iteration 5: 0.035 s/op
Iteration 6: 0.036 s/op
Iteration 7: 0.035 s/op
Iteration 8: 0.035 s/op
Iteration 9: 0.039 s/op
Iteration 10: 0.038 s/op
Iteration 11: 0.041 s/op
Iteration 12: 0.039 s/op
Iteration 13: 0.040 s/op
Iteration 14: 0.041 s/op
Iteration 15: 0.039 s/op

Warm-up 1: 0.039 s/op
Warm-up 2: 0.037 s/op
Warm-up 3: 0.037 s/op
Warm-up 4: 0.037 s/op
Warm-up 5: 0.037 s/op
Warm-up 6: 0.036 s/op
Warm-up 7: 0.037 s/op
Warm-up 8: 0.036 s/op
Iteration 1: 0.037 s/op
Iteration 2: 0.037 s/op
Iteration 3: 0.037 s/op
Iteration 4: 0.037 s/op
Iteration 5: 0.036 s/op
Iteration 6: 0.038 s/op
Iteration 7: 0.039 s/op
Iteration 8: 0.038 s/op
Iteration 9: 0.037 s/op
Iteration 10: 0.037 s/op
Iteration 11: 0.039 s/op
Iteration 12: 0.043 s/op
Iteration 13: 0.038 s/op
Iteration 14: 0.041 s/op
Iteration 15: 0.040 s/op

  Success: 0.038 ±(99.9%) 0.001 s/op [Average]
  (min, avg, max) = (0.035, 0.038, 0.043), stdev = 0.002
  CI (99.9%): [0.037, 0.039] (assumes normal distribution)

… com.rafambn.kflate.benchmark.CompressionBenchmarks.rawDeflateDecompressionFromKompress | corpus=Rainier.bmp, level=8

Warm-up 1: 0.041 s/op
Warm-up 2: 0.041 s/op
Warm-up 3: 0.043 s/op
Warm-up 4: 0.037 s/op
Warm-up 5: 0.036 s/op
Warm-up 6: 0.040 s/op
Warm-up 7: 0.040 s/op
Warm-up 8: 0.041 s/op
Iteration 1: 0.041 s/op
Iteration 2: 0.044 s/op
Iteration 3: 0.039 s/op
Iteration 4: 0.039 s/op
Iteration 5: 0.037 s/op
Iteration 6: 0.036 s/op
Iteration 7: 0.035 s/op
Iteration 8: 0.035 s/op
Iteration 9: 0.040 s/op
Iteration 10: 0.040 s/op
Iteration 11: 0.036 s/op
Iteration 12: 0.040 s/op
Iteration 13: 0.040 s/op
Iteration 14: 0.040 s/op
Iteration 15: 0.041 s/op

Warm-up 1: 0.040 s/op
Warm-up 2: 0.041 s/op
Warm-up 3: 0.037 s/op
Warm-up 4: 0.037 s/op
Warm-up 5: 0.036 s/op
Warm-up 6: 0.037 s/op
Warm-up 7: 0.037 s/op
Warm-up 8: 0.039 s/op
Iteration 1: 0.042 s/op
Iteration 2: 0.042 s/op
Iteration 3: 0.038 s/op
Iteration 4: 0.039 s/op
Iteration 5: 0.037 s/op
Iteration 6: 0.037 s/op
Iteration 7: 0.038 s/op
Iteration 8: 0.043 s/op
Iteration 9: 0.040 s/op
Iteration 10: 0.038 s/op
Iteration 11: 0.041 s/op
Iteration 12: 0.042 s/op
Iteration 13: 0.042 s/op
Iteration 14: 0.042 s/op
Iteration 15: 0.041 s/op

Warm-up 1: 0.038 s/op
Warm-up 2: 0.035 s/op
Warm-up 3: 0.035 s/op
Warm-up 4: 0.035 s/op
Warm-up 5: 0.035 s/op
Warm-up 6: 0.035 s/op
Warm-up 7: 0.035 s/op
Warm-up 8: 0.035 s/op
Iteration 1: 0.036 s/op
Iteration 2: 0.036 s/op
Iteration 3: 0.036 s/op
Iteration 4: 0.039 s/op
Iteration 5: 0.040 s/op
Iteration 6: 0.040 s/op
Iteration 7: 0.039 s/op
Iteration 8: 0.038 s/op
Iteration 9: 0.040 s/op
Iteration 10: 0.036 s/op
Iteration 11: 0.035 s/op
Iteration 12: 0.036 s/op
Iteration 13: 0.037 s/op
Iteration 14: 0.037 s/op
Iteration 15: 0.035 s/op

  Success: 0.039 ±(99.9%) 0.001 s/op [Average]
  (min, avg, max) = (0.035, 0.039, 0.044), stdev = 0.002
  CI (99.9%): [0.038, 0.040] (assumes normal distribution)

… com.rafambn.kflate.benchmark.CompressionBenchmarks.rawDeflateDecompressionFromKompress | corpus=Rainier.bmp, level=9

Warm-up 1: 0.041 s/op
Warm-up 2: 0.040 s/op
Warm-up 3: 0.040 s/op
Warm-up 4: 0.040 s/op
Warm-up 5: 0.040 s/op
Warm-up 6: 0.041 s/op
Warm-up 7: 0.041 s/op
Warm-up 8: 0.041 s/op
Iteration 1: 0.040 s/op
Iteration 2: 0.039 s/op
Iteration 3: 0.035 s/op
Iteration 4: 0.035 s/op
Iteration 5: 0.035 s/op
Iteration 6: 0.035 s/op
Iteration 7: 0.035 s/op
Iteration 8: 0.036 s/op
Iteration 9: 0.036 s/op
Iteration 10: 0.040 s/op
Iteration 11: 0.040 s/op
Iteration 12: 0.041 s/op
Iteration 13: 0.036 s/op
Iteration 14: 0.040 s/op
Iteration 15: 0.039 s/op

Warm-up 1: 0.040 s/op
Warm-up 2: 0.040 s/op
Warm-up 3: 0.040 s/op
Warm-up 4: 0.039 s/op
Warm-up 5: 0.036 s/op
Warm-up 6: 0.036 s/op
Warm-up 7: 0.041 s/op
Warm-up 8: 0.041 s/op
Iteration 1: 0.041 s/op
Iteration 2: 0.041 s/op
Iteration 3: 0.041 s/op
Iteration 4: 0.037 s/op
Iteration 5: 0.041 s/op
Iteration 6: 0.041 s/op
Iteration 7: 0.040 s/op
Iteration 8: 0.039 s/op
Iteration 9: 0.048 s/op
Iteration 10: 0.040 s/op
Iteration 11: 0.039 s/op
Iteration 12: 0.042 s/op
Iteration 13: 0.038 s/op
Iteration 14: 0.037 s/op
Iteration 15: 0.035 s/op

Warm-up 1: 0.039 s/op
Warm-up 2: 0.040 s/op
Warm-up 3: 0.041 s/op
Warm-up 4: 0.039 s/op
Warm-up 5: 0.037 s/op
Warm-up 6: 0.035 s/op
Warm-up 7: 0.036 s/op
Warm-up 8: 0.040 s/op
Iteration 1: 0.041 s/op
Iteration 2: 0.041 s/op
Iteration 3: 0.041 s/op
Iteration 4: 0.039 s/op
Iteration 5: 0.035 s/op
Iteration 6: 0.040 s/op
Iteration 7: 0.042 s/op
Iteration 8: 0.038 s/op
Iteration 9: 0.040 s/op
Iteration 10: 0.041 s/op
Iteration 11: 0.040 s/op
Iteration 12: 0.040 s/op
Iteration 13: 0.036 s/op
Iteration 14: 0.036 s/op
Iteration 15: 0.040 s/op

  Success: 0.039 ±(99.9%) 0.001 s/op [Average]
  (min, avg, max) = (0.035, 0.039, 0.048), stdev = 0.003
  CI (99.9%): [0.038, 0.040] (assumes normal distribution)

… com.rafambn.kflate.benchmark.CompressionBenchmarks.rawDeflateDecompressionFromKompress | corpus=Maltese.bmp, level=0

Warm-up 1: 0.007 s/op
Warm-up 2: 0.006 s/op
Warm-up 3: 0.006 s/op
Warm-up 4: 0.006 s/op
Warm-up 5: 0.006 s/op
Warm-up 6: 0.006 s/op
Warm-up 7: 0.006 s/op
Warm-up 8: 0.006 s/op
Iteration 1: 0.006 s/op
Iteration 2: 0.006 s/op
Iteration 3: 0.006 s/op
Iteration 4: 0.006 s/op
Iteration 5: 0.006 s/op
Iteration 6: 0.006 s/op
Iteration 7: 0.006 s/op
Iteration 8: 0.006 s/op
Iteration 9: 0.006 s/op
Iteration 10: 0.006 s/op
Iteration 11: 0.006 s/op
Iteration 12: 0.007 s/op
Iteration 13: 0.006 s/op
Iteration 14: 0.006 s/op
Iteration 15: 0.006 s/op

Warm-up 1: 0.007 s/op
Warm-up 2: 0.006 s/op
Warm-up 3: 0.006 s/op
Warm-up 4: 0.006 s/op
Warm-up 5: 0.006 s/op
Warm-up 6: 0.006 s/op
Warm-up 7: 0.006 s/op
Warm-up 8: 0.006 s/op
Iteration 1: 0.006 s/op
Iteration 2: 0.006 s/op
Iteration 3: 0.006 s/op
Iteration 4: 0.006 s/op
Iteration 5: 0.006 s/op
Iteration 6: 0.006 s/op
Iteration 7: 0.006 s/op
Iteration 8: 0.006 s/op
Iteration 9: 0.006 s/op
Iteration 10: 0.006 s/op
Iteration 11: 0.006 s/op
Iteration 12: 0.006 s/op
Iteration 13: 0.006 s/op
Iteration 14: 0.006 s/op
Iteration 15: 0.006 s/op

Warm-up 1: 0.007 s/op
Warm-up 2: 0.006 s/op
Warm-up 3: 0.006 s/op
Warm-up 4: 0.006 s/op
Warm-up 5: 0.006 s/op
Warm-up 6: 0.006 s/op
Warm-up 7: 0.006 s/op
Warm-up 8: 0.006 s/op
Iteration 1: 0.006 s/op
Iteration 2: 0.006 s/op
Iteration 3: 0.006 s/op
Iteration 4: 0.006 s/op
Iteration 5: 0.006 s/op
Iteration 6: 0.006 s/op
Iteration 7: 0.006 s/op
Iteration 8: 0.006 s/op
Iteration 9: 0.006 s/op
Iteration 10: 0.006 s/op
Iteration 11: 0.006 s/op
Iteration 12: 0.006 s/op
Iteration 13: 0.006 s/op
Iteration 14: 0.006 s/op
Iteration 15: 0.006 s/op

  Success: 0.006 ±(99.9%) 0.001 s/op [Average]
  (min, avg, max) = (0.006, 0.006, 0.007), stdev = 0.001
  CI (99.9%): [0.006, 0.006] (assumes normal distribution)

… com.rafambn.kflate.benchmark.CompressionBenchmarks.rawDeflateDecompressionFromKompress | corpus=Maltese.bmp, level=1

Warm-up 1: 0.106 s/op
Warm-up 2: 0.107 s/op
Warm-up 3: 0.106 s/op
Warm-up 4: 0.105 s/op
Warm-up 5: 0.108 s/op
Warm-up 6: 0.120 s/op
Warm-up 7: 0.103 s/op
Warm-up 8: 0.103 s/op
Iteration 1: 0.105 s/op
Iteration 2: 0.103 s/op
Iteration 3: 0.105 s/op
Iteration 4: 0.103 s/op
Iteration 5: 0.105 s/op
Iteration 6: 0.117 s/op
Iteration 7: 0.117 s/op
Iteration 8: 0.117 s/op
Iteration 9: 0.119 s/op
Iteration 10: 0.119 s/op
Iteration 11: 0.111 s/op
Iteration 12: 0.117 s/op
Iteration 13: 0.112 s/op
Iteration 14: 0.102 s/op
Iteration 15: 0.103 s/op

Warm-up 1: 0.128 s/op
Warm-up 2: 0.126 s/op
Warm-up 3: 0.126 s/op
Warm-up 4: 0.124 s/op
Warm-up 5: 0.123 s/op
Warm-up 6: 0.123 s/op
Warm-up 7: 0.124 s/op
Warm-up 8: 0.114 s/op
Iteration 1: 0.110 s/op
Iteration 2: 0.107 s/op
Iteration 3: 0.122 s/op
Iteration 4: 0.119 s/op
Iteration 5: 0.109 s/op
Iteration 6: 0.116 s/op
Iteration 7: 0.123 s/op
Iteration 8: 0.124 s/op
Iteration 9: 0.123 s/op
Iteration 10: 0.122 s/op
Iteration 11: 0.124 s/op
Iteration 12: 0.126 s/op
Iteration 13: 0.126 s/op
Iteration 14: 0.110 s/op
Iteration 15: 0.106 s/op

Warm-up 1: 0.119 s/op
Warm-up 2: 0.113 s/op
Warm-up 3: 0.125 s/op
Warm-up 4: 0.126 s/op
Warm-up 5: 0.126 s/op
Warm-up 6: 0.126 s/op
Warm-up 7: 0.113 s/op
Warm-up 8: 0.109 s/op
Iteration 1: 0.108 s/op
Iteration 2: 0.110 s/op
Iteration 3: 0.109 s/op
Iteration 4: 0.109 s/op
Iteration 5: 0.114 s/op
Iteration 6: 0.110 s/op
Iteration 7: 0.111 s/op
Iteration 8: 0.124 s/op
Iteration 9: 0.123 s/op
Iteration 10: 0.123 s/op
Iteration 11: 0.112 s/op
Iteration 12: 0.123 s/op
Iteration 13: 0.131 s/op
Iteration 14: 0.108 s/op
Iteration 15: 0.109 s/op

  Success: 0.114 ±(99.9%) 0.004 s/op [Average]
  (min, avg, max) = (0.102, 0.114, 0.131), stdev = 0.008
  CI (99.9%): [0.110, 0.118] (assumes normal distribution)

… com.rafambn.kflate.benchmark.CompressionBenchmarks.rawDeflateDecompressionFromKompress | corpus=Maltese.bmp, level=2

Warm-up 1: 0.121 s/op
Warm-up 2: 0.101 s/op
Warm-up 3: 0.100 s/op
Warm-up 4: 0.111 s/op
Warm-up 5: 0.110 s/op
Warm-up 6: 0.115 s/op
Warm-up 7: 0.114 s/op
Warm-up 8: 0.104 s/op
Iteration 1: 0.111 s/op
Iteration 2: 0.109 s/op
Iteration 3: 0.106 s/op
Iteration 4: 0.110 s/op
Iteration 5: 0.114 s/op
Iteration 6: 0.113 s/op
Iteration 7: 0.115 s/op
Iteration 8: 0.116 s/op
Iteration 9: 0.117 s/op
Iteration 10: 0.116 s/op
Iteration 11: 0.114 s/op
Iteration 12: 0.115 s/op
Iteration 13: 0.115 s/op
Iteration 14: 0.114 s/op
Iteration 15: 0.110 s/op

Warm-up 1: 0.130 s/op
Warm-up 2: 0.116 s/op
Warm-up 3: 0.115 s/op
Warm-up 4: 0.116 s/op
Warm-up 5: 0.116 s/op
Warm-up 6: 0.115 s/op
Warm-up 7: 0.107 s/op
Warm-up 8: 0.109 s/op
Iteration 1: 0.114 s/op
Iteration 2: 0.116 s/op
Iteration 3: 0.115 s/op
Iteration 4: 0.104 s/op
Iteration 5: 0.103 s/op
Iteration 6: 0.114 s/op
Iteration 7: 0.117 s/op
Iteration 8: 0.118 s/op
Iteration 9: 0.115 s/op
Iteration 10: 0.115 s/op
Iteration 11: 0.117 s/op
Iteration 12: 0.117 s/op
Iteration 13: 0.116 s/op
Iteration 14: 0.116 s/op
Iteration 15: 0.116 s/op

Warm-up 1: 0.118 s/op
Warm-up 2: 0.116 s/op
Warm-up 3: 0.114 s/op
Warm-up 4: 0.108 s/op
Warm-up 5: 0.100 s/op
Warm-up 6: 0.100 s/op
Warm-up 7: 0.101 s/op
Warm-up 8: 0.100 s/op
Iteration 1: 0.113 s/op
Iteration 2: 0.113 s/op
Iteration 3: 0.100 s/op
Iteration 4: 0.101 s/op
Iteration 5: 0.101 s/op
Iteration 6: 0.103 s/op
Iteration 7: 0.100 s/op
Iteration 8: 0.106 s/op
Iteration 9: 0.103 s/op
Iteration 10: 0.100 s/op
Iteration 11: 0.110 s/op
Iteration 12: 0.115 s/op
Iteration 13: 0.118 s/op
Iteration 14: 0.115 s/op
Iteration 15: 0.117 s/op

  Success: 0.112 ±(99.9%) 0.003 s/op [Average]
  (min, avg, max) = (0.100, 0.112, 0.118), stdev = 0.006
  CI (99.9%): [0.109, 0.115] (assumes normal distribution)

… com.rafambn.kflate.benchmark.CompressionBenchmarks.rawDeflateDecompressionFromKompress | corpus=Maltese.bmp, level=3

Warm-up 1: 0.116 s/op
Warm-up 2: 0.104 s/op
Warm-up 3: 0.102 s/op
Warm-up 4: 0.103 s/op
Warm-up 5: 0.103 s/op
Warm-up 6: 0.103 s/op
Warm-up 7: 0.103 s/op
Warm-up 8: 0.104 s/op
Iteration 1: 0.104 s/op
Iteration 2: 0.104 s/op
Iteration 3: 0.104 s/op
Iteration 4: 0.103 s/op
Iteration 5: 0.102 s/op
Iteration 6: 0.103 s/op
Iteration 7: 0.102 s/op
Iteration 8: 0.102 s/op
Iteration 9: 0.103 s/op
Iteration 10: 0.103 s/op
Iteration 11: 0.115 s/op
Iteration 12: 0.105 s/op
Iteration 13: 0.102 s/op
Iteration 14: 0.103 s/op
Iteration 15: 0.095 s/op

Warm-up 1: 0.112 s/op
Warm-up 2: 0.093 s/op
Warm-up 3: 0.097 s/op
Warm-up 4: 0.104 s/op
Warm-up 5: 0.104 s/op
Warm-up 6: 0.103 s/op
Warm-up 7: 0.095 s/op
Warm-up 8: 0.093 s/op
Iteration 1: 0.104 s/op
Iteration 2: 0.104 s/op
Iteration 3: 0.103 s/op
Iteration 4: 0.104 s/op
Iteration 5: 0.104 s/op
Iteration 6: 0.104 s/op
Iteration 7: 0.103 s/op
Iteration 8: 0.098 s/op
Iteration 9: 0.092 s/op
Iteration 10: 0.092 s/op
Iteration 11: 0.092 s/op
Iteration 12: 0.093 s/op
Iteration 13: 0.092 s/op
Iteration 14: 0.091 s/op
Iteration 15: 0.092 s/op

Warm-up 1: 0.112 s/op
Warm-up 2: 0.096 s/op
Warm-up 3: 0.094 s/op
Warm-up 4: 0.091 s/op
Warm-up 5: 0.092 s/op
Warm-up 6: 0.105 s/op
Warm-up 7: 0.104 s/op
Warm-up 8: 0.103 s/op
Iteration 1: 0.104 s/op
Iteration 2: 0.103 s/op
Iteration 3: 0.103 s/op
Iteration 4: 0.099 s/op
Iteration 5: 0.091 s/op
Iteration 6: 0.096 s/op
Iteration 7: 0.092 s/op
Iteration 8: 0.091 s/op
Iteration 9: 0.092 s/op
Iteration 10: 0.103 s/op
Iteration 11: 0.103 s/op
Iteration 12: 0.104 s/op
Iteration 13: 0.105 s/op
Iteration 14: 0.104 s/op
Iteration 15: 0.104 s/op

  Success: 0.100 ±(99.9%) 0.003 s/op [Average]
  (min, avg, max) = (0.091, 0.100, 0.115), stdev = 0.006
  CI (99.9%): [0.097, 0.103] (assumes normal distribution)

… com.rafambn.kflate.benchmark.CompressionBenchmarks.rawDeflateDecompressionFromKompress | corpus=Maltese.bmp, level=4

Warm-up 1: 0.104 s/op
Warm-up 2: 0.099 s/op
Warm-up 3: 0.106 s/op
Warm-up 4: 0.107 s/op
Warm-up 5: 0.111 s/op
Warm-up 6: 0.111 s/op
Warm-up 7: 0.114 s/op
Warm-up 8: 0.100 s/op
Iteration 1: 0.098 s/op
Iteration 2: 0.099 s/op
Iteration 3: 0.098 s/op
Iteration 4: 0.100 s/op
Iteration 5: 0.099 s/op
Iteration 6: 0.098 s/op
Iteration 7: 0.098 s/op
Iteration 8: 0.098 s/op
Iteration 9: 0.103 s/op
Iteration 10: 0.101 s/op
Iteration 11: 0.103 s/op
Iteration 12: 0.113 s/op
Iteration 13: 0.115 s/op
Iteration 14: 0.119 s/op
Iteration 15: 0.115 s/op

Warm-up 1: 0.108 s/op
Warm-up 2: 0.097 s/op
Warm-up 3: 0.098 s/op
Warm-up 4: 0.098 s/op
Warm-up 5: 0.097 s/op
Warm-up 6: 0.097 s/op
Warm-up 7: 0.096 s/op
Warm-up 8: 0.096 s/op
Iteration 1: 0.098 s/op
Iteration 2: 0.108 s/op
Iteration 3: 0.096 s/op
Iteration 4: 0.101 s/op
Iteration 5: 0.098 s/op
Iteration 6: 0.096 s/op
Iteration 7: 0.096 s/op
Iteration 8: 0.103 s/op
Iteration 9: 0.096 s/op
Iteration 10: 0.098 s/op
Iteration 11: 0.096 s/op
Iteration 12: 0.106 s/op
Iteration 13: 0.101 s/op
Iteration 14: 0.096 s/op
Iteration 15: 0.096 s/op

Warm-up 1: 0.122 s/op
Warm-up 2: 0.106 s/op
Warm-up 3: 0.097 s/op
Warm-up 4: 0.105 s/op
Warm-up 5: 0.106 s/op
Warm-up 6: 0.108 s/op
Warm-up 7: 0.096 s/op
Warm-up 8: 0.097 s/op
Iteration 1: 0.097 s/op
Iteration 2: 0.097 s/op
Iteration 3: 0.096 s/op
Iteration 4: 0.098 s/op
Iteration 5: 0.103 s/op
Iteration 6: 0.096 s/op
Iteration 7: 0.096 s/op
Iteration 8: 0.096 s/op
Iteration 9: 0.097 s/op
Iteration 10: 0.106 s/op
Iteration 11: 0.098 s/op
Iteration 12: 0.097 s/op
Iteration 13: 0.105 s/op
Iteration 14: 0.105 s/op
Iteration 15: 0.096 s/op

  Success: 0.101 ±(99.9%) 0.003 s/op [Average]
  (min, avg, max) = (0.096, 0.101, 0.119), stdev = 0.006
  CI (99.9%): [0.098, 0.104] (assumes normal distribution)

… com.rafambn.kflate.benchmark.CompressionBenchmarks.rawDeflateDecompressionFromKompress | corpus=Maltese.bmp, level=5

Warm-up 1: 0.119 s/op
Warm-up 2: 0.111 s/op
Warm-up 3: 0.110 s/op
Warm-up 4: 0.109 s/op
Warm-up 5: 0.103 s/op
Warm-up 6: 0.108 s/op
Warm-up 7: 0.101 s/op
Warm-up 8: 0.093 s/op
Iteration 1: 0.093 s/op
Iteration 2: 0.103 s/op
Iteration 3: 0.101 s/op
Iteration 4: 0.094 s/op
Iteration 5: 0.104 s/op
Iteration 6: 0.098 s/op
Iteration 7: 0.100 s/op
Iteration 8: 0.094 s/op
Iteration 9: 0.102 s/op
Iteration 10: 0.101 s/op
Iteration 11: 0.105 s/op
Iteration 12: 0.101 s/op
Iteration 13: 0.094 s/op
Iteration 14: 0.105 s/op
Iteration 15: 0.109 s/op

Warm-up 1: 0.100 s/op
Warm-up 2: 0.094 s/op
Warm-up 3: 0.093 s/op
Warm-up 4: 0.093 s/op
Warm-up 5: 0.094 s/op
Warm-up 6: 0.099 s/op
Warm-up 7: 0.107 s/op
Warm-up 8: 0.107 s/op
Iteration 1: 0.106 s/op
Iteration 2: 0.098 s/op
Iteration 3: 0.093 s/op
Iteration 4: 0.105 s/op
Iteration 5: 0.095 s/op
Iteration 6: 0.095 s/op
Iteration 7: 0.106 s/op
Iteration 8: 0.107 s/op
Iteration 9: 0.106 s/op
Iteration 10: 0.106 s/op
Iteration 11: 0.106 s/op
Iteration 12: 0.100 s/op
Iteration 13: 0.105 s/op
Iteration 14: 0.105 s/op
Iteration 15: 0.093 s/op

Warm-up 1: 0.098 s/op
Warm-up 2: 0.099 s/op
Warm-up 3: 0.096 s/op
Warm-up 4: 0.096 s/op
Warm-up 5: 0.098 s/op
Warm-up 6: 0.109 s/op
Warm-up 7: 0.110 s/op
Warm-up 8: 0.109 s/op
Iteration 1: 0.109 s/op
Iteration 2: 0.101 s/op
Iteration 3: 0.109 s/op
Iteration 4: 0.109 s/op
Iteration 5: 0.109 s/op
Iteration 6: 0.101 s/op
Iteration 7: 0.098 s/op
Iteration 8: 0.107 s/op
Iteration 9: 0.095 s/op
Iteration 10: 0.108 s/op
Iteration 11: 0.108 s/op
Iteration 12: 0.107 s/op
Iteration 13: 0.107 s/op
Iteration 14: 0.107 s/op
Iteration 15: 0.107 s/op

  Success: 0.102 ±(99.9%) 0.003 s/op [Average]
  (min, avg, max) = (0.093, 0.102, 0.109), stdev = 0.005
  CI (99.9%): [0.100, 0.105] (assumes normal distribution)

… com.rafambn.kflate.benchmark.CompressionBenchmarks.rawDeflateDecompressionFromKompress | corpus=Maltese.bmp, level=6

Warm-up 1: 0.106 s/op
Warm-up 2: 0.107 s/op
Warm-up 3: 0.097 s/op
Warm-up 4: 0.095 s/op
Warm-up 5: 0.105 s/op
Warm-up 6: 0.106 s/op
Warm-up 7: 0.105 s/op
Warm-up 8: 0.106 s/op
Iteration 1: 0.107 s/op
Iteration 2: 0.109 s/op
Iteration 3: 0.110 s/op
Iteration 4: 0.100 s/op
Iteration 5: 0.108 s/op
Iteration 6: 0.105 s/op
Iteration 7: 0.104 s/op
Iteration 8: 0.105 s/op
Iteration 9: 0.105 s/op
Iteration 10: 0.106 s/op
Iteration 11: 0.107 s/op
Iteration 12: 0.105 s/op
Iteration 13: 0.105 s/op
Iteration 14: 0.104 s/op
Iteration 15: 0.105 s/op

Warm-up 1: 0.111 s/op
Warm-up 2: 0.107 s/op
Warm-up 3: 0.105 s/op
Warm-up 4: 0.105 s/op
Warm-up 5: 0.105 s/op
Warm-up 6: 0.106 s/op
Warm-up 7: 0.104 s/op
Warm-up 8: 0.104 s/op
Iteration 1: 0.107 s/op
Iteration 2: 0.104 s/op
Iteration 3: 0.105 s/op
Iteration 4: 0.106 s/op
Iteration 5: 0.105 s/op
Iteration 6: 0.104 s/op
Iteration 7: 0.104 s/op
Iteration 8: 0.104 s/op
Iteration 9: 0.103 s/op
Iteration 10: 0.103 s/op
Iteration 11: 0.104 s/op
Iteration 12: 0.105 s/op
Iteration 13: 0.104 s/op
Iteration 14: 0.105 s/op
Iteration 15: 0.105 s/op

Warm-up 1: 0.109 s/op
Warm-up 2: 0.106 s/op
Warm-up 3: 0.097 s/op
Warm-up 4: 0.097 s/op
Warm-up 5: 0.101 s/op
Warm-up 6: 0.095 s/op
Warm-up 7: 0.092 s/op
Warm-up 8: 0.096 s/op
Iteration 1: 0.105 s/op
Iteration 2: 0.106 s/op
Iteration 3: 0.106 s/op
Iteration 4: 0.106 s/op
Iteration 5: 0.105 s/op
Iteration 6: 0.105 s/op
Iteration 7: 0.107 s/op
Iteration 8: 0.106 s/op
Iteration 9: 0.107 s/op
Iteration 10: 0.107 s/op
Iteration 11: 0.107 s/op
Iteration 12: 0.106 s/op
Iteration 13: 0.106 s/op
Iteration 14: 0.107 s/op
Iteration 15: 0.107 s/op

  Success: 0.105 ±(99.9%) 0.001 s/op [Average]
  (min, avg, max) = (0.100, 0.105, 0.110), stdev = 0.002
  CI (99.9%): [0.105, 0.106] (assumes normal distribution)

… com.rafambn.kflate.benchmark.CompressionBenchmarks.rawDeflateDecompressionFromKompress | corpus=Maltese.bmp, level=7

Warm-up 1: 0.098 s/op
Warm-up 2: 0.093 s/op
Warm-up 3: 0.095 s/op
Warm-up 4: 0.093 s/op
Warm-up 5: 0.093 s/op
Warm-up 6: 0.096 s/op
Warm-up 7: 0.102 s/op
Warm-up 8: 0.093 s/op
Iteration 1: 0.095 s/op
Iteration 2: 0.093 s/op
Iteration 3: 0.099 s/op
Iteration 4: 0.093 s/op
Iteration 5: 0.093 s/op
Iteration 6: 0.093 s/op
Iteration 7: 0.093 s/op
Iteration 8: 0.095 s/op
Iteration 9: 0.092 s/op
Iteration 10: 0.093 s/op
Iteration 11: 0.093 s/op
Iteration 12: 0.093 s/op
Iteration 13: 0.093 s/op
Iteration 14: 0.093 s/op
Iteration 15: 0.092 s/op

Warm-up 1: 0.118 s/op
Warm-up 2: 0.096 s/op
Warm-up 3: 0.092 s/op
Warm-up 4: 0.093 s/op
Warm-up 5: 0.102 s/op
Warm-up 6: 0.102 s/op
Warm-up 7: 0.103 s/op
Warm-up 8: 0.102 s/op
Iteration 1: 0.102 s/op
Iteration 2: 0.104 s/op
Iteration 3: 0.102 s/op
Iteration 4: 0.103 s/op
Iteration 5: 0.103 s/op
Iteration 6: 0.103 s/op
Iteration 7: 0.103 s/op
Iteration 8: 0.104 s/op
Iteration 9: 0.103 s/op
Iteration 10: 0.103 s/op
Iteration 11: 0.103 s/op
Iteration 12: 0.103 s/op
Iteration 13: 0.104 s/op
Iteration 14: 0.104 s/op
Iteration 15: 0.103 s/op

Warm-up 1: 0.096 s/op
Warm-up 2: 0.091 s/op
Warm-up 3: 0.091 s/op
Warm-up 4: 0.092 s/op
Warm-up 5: 0.092 s/op
Warm-up 6: 0.095 s/op
Warm-up 7: 0.091 s/op
Warm-up 8: 0.091 s/op
Iteration 1: 0.091 s/op
Iteration 2: 0.092 s/op
Iteration 3: 0.092 s/op
Iteration 4: 0.095 s/op
Iteration 5: 0.097 s/op
Iteration 6: 0.091 s/op
Iteration 7: 0.091 s/op
Iteration 8: 0.090 s/op
Iteration 9: 0.090 s/op
Iteration 10: 0.092 s/op
Iteration 11: 0.097 s/op
Iteration 12: 0.104 s/op
Iteration 13: 0.105 s/op
Iteration 14: 0.104 s/op
Iteration 15: 0.101 s/op

  Success: 0.097 ±(99.9%) 0.003 s/op [Average]
  (min, avg, max) = (0.090, 0.097, 0.105), stdev = 0.005
  CI (99.9%): [0.095, 0.100] (assumes normal distribution)

… com.rafambn.kflate.benchmark.CompressionBenchmarks.rawDeflateDecompressionFromKompress | corpus=Maltese.bmp, level=8

Warm-up 1: 0.107 s/op
Warm-up 2: 0.097 s/op
Warm-up 3: 0.105 s/op
Warm-up 4: 0.093 s/op
Warm-up 5: 0.098 s/op
Warm-up 6: 0.103 s/op
Warm-up 7: 0.103 s/op
Warm-up 8: 0.103 s/op
Iteration 1: 0.098 s/op
Iteration 2: 0.103 s/op
Iteration 3: 0.104 s/op
Iteration 4: 0.103 s/op
Iteration 5: 0.103 s/op
Iteration 6: 0.102 s/op
Iteration 7: 0.103 s/op
Iteration 8: 0.105 s/op
Iteration 9: 0.103 s/op
Iteration 10: 0.103 s/op
Iteration 11: 0.102 s/op
Iteration 12: 0.105 s/op
Iteration 13: 0.102 s/op
Iteration 14: 0.103 s/op
Iteration 15: 0.103 s/op

Warm-up 1: 0.112 s/op
Warm-up 2: 0.099 s/op
Warm-up 3: 0.094 s/op
Warm-up 4: 0.097 s/op
Warm-up 5: 0.094 s/op
Warm-up 6: 0.106 s/op
Warm-up 7: 0.107 s/op
Warm-up 8: 0.106 s/op
Iteration 1: 0.106 s/op
Iteration 2: 0.106 s/op
Iteration 3: 0.103 s/op
Iteration 4: 0.102 s/op
Iteration 5: 0.096 s/op
Iteration 6: 0.094 s/op
Iteration 7: 0.098 s/op
Iteration 8: 0.106 s/op
Iteration 9: 0.105 s/op
Iteration 10: 0.104 s/op
Iteration 11: 0.104 s/op
Iteration 12: 0.105 s/op
Iteration 13: 0.105 s/op
Iteration 14: 0.103 s/op
Iteration 15: 0.093 s/op

Warm-up 1: 0.100 s/op
Warm-up 2: 0.105 s/op
Warm-up 3: 0.091 s/op
Warm-up 4: 0.099 s/op
Warm-up 5: 0.096 s/op
Warm-up 6: 0.092 s/op
Warm-up 7: 0.092 s/op
Warm-up 8: 0.093 s/op
Iteration 1: 0.091 s/op
Iteration 2: 0.103 s/op
Iteration 3: 0.106 s/op
Iteration 4: 0.100 s/op
Iteration 5: 0.106 s/op
Iteration 6: 0.105 s/op
Iteration 7: 0.105 s/op
Iteration 8: 0.105 s/op
Iteration 9: 0.104 s/op
Iteration 10: 0.104 s/op
Iteration 11: 0.092 s/op
Iteration 12: 0.105 s/op
Iteration 13: 0.091 s/op
Iteration 14: 0.092 s/op
Iteration 15: 0.104 s/op

  Success: 0.102 ±(99.9%) 0.002 s/op [Average]
  (min, avg, max) = (0.091, 0.102, 0.106), stdev = 0.004
  CI (99.9%): [0.100, 0.104] (assumes normal distribution)

… com.rafambn.kflate.benchmark.CompressionBenchmarks.rawDeflateDecompressionFromKompress | corpus=Maltese.bmp, level=9

Warm-up 1: 0.122 s/op
Warm-up 2: 0.098 s/op
Warm-up 3: 0.094 s/op
Warm-up 4: 0.103 s/op
Warm-up 5: 0.103 s/op
Warm-up 6: 0.103 s/op
Warm-up 7: 0.103 s/op
Warm-up 8: 0.103 s/op
Iteration 1: 0.102 s/op
Iteration 2: 0.091 s/op
Iteration 3: 0.092 s/op
Iteration 4: 0.095 s/op
Iteration 5: 0.098 s/op
Iteration 6: 0.092 s/op
Iteration 7: 0.103 s/op
Iteration 8: 0.105 s/op
Iteration 9: 0.096 s/op
Iteration 10: 0.106 s/op
Iteration 11: 0.104 s/op
Iteration 12: 0.104 s/op
Iteration 13: 0.104 s/op
Iteration 14: 0.105 s/op
Iteration 15: 0.104 s/op

Warm-up 1: 0.106 s/op
Warm-up 2: 0.106 s/op
Warm-up 3: 0.105 s/op
Warm-up 4: 0.106 s/op
Warm-up 5: 0.105 s/op
Warm-up 6: 0.104 s/op
Warm-up 7: 0.104 s/op
Warm-up 8: 0.098 s/op
Iteration 1: 0.093 s/op
Iteration 2: 0.098 s/op
Iteration 3: 0.102 s/op
Iteration 4: 0.103 s/op
Iteration 5: 0.096 s/op
Iteration 6: 0.103 s/op
Iteration 7: 0.104 s/op
Iteration 8: 0.104 s/op
Iteration 9: 0.104 s/op
Iteration 10: 0.099 s/op
Iteration 11: 0.093 s/op
Iteration 12: 0.092 s/op
Iteration 13: 0.103 s/op
Iteration 14: 0.105 s/op
Iteration 15: 0.105 s/op

Warm-up 1: 0.101 s/op
Warm-up 2: 0.094 s/op
Warm-up 3: 0.095 s/op
Warm-up 4: 0.093 s/op
Warm-up 5: 0.093 s/op
Warm-up 6: 0.108 s/op
Warm-up 7: 0.108 s/op
Warm-up 8: 0.107 s/op
Iteration 1: 0.106 s/op
Iteration 2: 0.108 s/op
Iteration 3: 0.107 s/op
Iteration 4: 0.107 s/op
Iteration 5: 0.106 s/op
Iteration 6: 0.106 s/op
Iteration 7: 0.104 s/op
Iteration 8: 0.092 s/op
Iteration 9: 0.105 s/op
Iteration 10: 0.101 s/op
Iteration 11: 0.102 s/op
Iteration 12: 0.105 s/op
Iteration 13: 0.109 s/op
Iteration 14: 0.107 s/op
Iteration 15: 0.101 s/op

  Success: 0.102 ±(99.9%) 0.003 s/op [Average]
  (min, avg, max) = (0.091, 0.102, 0.109), stdev = 0.005
  CI (99.9%): [0.099, 0.104] (assumes normal distribution)

… com.rafambn.kflate.benchmark.CompressionBenchmarks.rawDeflateDecompressionFromKompress | corpus=Sunrise.bmp, level=0

Warm-up 1: 0.025 s/op
Warm-up 2: 0.023 s/op
Warm-up 3: 0.023 s/op
Warm-up 4: 0.023 s/op
Warm-up 5: 0.023 s/op
Warm-up 6: 0.026 s/op
Warm-up 7: 0.023 s/op
Warm-up 8: 0.023 s/op
Iteration 1: 0.022 s/op
Iteration 2: 0.023 s/op
Iteration 3: 0.022 s/op
Iteration 4: 0.023 s/op
Iteration 5: 0.022 s/op
Iteration 6: 0.023 s/op
Iteration 7: 0.022 s/op
Iteration 8: 0.022 s/op
Iteration 9: 0.022 s/op
Iteration 10: 0.022 s/op
Iteration 11: 0.022 s/op
Iteration 12: 0.023 s/op
Iteration 13: 0.022 s/op
Iteration 14: 0.022 s/op
Iteration 15: 0.022 s/op

Warm-up 1: 0.023 s/op
Warm-up 2: 0.022 s/op
Warm-up 3: 0.022 s/op
Warm-up 4: 0.022 s/op
Warm-up 5: 0.022 s/op
Warm-up 6: 0.022 s/op
Warm-up 7: 0.023 s/op
Warm-up 8: 0.023 s/op
Iteration 1: 0.022 s/op
Iteration 2: 0.022 s/op
Iteration 3: 0.022 s/op
Iteration 4: 0.022 s/op
Iteration 5: 0.022 s/op
Iteration 6: 0.022 s/op
Iteration 7: 0.022 s/op
Iteration 8: 0.023 s/op
Iteration 9: 0.022 s/op
Iteration 10: 0.022 s/op
Iteration 11: 0.022 s/op
Iteration 12: 0.022 s/op
Iteration 13: 0.022 s/op
Iteration 14: 0.022 s/op
Iteration 15: 0.025 s/op

Warm-up 1: 0.023 s/op
Warm-up 2: 0.022 s/op
Warm-up 3: 0.023 s/op
Warm-up 4: 0.022 s/op
Warm-up 5: 0.022 s/op
Warm-up 6: 0.022 s/op
Warm-up 7: 0.022 s/op
Warm-up 8: 0.022 s/op
Iteration 1: 0.023 s/op
Iteration 2: 0.022 s/op
Iteration 3: 0.022 s/op
Iteration 4: 0.022 s/op
Iteration 5: 0.022 s/op
Iteration 6: 0.023 s/op
Iteration 7: 0.023 s/op
Iteration 8: 0.022 s/op
Iteration 9: 0.022 s/op
Iteration 10: 0.022 s/op
Iteration 11: 0.024 s/op
Iteration 12: 0.022 s/op
Iteration 13: 0.022 s/op
Iteration 14: 0.022 s/op
Iteration 15: 0.023 s/op

  Success: 0.022 ±(99.9%) 0.001 s/op [Average]
  (min, avg, max) = (0.022, 0.022, 0.025), stdev = 0.001
  CI (99.9%): [0.022, 0.023] (assumes normal distribution)

… com.rafambn.kflate.benchmark.CompressionBenchmarks.rawDeflateDecompressionFromKompress | corpus=Sunrise.bmp, level=1

Warm-up 1: 0.391 s/op
Warm-up 2: 0.392 s/op
Warm-up 3: 0.379 s/op
Warm-up 4: 0.383 s/op
Warm-up 5: 0.383 s/op
Warm-up 6: 0.375 s/op
Warm-up 7: 0.389 s/op
Warm-up 8: 0.374 s/op
Iteration 1: 0.388 s/op
Iteration 2: 0.427 s/op
Iteration 3: 0.427 s/op
Iteration 4: 0.427 s/op
Iteration 5: 0.425 s/op
Iteration 6: 0.426 s/op
Iteration 7: 0.405 s/op
Iteration 8: 0.414 s/op
Iteration 9: 0.375 s/op
Iteration 10: 0.375 s/op
Iteration 11: 0.375 s/op
Iteration 12: 0.375 s/op
Iteration 13: 0.382 s/op
Iteration 14: 0.393 s/op
Iteration 15: 0.416 s/op

Warm-up 1: 0.410 s/op
Warm-up 2: 0.419 s/op
Warm-up 3: 0.420 s/op
Warm-up 4: 0.416 s/op
Warm-up 5: 0.405 s/op
Warm-up 6: 0.408 s/op
Warm-up 7: 0.410 s/op
Warm-up 8: 0.410 s/op
Iteration 1: 0.409 s/op
Iteration 2: 0.405 s/op
Iteration 3: 0.405 s/op
Iteration 4: 0.408 s/op
Iteration 5: 0.407 s/op
Iteration 6: 0.401 s/op
Iteration 7: 0.410 s/op
Iteration 8: 0.413 s/op
Iteration 9: 0.408 s/op
Iteration 10: 0.412 s/op
Iteration 11: 0.378 s/op
Iteration 12: 0.370 s/op
Iteration 13: 0.403 s/op
Iteration 14: 0.356 s/op
Iteration 15: 0.372 s/op

Warm-up 1: 0.363 s/op
Warm-up 2: 0.362 s/op
Warm-up 3: 0.360 s/op
Warm-up 4: 0.357 s/op
Warm-up 5: 0.359 s/op
Warm-up 6: 0.364 s/op
Warm-up 7: 0.359 s/op
Warm-up 8: 0.356 s/op
Iteration 1: 0.357 s/op
Iteration 2: 0.368 s/op
Iteration 3: 0.358 s/op
Iteration 4: 0.358 s/op
Iteration 5: 0.356 s/op
Iteration 6: 0.361 s/op
Iteration 7: 0.402 s/op
Iteration 8: 0.410 s/op
Iteration 9: 0.411 s/op
Iteration 10: 0.366 s/op
Iteration 11: 0.408 s/op
Iteration 12: 0.407 s/op
Iteration 13: 0.408 s/op
Iteration 14: 0.407 s/op
Iteration 15: 0.408 s/op

  Success: 0.395 ±(99.9%) 0.012 s/op [Average]
  (min, avg, max) = (0.356, 0.395, 0.427), stdev = 0.022
  CI (99.9%): [0.383, 0.407] (assumes normal distribution)

… com.rafambn.kflate.benchmark.CompressionBenchmarks.rawDeflateDecompressionFromKompress | corpus=Sunrise.bmp, level=2

Warm-up 1: 0.364 s/op
Warm-up 2: 0.361 s/op
Warm-up 3: 0.353 s/op
Warm-up 4: 0.354 s/op
Warm-up 5: 0.352 s/op
Warm-up 6: 0.362 s/op
Warm-up 7: 0.357 s/op
Warm-up 8: 0.354 s/op
Iteration 1: 0.359 s/op
Iteration 2: 0.399 s/op
Iteration 3: 0.404 s/op
Iteration 4: 0.405 s/op
Iteration 5: 0.366 s/op
Iteration 6: 0.398 s/op
Iteration 7: 0.396 s/op
Iteration 8: 0.396 s/op
Iteration 9: 0.395 s/op
Iteration 10: 0.400 s/op
Iteration 11: 0.400 s/op
Iteration 12: 0.401 s/op
Iteration 13: 0.405 s/op
Iteration 14: 0.400 s/op
Iteration 15: 0.396 s/op

Warm-up 1: 0.342 s/op
Warm-up 2: 0.354 s/op
Warm-up 3: 0.391 s/op
Warm-up 4: 0.394 s/op
Warm-up 5: 0.388 s/op
Warm-up 6: 0.386 s/op
Warm-up 7: 0.385 s/op
Warm-up 8: 0.385 s/op
Iteration 1: 0.394 s/op
Iteration 2: 0.343 s/op
Iteration 3: 0.348 s/op
Iteration 4: 0.339 s/op
Iteration 5: 0.357 s/op
Iteration 6: 0.361 s/op
Iteration 7: 0.372 s/op
Iteration 8: 0.391 s/op
Iteration 9: 0.408 s/op
Iteration 10: 0.438 s/op
Iteration 11: 0.389 s/op
Iteration 12: 0.394 s/op
Iteration 13: 0.395 s/op
Iteration 14: 0.390 s/op
Iteration 15: 0.411 s/op

Warm-up 1: 0.413 s/op
Warm-up 2: 0.370 s/op
Warm-up 3: 0.389 s/op
Warm-up 4: 0.381 s/op
Warm-up 5: 0.369 s/op
Warm-up 6: 0.417 s/op
Warm-up 7: 0.423 s/op
Warm-up 8: 0.437 s/op
Iteration 1: 0.426 s/op
Iteration 2: 0.444 s/op
Iteration 3: 0.428 s/op
Iteration 4: 0.428 s/op
Iteration 5: 0.425 s/op
Iteration 6: 0.420 s/op
Iteration 7: 0.417 s/op
Iteration 8: 0.419 s/op
Iteration 9: 0.381 s/op
Iteration 10: 0.389 s/op
Iteration 11: 0.393 s/op
Iteration 12: 0.376 s/op
Iteration 13: 0.417 s/op
Iteration 14: 0.419 s/op
Iteration 15: 0.432 s/op

  Success: 0.397 ±(99.9%) 0.013 s/op [Average]
  (min, avg, max) = (0.339, 0.397, 0.444), stdev = 0.025
  CI (99.9%): [0.384, 0.410] (assumes normal distribution)

… com.rafambn.kflate.benchmark.CompressionBenchmarks.rawDeflateDecompressionFromKompress | corpus=Sunrise.bmp, level=3

Warm-up 1: 0.441 s/op
Warm-up 2: 0.379 s/op
Warm-up 3: 0.352 s/op
Warm-up 4: 0.355 s/op
Warm-up 5: 0.367 s/op
Warm-up 6: 0.413 s/op
Warm-up 7: 0.402 s/op
Warm-up 8: 0.407 s/op
Iteration 1: 0.384 s/op
Iteration 2: 0.373 s/op
Iteration 3: 0.384 s/op
Iteration 4: 0.358 s/op
Iteration 5: 0.367 s/op
Iteration 6: 0.362 s/op
Iteration 7: 0.356 s/op
Iteration 8: 0.360 s/op
Iteration 9: 0.357 s/op
Iteration 10: 0.364 s/op
Iteration 11: 0.380 s/op
Iteration 12: 0.371 s/op
Iteration 13: 0.398 s/op
Iteration 14: 0.364 s/op
Iteration 15: 0.364 s/op

Warm-up 1: 0.435 s/op
Warm-up 2: 0.419 s/op
Warm-up 3: 0.416 s/op
Warm-up 4: 0.351 s/op
Warm-up 5: 0.347 s/op
Warm-up 6: 0.391 s/op
Warm-up 7: 0.392 s/op
Warm-up 8: 0.396 s/op
Iteration 1: 0.391 s/op
Iteration 2: 0.390 s/op
Iteration 3: 0.396 s/op
Iteration 4: 0.397 s/op
Iteration 5: 0.401 s/op
Iteration 6: 0.369 s/op
Iteration 7: 0.346 s/op
Iteration 8: 0.351 s/op
Iteration 9: 0.390 s/op
Iteration 10: 0.390 s/op
Iteration 11: 0.394 s/op
Iteration 12: 0.369 s/op
Iteration 13: 0.350 s/op
Iteration 14: 0.350 s/op
Iteration 15: 0.349 s/op

Warm-up 1: 0.400 s/op
Warm-up 2: 0.378 s/op
Warm-up 3: 0.386 s/op
Warm-up 4: 0.392 s/op
Warm-up 5: 0.364 s/op
Warm-up 6: 0.369 s/op
Warm-up 7: 0.366 s/op
Warm-up 8: 0.363 s/op
Iteration 1: 0.371 s/op
Iteration 2: 0.369 s/op
Iteration 3: 0.359 s/op
Iteration 4: 0.367 s/op
Iteration 5: 0.371 s/op
Iteration 6: 0.372 s/op
Iteration 7: 0.354 s/op
Iteration 8: 0.387 s/op
Iteration 9: 0.359 s/op
Iteration 10: 0.366 s/op
Iteration 11: 0.356 s/op
Iteration 12: 0.396 s/op
Iteration 13: 0.358 s/op
Iteration 14: 0.366 s/op
Iteration 15: 0.356 s/op

  Success: 0.371 ±(99.9%) 0.008 s/op [Average]
  (min, avg, max) = (0.346, 0.371, 0.401), stdev = 0.016
  CI (99.9%): [0.362, 0.379] (assumes normal distribution)

… com.rafambn.kflate.benchmark.CompressionBenchmarks.rawDeflateDecompressionFromKompress | corpus=Sunrise.bmp, level=4

Warm-up 1: 0.423 s/op
Warm-up 2: 0.419 s/op
Warm-up 3: 0.417 s/op
Warm-up 4: 0.415 s/op
Warm-up 5: 0.416 s/op
Warm-up 6: 0.423 s/op
Warm-up 7: 0.399 s/op
Warm-up 8: 0.418 s/op
Iteration 1: 0.421 s/op
Iteration 2: 0.420 s/op
Iteration 3: 0.379 s/op
Iteration 4: 0.419 s/op
Iteration 5: 0.422 s/op
Iteration 6: 0.375 s/op
Iteration 7: 0.373 s/op
Iteration 8: 0.372 s/op
Iteration 9: 0.417 s/op
Iteration 10: 0.383 s/op
Iteration 11: 0.393 s/op
Iteration 12: 0.434 s/op
Iteration 13: 0.419 s/op
Iteration 14: 0.384 s/op
Iteration 15: 0.412 s/op

Warm-up 1: 0.413 s/op
Warm-up 2: 0.418 s/op
Warm-up 3: 0.401 s/op
Warm-up 4: 0.373 s/op
Warm-up 5: 0.406 s/op
Warm-up 6: 0.400 s/op
Warm-up 7: 0.399 s/op
Warm-up 8: 0.389 s/op
Iteration 1: 0.382 s/op
Iteration 2: 0.381 s/op
Iteration 3: 0.378 s/op
Iteration 4: 0.385 s/op
Iteration 5: 0.414 s/op
Iteration 6: 0.423 s/op
Iteration 7: 0.420 s/op
Iteration 8: 0.422 s/op
Iteration 9: 0.428 s/op
Iteration 10: 0.422 s/op
Iteration 11: 0.445 s/op
Iteration 12: 0.404 s/op
Iteration 13: 0.400 s/op
Iteration 14: 0.424 s/op
Iteration 15: 0.391 s/op

Warm-up 1: 0.440 s/op
Warm-up 2: 0.424 s/op
Warm-up 3: 0.414 s/op
Warm-up 4: 0.413 s/op
Warm-up 5: 0.414 s/op
Warm-up 6: 0.413 s/op
Warm-up 7: 0.373 s/op
Warm-up 8: 0.379 s/op
Iteration 1: 0.411 s/op
Iteration 2: 0.396 s/op
Iteration 3: 0.378 s/op
Iteration 4: 0.366 s/op
Iteration 5: 0.366 s/op
Iteration 6: 0.389 s/op
Iteration 7: 0.420 s/op
Iteration 8: 0.416 s/op
Iteration 9: 0.365 s/op
Iteration 10: 0.366 s/op
Iteration 11: 0.366 s/op
Iteration 12: 0.366 s/op
Iteration 13: 0.395 s/op
Iteration 14: 0.380 s/op
Iteration 15: 0.408 s/op

  Success: 0.398 ±(99.9%) 0.012 s/op [Average]
  (min, avg, max) = (0.365, 0.398, 0.445), stdev = 0.023
  CI (99.9%): [0.387, 0.410] (assumes normal distribution)

… com.rafambn.kflate.benchmark.CompressionBenchmarks.rawDeflateDecompressionFromKompress | corpus=Sunrise.bmp, level=5

Warm-up 1: 0.432 s/op
Warm-up 2: 0.404 s/op
Warm-up 3: 0.401 s/op
Warm-up 4: 0.400 s/op
Warm-up 5: 0.402 s/op
Warm-up 6: 0.400 s/op
Warm-up 7: 0.400 s/op
Warm-up 8: 0.400 s/op
Iteration 1: 0.400 s/op
Iteration 2: 0.400 s/op
Iteration 3: 0.392 s/op
Iteration 4: 0.356 s/op
Iteration 5: 0.385 s/op
Iteration 6: 0.402 s/op
Iteration 7: 0.373 s/op
Iteration 8: 0.387 s/op
Iteration 9: 0.407 s/op
Iteration 10: 0.407 s/op
Iteration 11: 0.406 s/op
Iteration 12: 0.405 s/op
Iteration 13: 0.407 s/op
Iteration 14: 0.407 s/op
Iteration 15: 0.406 s/op

Warm-up 1: 0.413 s/op
Warm-up 2: 0.403 s/op
Warm-up 3: 0.397 s/op
Warm-up 4: 0.399 s/op
Warm-up 5: 0.398 s/op
Warm-up 6: 0.397 s/op
Warm-up 7: 0.398 s/op
Warm-up 8: 0.397 s/op
Iteration 1: 0.397 s/op
Iteration 2: 0.397 s/op
Iteration 3: 0.397 s/op
Iteration 4: 0.397 s/op
Iteration 5: 0.398 s/op
Iteration 6: 0.397 s/op
Iteration 7: 0.397 s/op
Iteration 8: 0.395 s/op
Iteration 9: 0.392 s/op
Iteration 10: 0.395 s/op
Iteration 11: 0.421 s/op
Iteration 12: 0.400 s/op
Iteration 13: 0.403 s/op
Iteration 14: 0.400 s/op
Iteration 15: 0.404 s/op

Warm-up 1: 0.391 s/op
Warm-up 2: 0.407 s/op
Warm-up 3: 0.405 s/op
Warm-up 4: 0.391 s/op
Warm-up 5: 0.365 s/op
Warm-up 6: 0.357 s/op
Warm-up 7: 0.367 s/op
Warm-up 8: 0.397 s/op
Iteration 1: 0.386 s/op
Iteration 2: 0.357 s/op
Iteration 3: 0.383 s/op
Iteration 4: 0.372 s/op
Iteration 5: 0.357 s/op
Iteration 6: 0.374 s/op
Iteration 7: 0.402 s/op
Iteration 8: 0.401 s/op
Iteration 9: 0.403 s/op
Iteration 10: 0.402 s/op
Iteration 11: 0.405 s/op
Iteration 12: 0.400 s/op
Iteration 13: 0.386 s/op
Iteration 14: 0.358 s/op
Iteration 15: 0.359 s/op

  Success: 0.393 ±(99.9%) 0.008 s/op [Average]
  (min, avg, max) = (0.356, 0.393, 0.421), stdev = 0.016
  CI (99.9%): [0.385, 0.401] (assumes normal distribution)

… com.rafambn.kflate.benchmark.CompressionBenchmarks.rawDeflateDecompressionFromKompress | corpus=Sunrise.bmp, level=6

Warm-up 1: 0.410 s/op
Warm-up 2: 0.400 s/op
Warm-up 3: 0.395 s/op
Warm-up 4: 0.399 s/op
Warm-up 5: 0.396 s/op
Warm-up 6: 0.394 s/op
Warm-up 7: 0.394 s/op
Warm-up 8: 0.393 s/op
Iteration 1: 0.394 s/op
Iteration 2: 0.393 s/op
Iteration 3: 0.394 s/op
Iteration 4: 0.381 s/op
Iteration 5: 0.351 s/op
Iteration 6: 0.351 s/op
Iteration 7: 0.351 s/op
Iteration 8: 0.388 s/op
Iteration 9: 0.393 s/op
Iteration 10: 0.393 s/op
Iteration 11: 0.392 s/op
Iteration 12: 0.393 s/op
Iteration 13: 0.393 s/op
Iteration 14: 0.393 s/op
Iteration 15: 0.392 s/op

Warm-up 1: 0.364 s/op
Warm-up 2: 0.351 s/op
Warm-up 3: 0.349 s/op
Warm-up 4: 0.358 s/op
Warm-up 5: 0.365 s/op
Warm-up 6: 0.347 s/op
Warm-up 7: 0.351 s/op
Warm-up 8: 0.351 s/op
Iteration 1: 0.349 s/op
Iteration 2: 0.349 s/op
Iteration 3: 0.347 s/op
Iteration 4: 0.361 s/op
Iteration 5: 0.351 s/op
Iteration 6: 0.347 s/op
Iteration 7: 0.347 s/op
Iteration 8: 0.374 s/op
Iteration 9: 0.393 s/op
Iteration 10: 0.392 s/op
Iteration 11: 0.404 s/op
Iteration 12: 0.402 s/op
Iteration 13: 0.392 s/op
Iteration 14: 0.392 s/op
Iteration 15: 0.392 s/op

Warm-up 1: 0.418 s/op
Warm-up 2: 0.402 s/op
Warm-up 3: 0.399 s/op
Warm-up 4: 0.387 s/op
Warm-up 5: 0.351 s/op
Warm-up 6: 0.352 s/op
Warm-up 7: 0.380 s/op
Warm-up 8: 0.376 s/op
Iteration 1: 0.419 s/op
Iteration 2: 0.378 s/op
Iteration 3: 0.401 s/op
Iteration 4: 0.400 s/op
Iteration 5: 0.400 s/op
Iteration 6: 0.386 s/op
Iteration 7: 0.361 s/op
Iteration 8: 0.399 s/op
Iteration 9: 0.367 s/op
Iteration 10: 0.352 s/op
Iteration 11: 0.372 s/op
Iteration 12: 0.351 s/op
Iteration 13: 0.359 s/op
Iteration 14: 0.394 s/op
Iteration 15: 0.396 s/op

  Success: 0.380 ±(99.9%) 0.011 s/op [Average]
  (min, avg, max) = (0.347, 0.380, 0.419), stdev = 0.021
  CI (99.9%): [0.369, 0.390] (assumes normal distribution)

… com.rafambn.kflate.benchmark.CompressionBenchmarks.rawDeflateDecompressionFromKompress | corpus=Sunrise.bmp, level=7

Warm-up 1: 0.416 s/op
Warm-up 2: 0.407 s/op
Warm-up 3: 0.399 s/op
Warm-up 4: 0.399 s/op
Warm-up 5: 0.399 s/op
Warm-up 6: 0.400 s/op
Warm-up 7: 0.399 s/op
Warm-up 8: 0.398 s/op
Iteration 1: 0.399 s/op
Iteration 2: 0.398 s/op
Iteration 3: 0.398 s/op
Iteration 4: 0.401 s/op
Iteration 5: 0.402 s/op
Iteration 6: 0.401 s/op
Iteration 7: 0.400 s/op
Iteration 8: 0.400 s/op
Iteration 9: 0.400 s/op
Iteration 10: 0.400 s/op
Iteration 11: 0.401 s/op
Iteration 12: 0.370 s/op
Iteration 13: 0.380 s/op
Iteration 14: 0.365 s/op
Iteration 15: 0.355 s/op

Warm-up 1: 0.415 s/op
Warm-up 2: 0.404 s/op
Warm-up 3: 0.401 s/op
Warm-up 4: 0.403 s/op
Warm-up 5: 0.403 s/op
Warm-up 6: 0.400 s/op
Warm-up 7: 0.400 s/op
Warm-up 8: 0.399 s/op
Iteration 1: 0.400 s/op
Iteration 2: 0.401 s/op
Iteration 3: 0.400 s/op
Iteration 4: 0.400 s/op
Iteration 5: 0.399 s/op
Iteration 6: 0.399 s/op
Iteration 7: 0.398 s/op
Iteration 8: 0.399 s/op
Iteration 9: 0.400 s/op
Iteration 10: 0.398 s/op
Iteration 11: 0.398 s/op
Iteration 12: 0.398 s/op
Iteration 13: 0.398 s/op
Iteration 14: 0.407 s/op
Iteration 15: 0.412 s/op

Warm-up 1: 0.408 s/op
Warm-up 2: 0.429 s/op
Warm-up 3: 0.412 s/op
Warm-up 4: 0.425 s/op
Warm-up 5: 0.418 s/op
Warm-up 6: 0.419 s/op
Warm-up 7: 0.419 s/op
Warm-up 8: 0.404 s/op
Iteration 1: 0.385 s/op
Iteration 2: 0.414 s/op
Iteration 3: 0.406 s/op
Iteration 4: 0.403 s/op
Iteration 5: 0.353 s/op
Iteration 6: 0.371 s/op
Iteration 7: 0.356 s/op
Iteration 8: 0.366 s/op
Iteration 9: 0.374 s/op
Iteration 10: 0.357 s/op
Iteration 11: 0.359 s/op
Iteration 12: 0.412 s/op
Iteration 13: 0.408 s/op
Iteration 14: 0.366 s/op
Iteration 15: 0.368 s/op

  Success: 0.391 ±(99.9%) 0.009 s/op [Average]
  (min, avg, max) = (0.353, 0.391, 0.414), stdev = 0.018
  CI (99.9%): [0.381, 0.400] (assumes normal distribution)

… com.rafambn.kflate.benchmark.CompressionBenchmarks.rawDeflateDecompressionFromKompress | corpus=Sunrise.bmp, level=8

Warm-up 1: 0.355 s/op
Warm-up 2: 0.380 s/op
Warm-up 3: 0.398 s/op
Warm-up 4: 0.416 s/op
Warm-up 5: 0.407 s/op
Warm-up 6: 0.409 s/op
Warm-up 7: 0.403 s/op
Warm-up 8: 0.410 s/op
Iteration 1: 0.400 s/op
Iteration 2: 0.396 s/op
Iteration 3: 0.395 s/op
Iteration 4: 0.397 s/op
Iteration 5: 0.397 s/op
Iteration 6: 0.395 s/op
Iteration 7: 0.391 s/op
Iteration 8: 0.352 s/op
Iteration 9: 0.356 s/op
Iteration 10: 0.397 s/op
Iteration 11: 0.396 s/op
Iteration 12: 0.395 s/op
Iteration 13: 0.395 s/op
Iteration 14: 0.393 s/op
Iteration 15: 0.374 s/op

Warm-up 1: 0.389 s/op
Warm-up 2: 0.360 s/op
Warm-up 3: 0.384 s/op
Warm-up 4: 0.416 s/op
Warm-up 5: 0.401 s/op
Warm-up 6: 0.400 s/op
Warm-up 7: 0.401 s/op
Warm-up 8: 0.404 s/op
Iteration 1: 0.399 s/op
Iteration 2: 0.385 s/op
Iteration 3: 0.350 s/op
Iteration 4: 0.350 s/op
Iteration 5: 0.379 s/op
Iteration 6: 0.397 s/op
Iteration 7: 0.397 s/op
Iteration 8: 0.397 s/op
Iteration 9: 0.406 s/op
Iteration 10: 0.389 s/op
Iteration 11: 0.358 s/op
Iteration 12: 0.359 s/op
Iteration 13: 0.352 s/op
Iteration 14: 0.350 s/op
Iteration 15: 0.350 s/op

Warm-up 1: 0.428 s/op
Warm-up 2: 0.394 s/op
Warm-up 3: 0.392 s/op
Warm-up 4: 0.365 s/op
Warm-up 5: 0.349 s/op
Warm-up 6: 0.348 s/op
Warm-up 7: 0.349 s/op
Warm-up 8: 0.348 s/op
Iteration 1: 0.349 s/op
Iteration 2: 0.348 s/op
Iteration 3: 0.351 s/op
Iteration 4: 0.349 s/op
Iteration 5: 0.348 s/op
Iteration 6: 0.350 s/op
Iteration 7: 0.348 s/op
Iteration 8: 0.349 s/op
Iteration 9: 0.381 s/op
Iteration 10: 0.375 s/op
Iteration 11: 0.398 s/op
Iteration 12: 0.397 s/op
Iteration 13: 0.397 s/op
Iteration 14: 0.397 s/op
Iteration 15: 0.397 s/op

  Success: 0.377 ±(99.9%) 0.011 s/op [Average]
  (min, avg, max) = (0.348, 0.377, 0.406), stdev = 0.022
  CI (99.9%): [0.366, 0.389] (assumes normal distribution)

… com.rafambn.kflate.benchmark.CompressionBenchmarks.rawDeflateDecompressionFromKompress | corpus=Sunrise.bmp, level=9

Warm-up 1: 0.362 s/op
Warm-up 2: 0.350 s/op
Warm-up 3: 0.348 s/op
Warm-up 4: 0.348 s/op
Warm-up 5: 0.348 s/op
Warm-up 6: 0.349 s/op
Warm-up 7: 0.348 s/op
Warm-up 8: 0.349 s/op
Iteration 1: 0.349 s/op
Iteration 2: 0.348 s/op
Iteration 3: 0.349 s/op
Iteration 4: 0.358 s/op
Iteration 5: 0.392 s/op
Iteration 6: 0.355 s/op
Iteration 7: 0.350 s/op
Iteration 8: 0.383 s/op
Iteration 9: 0.387 s/op
Iteration 10: 0.387 s/op
Iteration 11: 0.348 s/op
Iteration 12: 0.350 s/op
Iteration 13: 0.348 s/op
Iteration 14: 0.348 s/op
Iteration 15: 0.348 s/op

Warm-up 1: 0.409 s/op
Warm-up 2: 0.391 s/op
Warm-up 3: 0.390 s/op
Warm-up 4: 0.391 s/op
Warm-up 5: 0.390 s/op
Warm-up 6: 0.390 s/op
Warm-up 7: 0.373 s/op
Warm-up 8: 0.344 s/op
Iteration 1: 0.344 s/op
Iteration 2: 0.343 s/op
Iteration 3: 0.355 s/op
Iteration 4: 0.387 s/op
Iteration 5: 0.390 s/op
Iteration 6: 0.389 s/op
Iteration 7: 0.358 s/op
Iteration 8: 0.343 s/op
Iteration 9: 0.344 s/op
Iteration 10: 0.343 s/op
Iteration 11: 0.357 s/op
Iteration 12: 0.368 s/op
Iteration 13: 0.353 s/op
Iteration 14: 0.341 s/op
Iteration 15: 0.341 s/op

Warm-up 1: 0.363 s/op
Warm-up 2: 0.350 s/op
Warm-up 3: 0.348 s/op
Warm-up 4: 0.348 s/op
Warm-up 5: 0.348 s/op
Warm-up 6: 0.350 s/op
Warm-up 7: 0.351 s/op
Warm-up 8: 0.348 s/op
Iteration 1: 0.359 s/op
Iteration 2: 0.361 s/op
Iteration 3: 0.390 s/op
Iteration 4: 0.394 s/op
Iteration 5: 0.394 s/op
Iteration 6: 0.393 s/op
Iteration 7: 0.363 s/op
Iteration 8: 0.347 s/op
Iteration 9: 0.347 s/op
Iteration 10: 0.346 s/op
Iteration 11: 0.382 s/op
Iteration 12: 0.387 s/op
Iteration 13: 0.395 s/op
Iteration 14: 0.353 s/op
Iteration 15: 0.351 s/op

  Success: 0.363 ±(99.9%) 0.010 s/op [Average]
  (min, avg, max) = (0.341, 0.363, 0.395), stdev = 0.019
  CI (99.9%): [0.353, 0.373] (assumes normal distribution)

… com.rafambn.kflate.benchmark.CompressionBenchmarks.rawDeflateDecompressionFromKompress | corpus=compressed_MVT.pbf, level=0

Warm-up 1: ≈ 10⁻⁴ s/op
Warm-up 2: ≈ 10⁻⁵ s/op
Warm-up 3: ≈ 10⁻⁵ s/op
Warm-up 4: ≈ 10⁻⁵ s/op
Warm-up 5: ≈ 10⁻⁵ s/op
Warm-up 6: ≈ 10⁻⁵ s/op
Warm-up 7: ≈ 10⁻⁵ s/op
Warm-up 8: ≈ 10⁻⁵ s/op
Iteration 1: ≈ 10⁻⁵ s/op
Iteration 2: ≈ 10⁻⁵ s/op
Iteration 3: ≈ 10⁻⁵ s/op
Iteration 4: ≈ 10⁻⁵ s/op
Iteration 5: ≈ 10⁻⁵ s/op
Iteration 6: ≈ 10⁻⁵ s/op
Iteration 7: ≈ 10⁻⁵ s/op
Iteration 8: ≈ 10⁻⁵ s/op
Iteration 9: ≈ 10⁻⁵ s/op
Iteration 10: ≈ 10⁻⁵ s/op
Iteration 11: ≈ 10⁻⁵ s/op
Iteration 12: ≈ 10⁻⁵ s/op
Iteration 13: ≈ 10⁻⁵ s/op
Iteration 14: ≈ 10⁻⁵ s/op
Iteration 15: ≈ 10⁻⁵ s/op

Warm-up 1: ≈ 10⁻⁴ s/op
Warm-up 2: ≈ 10⁻⁵ s/op
Warm-up 3: ≈ 10⁻⁵ s/op
Warm-up 4: ≈ 10⁻⁵ s/op
Warm-up 5: ≈ 10⁻⁵ s/op
Warm-up 6: ≈ 10⁻⁵ s/op
Warm-up 7: ≈ 10⁻⁵ s/op
Warm-up 8: ≈ 10⁻⁵ s/op
Iteration 1: ≈ 10⁻⁵ s/op
Iteration 2: ≈ 10⁻⁵ s/op
Iteration 3: ≈ 10⁻⁵ s/op
Iteration 4: ≈ 10⁻⁵ s/op
Iteration 5: ≈ 10⁻⁵ s/op
Iteration 6: ≈ 10⁻⁵ s/op
Iteration 7: ≈ 10⁻⁵ s/op
Iteration 8: ≈ 10⁻⁵ s/op
Iteration 9: ≈ 10⁻⁵ s/op
Iteration 10: ≈ 10⁻⁵ s/op
Iteration 11: ≈ 10⁻⁵ s/op
Iteration 12: ≈ 10⁻⁵ s/op
Iteration 13: ≈ 10⁻⁵ s/op
Iteration 14: ≈ 10⁻⁵ s/op
Iteration 15: ≈ 10⁻⁵ s/op

Warm-up 1: ≈ 10⁻⁴ s/op
Warm-up 2: ≈ 10⁻⁵ s/op
Warm-up 3: ≈ 10⁻⁵ s/op
Warm-up 4: ≈ 10⁻⁵ s/op
Warm-up 5: ≈ 10⁻⁵ s/op
Warm-up 6: ≈ 10⁻⁵ s/op
Warm-up 7: ≈ 10⁻⁵ s/op
Warm-up 8: ≈ 10⁻⁵ s/op
Iteration 1: ≈ 10⁻⁵ s/op
Iteration 2: ≈ 10⁻⁵ s/op
Iteration 3: ≈ 10⁻⁵ s/op
Iteration 4: ≈ 10⁻⁵ s/op
Iteration 5: ≈ 10⁻⁵ s/op
Iteration 6: ≈ 10⁻⁵ s/op
Iteration 7: ≈ 10⁻⁵ s/op
Iteration 8: ≈ 10⁻⁵ s/op
Iteration 9: ≈ 10⁻⁵ s/op
Iteration 10: ≈ 10⁻⁵ s/op
Iteration 11: ≈ 10⁻⁵ s/op
Iteration 12: ≈ 10⁻⁵ s/op
Iteration 13: ≈ 10⁻⁵ s/op
Iteration 14: ≈ 10⁻⁵ s/op
Iteration 15: ≈ 10⁻⁵ s/op

  Success: ≈ 10⁻⁵ s/op

… com.rafambn.kflate.benchmark.CompressionBenchmarks.rawDeflateDecompressionFromKompress | corpus=compressed_MVT.pbf, level=1

Warm-up 1: 0.001 s/op
Warm-up 2: 0.001 s/op
Warm-up 3: 0.001 s/op
Warm-up 4: 0.001 s/op
Warm-up 5: 0.001 s/op
Warm-up 6: 0.001 s/op
Warm-up 7: 0.001 s/op
Warm-up 8: 0.001 s/op
Iteration 1: 0.001 s/op
Iteration 2: 0.001 s/op
Iteration 3: 0.001 s/op
Iteration 4: 0.001 s/op
Iteration 5: 0.001 s/op
Iteration 6: 0.001 s/op
Iteration 7: 0.001 s/op
Iteration 8: 0.001 s/op
Iteration 9: 0.001 s/op
Iteration 10: 0.001 s/op
Iteration 11: 0.001 s/op
Iteration 12: 0.001 s/op
Iteration 13: 0.001 s/op
Iteration 14: 0.001 s/op
Iteration 15: 0.001 s/op

Warm-up 1: 0.001 s/op
Warm-up 2: 0.001 s/op
Warm-up 3: 0.001 s/op
Warm-up 4: 0.001 s/op
Warm-up 5: 0.001 s/op
Warm-up 6: 0.001 s/op
Warm-up 7: 0.001 s/op
Warm-up 8: 0.001 s/op
Iteration 1: 0.001 s/op
Iteration 2: 0.001 s/op
Iteration 3: 0.001 s/op
Iteration 4: 0.001 s/op
Iteration 5: 0.001 s/op
Iteration 6: 0.001 s/op
Iteration 7: 0.001 s/op
Iteration 8: 0.001 s/op
Iteration 9: 0.001 s/op
Iteration 10: 0.001 s/op
Iteration 11: 0.001 s/op
Iteration 12: 0.001 s/op
Iteration 13: 0.001 s/op
Iteration 14: 0.001 s/op
Iteration 15: 0.001 s/op

Warm-up 1: 0.001 s/op
Warm-up 2: 0.001 s/op
Warm-up 3: 0.001 s/op
Warm-up 4: 0.001 s/op
Warm-up 5: 0.001 s/op
Warm-up 6: 0.001 s/op
Warm-up 7: 0.001 s/op
Warm-up 8: 0.001 s/op
Iteration 1: 0.001 s/op
Iteration 2: 0.001 s/op
Iteration 3: 0.001 s/op
Iteration 4: 0.001 s/op
Iteration 5: 0.001 s/op
Iteration 6: 0.001 s/op
Iteration 7: 0.001 s/op
Iteration 8: 0.001 s/op
Iteration 9: 0.001 s/op
Iteration 10: 0.001 s/op
Iteration 11: 0.001 s/op
Iteration 12: 0.001 s/op
Iteration 13: 0.001 s/op
Iteration 14: 0.001 s/op
Iteration 15: 0.001 s/op

  Success: 0.001 ±(99.9%) 0.001 s/op [Average]
  (min, avg, max) = (0.001, 0.001, 0.001), stdev = 0.001
  CI (99.9%): [0.001, 0.001] (assumes normal distribution)

… com.rafambn.kflate.benchmark.CompressionBenchmarks.rawDeflateDecompressionFromKompress | corpus=compressed_MVT.pbf, level=2

Warm-up 1: 0.001 s/op
Warm-up 2: 0.001 s/op
Warm-up 3: 0.001 s/op
Warm-up 4: 0.001 s/op
Warm-up 5: 0.001 s/op
Warm-up 6: 0.001 s/op
Warm-up 7: 0.001 s/op
Warm-up 8: 0.001 s/op
Iteration 1: 0.001 s/op
Iteration 2: 0.001 s/op
Iteration 3: 0.001 s/op
Iteration 4: 0.001 s/op
Iteration 5: 0.001 s/op
Iteration 6: 0.001 s/op
Iteration 7: 0.001 s/op
Iteration 8: 0.001 s/op
Iteration 9: 0.001 s/op
Iteration 10: 0.001 s/op
Iteration 11: 0.001 s/op
Iteration 12: 0.001 s/op
Iteration 13: 0.001 s/op
Iteration 14: 0.001 s/op
Iteration 15: 0.001 s/op

Warm-up 1: 0.001 s/op
Warm-up 2: 0.001 s/op
Warm-up 3: 0.001 s/op
Warm-up 4: 0.001 s/op
Warm-up 5: 0.001 s/op
Warm-up 6: 0.001 s/op
Warm-up 7: 0.001 s/op
Warm-up 8: 0.001 s/op
Iteration 1: 0.001 s/op
Iteration 2: 0.001 s/op
Iteration 3: 0.001 s/op
Iteration 4: 0.001 s/op
Iteration 5: 0.001 s/op
Iteration 6: 0.001 s/op
Iteration 7: 0.001 s/op
Iteration 8: 0.001 s/op
Iteration 9: 0.001 s/op
Iteration 10: 0.001 s/op
Iteration 11: 0.001 s/op
Iteration 12: 0.001 s/op
Iteration 13: 0.001 s/op
Iteration 14: 0.001 s/op
Iteration 15: 0.001 s/op

Warm-up 1: 0.001 s/op
Warm-up 2: 0.001 s/op
Warm-up 3: 0.001 s/op
Warm-up 4: 0.001 s/op
Warm-up 5: 0.001 s/op
Warm-up 6: 0.001 s/op
Warm-up 7: 0.001 s/op
Warm-up 8: 0.001 s/op
Iteration 1: 0.001 s/op
Iteration 2: 0.001 s/op
Iteration 3: 0.001 s/op
Iteration 4: 0.001 s/op
Iteration 5: 0.001 s/op
Iteration 6: 0.001 s/op
Iteration 7: 0.001 s/op
Iteration 8: 0.001 s/op
Iteration 9: 0.001 s/op
Iteration 10: 0.001 s/op
Iteration 11: 0.001 s/op
Iteration 12: 0.001 s/op
Iteration 13: 0.001 s/op
Iteration 14: 0.001 s/op
Iteration 15: 0.001 s/op

  Success: 0.001 ±(99.9%) 0.001 s/op [Average]
  (min, avg, max) = (0.001, 0.001, 0.001), stdev = 0.001
  CI (99.9%): [0.001, 0.001] (assumes normal distribution)

… com.rafambn.kflate.benchmark.CompressionBenchmarks.rawDeflateDecompressionFromKompress | corpus=compressed_MVT.pbf, level=3

Warm-up 1: 0.001 s/op
Warm-up 2: 0.001 s/op
Warm-up 3: 0.001 s/op
Warm-up 4: 0.001 s/op
Warm-up 5: 0.001 s/op
Warm-up 6: 0.001 s/op
Warm-up 7: 0.001 s/op
Warm-up 8: 0.001 s/op
Iteration 1: 0.001 s/op
Iteration 2: 0.001 s/op
Iteration 3: 0.001 s/op
Iteration 4: 0.001 s/op
Iteration 5: 0.001 s/op
Iteration 6: 0.001 s/op
Iteration 7: 0.001 s/op
Iteration 8: 0.001 s/op
Iteration 9: 0.001 s/op
Iteration 10: 0.001 s/op
Iteration 11: 0.001 s/op
Iteration 12: 0.001 s/op
Iteration 13: 0.001 s/op
Iteration 14: 0.001 s/op
Iteration 15: 0.001 s/op

Warm-up 1: 0.001 s/op
Warm-up 2: 0.001 s/op
Warm-up 3: 0.001 s/op
Warm-up 4: 0.001 s/op
Warm-up 5: 0.001 s/op
Warm-up 6: 0.001 s/op
Warm-up 7: 0.001 s/op
Warm-up 8: 0.001 s/op
Iteration 1: 0.001 s/op
Iteration 2: 0.001 s/op
Iteration 3: 0.001 s/op
Iteration 4: 0.001 s/op
Iteration 5: 0.001 s/op
Iteration 6: 0.001 s/op
Iteration 7: 0.001 s/op
Iteration 8: 0.001 s/op
Iteration 9: 0.001 s/op
Iteration 10: 0.001 s/op
Iteration 11: 0.001 s/op
Iteration 12: 0.001 s/op
Iteration 13: 0.001 s/op
Iteration 14: 0.001 s/op
Iteration 15: 0.001 s/op

Warm-up 1: 0.001 s/op
Warm-up 2: 0.001 s/op
Warm-up 3: 0.001 s/op
Warm-up 4: 0.001 s/op
Warm-up 5: 0.001 s/op
Warm-up 6: 0.001 s/op
Warm-up 7: 0.001 s/op
Warm-up 8: 0.001 s/op
Iteration 1: 0.001 s/op
Iteration 2: 0.001 s/op
Iteration 3: 0.001 s/op
Iteration 4: 0.001 s/op
Iteration 5: 0.001 s/op
Iteration 6: 0.001 s/op
Iteration 7: 0.001 s/op
Iteration 8: 0.001 s/op
Iteration 9: 0.001 s/op
Iteration 10: 0.001 s/op
Iteration 11: 0.001 s/op
Iteration 12: 0.001 s/op
Iteration 13: 0.001 s/op
Iteration 14: 0.001 s/op
Iteration 15: 0.001 s/op

  Success: 0.001 ±(99.9%) 0.001 s/op [Average]
  (min, avg, max) = (0.001, 0.001, 0.001), stdev = 0.001
  CI (99.9%): [0.001, 0.001] (assumes normal distribution)

… com.rafambn.kflate.benchmark.CompressionBenchmarks.rawDeflateDecompressionFromKompress | corpus=compressed_MVT.pbf, level=4

Warm-up 1: 0.001 s/op
Warm-up 2: 0.001 s/op
Warm-up 3: 0.001 s/op
Warm-up 4: 0.001 s/op
Warm-up 5: 0.001 s/op
Warm-up 6: 0.001 s/op
Warm-up 7: 0.001 s/op
Warm-up 8: 0.001 s/op
Iteration 1: 0.001 s/op
Iteration 2: 0.001 s/op
Iteration 3: 0.001 s/op
Iteration 4: 0.001 s/op
Iteration 5: 0.001 s/op
Iteration 6: 0.001 s/op
Iteration 7: 0.001 s/op
Iteration 8: 0.001 s/op
Iteration 9: 0.001 s/op
Iteration 10: 0.001 s/op
Iteration 11: 0.001 s/op
Iteration 12: 0.001 s/op
Iteration 13: 0.001 s/op
Iteration 14: 0.001 s/op
Iteration 15: 0.001 s/op

Warm-up 1: 0.001 s/op
Warm-up 2: 0.001 s/op
Warm-up 3: 0.001 s/op
Warm-up 4: 0.001 s/op
Warm-up 5: 0.001 s/op
Warm-up 6: 0.001 s/op
Warm-up 7: 0.001 s/op
Warm-up 8: 0.001 s/op
Iteration 1: 0.001 s/op
Iteration 2: 0.001 s/op
Iteration 3: 0.001 s/op
Iteration 4: 0.001 s/op
Iteration 5: 0.001 s/op
Iteration 6: 0.001 s/op
Iteration 7: 0.001 s/op
Iteration 8: 0.001 s/op
Iteration 9: 0.001 s/op
Iteration 10: 0.001 s/op
Iteration 11: 0.001 s/op
Iteration 12: 0.001 s/op
Iteration 13: 0.001 s/op
Iteration 14: 0.001 s/op
Iteration 15: 0.001 s/op

Warm-up 1: 0.001 s/op
Warm-up 2: 0.001 s/op
Warm-up 3: 0.001 s/op
Warm-up 4: 0.001 s/op
Warm-up 5: 0.001 s/op
Warm-up 6: 0.001 s/op
Warm-up 7: 0.001 s/op
Warm-up 8: 0.001 s/op
Iteration 1: 0.001 s/op
Iteration 2: 0.001 s/op
Iteration 3: 0.001 s/op
Iteration 4: 0.001 s/op
Iteration 5: 0.001 s/op
Iteration 6: 0.001 s/op
Iteration 7: 0.001 s/op
Iteration 8: 0.001 s/op
Iteration 9: 0.001 s/op
Iteration 10: 0.001 s/op
Iteration 11: 0.001 s/op
Iteration 12: 0.001 s/op
Iteration 13: 0.001 s/op
Iteration 14: 0.001 s/op
Iteration 15: 0.001 s/op

  Success: 0.001 ±(99.9%) 0.001 s/op [Average]
  (min, avg, max) = (0.001, 0.001, 0.001), stdev = 0.001
  CI (99.9%): [0.001, 0.001] (assumes normal distribution)

… com.rafambn.kflate.benchmark.CompressionBenchmarks.rawDeflateDecompressionFromKompress | corpus=compressed_MVT.pbf, level=5

Warm-up 1: 0.001 s/op
Warm-up 2: 0.001 s/op
Warm-up 3: 0.001 s/op
Warm-up 4: 0.001 s/op
Warm-up 5: 0.001 s/op
Warm-up 6: 0.001 s/op
Warm-up 7: 0.001 s/op
Warm-up 8: 0.001 s/op
Iteration 1: 0.001 s/op
Iteration 2: 0.001 s/op
Iteration 3: 0.001 s/op
Iteration 4: 0.001 s/op
Iteration 5: 0.001 s/op
Iteration 6: 0.001 s/op
Iteration 7: 0.001 s/op
Iteration 8: 0.001 s/op
Iteration 9: 0.001 s/op
Iteration 10: 0.001 s/op
Iteration 11: 0.001 s/op
Iteration 12: 0.001 s/op
Iteration 13: 0.001 s/op
Iteration 14: 0.001 s/op
Iteration 15: 0.001 s/op

Warm-up 1: 0.001 s/op
Warm-up 2: 0.001 s/op
Warm-up 3: 0.001 s/op
Warm-up 4: 0.001 s/op
Warm-up 5: 0.001 s/op
Warm-up 6: 0.001 s/op
Warm-up 7: 0.001 s/op
Warm-up 8: 0.001 s/op
Iteration 1: 0.001 s/op
Iteration 2: 0.001 s/op
Iteration 3: 0.001 s/op
Iteration 4: 0.001 s/op
Iteration 5: 0.001 s/op
Iteration 6: 0.001 s/op
Iteration 7: 0.001 s/op
Iteration 8: 0.001 s/op
Iteration 9: 0.001 s/op
Iteration 10: 0.001 s/op
Iteration 11: 0.001 s/op
Iteration 12: 0.001 s/op
Iteration 13: 0.001 s/op
Iteration 14: 0.001 s/op
Iteration 15: 0.001 s/op

Warm-up 1: 0.001 s/op
Warm-up 2: 0.001 s/op
Warm-up 3: 0.001 s/op
Warm-up 4: 0.001 s/op
Warm-up 5: 0.001 s/op
Warm-up 6: 0.001 s/op
Warm-up 7: 0.001 s/op
Warm-up 8: 0.001 s/op
Iteration 1: 0.001 s/op
Iteration 2: 0.001 s/op
Iteration 3: 0.001 s/op
Iteration 4: 0.001 s/op
Iteration 5: 0.001 s/op
Iteration 6: 0.001 s/op
Iteration 7: 0.001 s/op
Iteration 8: 0.001 s/op
Iteration 9: 0.001 s/op
Iteration 10: 0.001 s/op
Iteration 11: 0.001 s/op
Iteration 12: 0.001 s/op
Iteration 13: 0.001 s/op
Iteration 14: 0.001 s/op
Iteration 15: 0.001 s/op

  Success: 0.001 ±(99.9%) 0.001 s/op [Average]
  (min, avg, max) = (0.001, 0.001, 0.001), stdev = 0.001
  CI (99.9%): [0.001, 0.001] (assumes normal distribution)

… com.rafambn.kflate.benchmark.CompressionBenchmarks.rawDeflateDecompressionFromKompress | corpus=compressed_MVT.pbf, level=6

Warm-up 1: 0.001 s/op
Warm-up 2: 0.001 s/op
Warm-up 3: 0.001 s/op
Warm-up 4: 0.001 s/op
Warm-up 5: 0.001 s/op
Warm-up 6: 0.001 s/op
Warm-up 7: 0.001 s/op
Warm-up 8: 0.001 s/op
Iteration 1: 0.001 s/op
Iteration 2: 0.001 s/op
Iteration 3: 0.001 s/op
Iteration 4: 0.001 s/op
Iteration 5: 0.001 s/op
Iteration 6: 0.001 s/op
Iteration 7: 0.001 s/op
Iteration 8: 0.001 s/op
Iteration 9: 0.001 s/op
Iteration 10: 0.001 s/op
Iteration 11: 0.001 s/op
Iteration 12: 0.001 s/op
Iteration 13: 0.001 s/op
Iteration 14: 0.001 s/op
Iteration 15: 0.001 s/op

Warm-up 1: 0.001 s/op
Warm-up 2: 0.001 s/op
Warm-up 3: 0.001 s/op
Warm-up 4: 0.001 s/op
Warm-up 5: 0.001 s/op
Warm-up 6: 0.001 s/op
Warm-up 7: 0.001 s/op
Warm-up 8: 0.001 s/op
Iteration 1: 0.001 s/op
Iteration 2: 0.001 s/op
Iteration 3: 0.001 s/op
Iteration 4: 0.001 s/op
Iteration 5: 0.001 s/op
Iteration 6: 0.001 s/op
Iteration 7: 0.001 s/op
Iteration 8: 0.001 s/op
Iteration 9: 0.001 s/op
Iteration 10: 0.001 s/op
Iteration 11: 0.001 s/op
Iteration 12: 0.001 s/op
Iteration 13: 0.001 s/op
Iteration 14: 0.001 s/op
Iteration 15: 0.001 s/op

Warm-up 1: 0.001 s/op
Warm-up 2: 0.001 s/op
Warm-up 3: 0.001 s/op
Warm-up 4: 0.001 s/op
Warm-up 5: 0.001 s/op
Warm-up 6: 0.001 s/op
Warm-up 7: 0.001 s/op
Warm-up 8: 0.001 s/op
Iteration 1: 0.001 s/op
Iteration 2: 0.001 s/op
Iteration 3: 0.001 s/op
Iteration 4: 0.001 s/op
Iteration 5: 0.001 s/op
Iteration 6: 0.001 s/op
Iteration 7: 0.001 s/op
Iteration 8: 0.001 s/op
Iteration 9: 0.001 s/op
Iteration 10: 0.001 s/op
Iteration 11: 0.001 s/op
Iteration 12: 0.001 s/op
Iteration 13: 0.001 s/op
Iteration 14: 0.001 s/op
Iteration 15: 0.001 s/op

  Success: 0.001 ±(99.9%) 0.001 s/op [Average]
  (min, avg, max) = (0.001, 0.001, 0.001), stdev = 0.001
  CI (99.9%): [0.001, 0.001] (assumes normal distribution)

… com.rafambn.kflate.benchmark.CompressionBenchmarks.rawDeflateDecompressionFromKompress | corpus=compressed_MVT.pbf, level=7

Warm-up 1: 0.001 s/op
Warm-up 2: 0.001 s/op
Warm-up 3: 0.001 s/op
Warm-up 4: 0.001 s/op
Warm-up 5: 0.001 s/op
Warm-up 6: 0.001 s/op
Warm-up 7: 0.001 s/op
Warm-up 8: 0.001 s/op
Iteration 1: 0.001 s/op
Iteration 2: 0.001 s/op
Iteration 3: 0.001 s/op
Iteration 4: 0.001 s/op
Iteration 5: 0.001 s/op
Iteration 6: 0.001 s/op
Iteration 7: 0.001 s/op
Iteration 8: 0.001 s/op
Iteration 9: 0.001 s/op
Iteration 10: 0.001 s/op
Iteration 11: 0.001 s/op
Iteration 12: 0.001 s/op
Iteration 13: 0.001 s/op
Iteration 14: 0.001 s/op
Iteration 15: 0.001 s/op

Warm-up 1: 0.001 s/op
Warm-up 2: 0.001 s/op
Warm-up 3: 0.001 s/op
Warm-up 4: 0.001 s/op
Warm-up 5: 0.001 s/op
Warm-up 6: 0.001 s/op
Warm-up 7: 0.001 s/op
Warm-up 8: 0.001 s/op
Iteration 1: 0.001 s/op
Iteration 2: 0.001 s/op
Iteration 3: 0.001 s/op
Iteration 4: 0.001 s/op
Iteration 5: 0.001 s/op
Iteration 6: 0.001 s/op
Iteration 7: 0.001 s/op
Iteration 8: 0.001 s/op
Iteration 9: 0.001 s/op
Iteration 10: 0.001 s/op
Iteration 11: 0.001 s/op
Iteration 12: 0.001 s/op
Iteration 13: 0.001 s/op
Iteration 14: 0.001 s/op
Iteration 15: 0.001 s/op

Warm-up 1: 0.001 s/op
Warm-up 2: 0.001 s/op
Warm-up 3: 0.001 s/op
Warm-up 4: 0.001 s/op
Warm-up 5: 0.001 s/op
Warm-up 6: 0.001 s/op
Warm-up 7: 0.001 s/op
Warm-up 8: 0.001 s/op
Iteration 1: 0.001 s/op
Iteration 2: 0.001 s/op
Iteration 3: 0.001 s/op
Iteration 4: 0.001 s/op
Iteration 5: 0.001 s/op
Iteration 6: 0.001 s/op
Iteration 7: 0.001 s/op
Iteration 8: 0.001 s/op
Iteration 9: 0.001 s/op
Iteration 10: 0.001 s/op
Iteration 11: 0.001 s/op
Iteration 12: 0.001 s/op
Iteration 13: 0.001 s/op
Iteration 14: 0.001 s/op
Iteration 15: 0.001 s/op

  Success: 0.001 ±(99.9%) 0.001 s/op [Average]
  (min, avg, max) = (0.001, 0.001, 0.001), stdev = 0.001
  CI (99.9%): [0.001, 0.001] (assumes normal distribution)

… com.rafambn.kflate.benchmark.CompressionBenchmarks.rawDeflateDecompressionFromKompress | corpus=compressed_MVT.pbf, level=8

Warm-up 1: 0.001 s/op
Warm-up 2: 0.001 s/op
Warm-up 3: 0.001 s/op
Warm-up 4: 0.001 s/op
Warm-up 5: 0.001 s/op
Warm-up 6: 0.001 s/op
Warm-up 7: 0.001 s/op
Warm-up 8: 0.001 s/op
Iteration 1: 0.001 s/op
Iteration 2: 0.001 s/op
Iteration 3: 0.001 s/op
Iteration 4: 0.001 s/op
Iteration 5: 0.001 s/op
Iteration 6: 0.001 s/op
Iteration 7: 0.001 s/op
Iteration 8: 0.001 s/op
Iteration 9: 0.001 s/op
Iteration 10: 0.001 s/op
Iteration 11: 0.001 s/op
Iteration 12: 0.001 s/op
Iteration 13: 0.001 s/op
Iteration 14: 0.001 s/op
Iteration 15: 0.001 s/op

Warm-up 1: 0.001 s/op
Warm-up 2: 0.001 s/op
Warm-up 3: 0.001 s/op
Warm-up 4: 0.001 s/op
Warm-up 5: 0.001 s/op
Warm-up 6: 0.001 s/op
Warm-up 7: 0.001 s/op
Warm-up 8: 0.001 s/op
Iteration 1: 0.001 s/op
Iteration 2: 0.001 s/op
Iteration 3: 0.001 s/op
Iteration 4: 0.001 s/op
Iteration 5: 0.001 s/op
Iteration 6: 0.001 s/op
Iteration 7: 0.001 s/op
Iteration 8: 0.001 s/op
Iteration 9: 0.001 s/op
Iteration 10: 0.001 s/op
Iteration 11: 0.001 s/op
Iteration 12: 0.001 s/op
Iteration 13: 0.001 s/op
Iteration 14: 0.001 s/op
Iteration 15: 0.001 s/op

Warm-up 1: 0.001 s/op
Warm-up 2: 0.001 s/op
Warm-up 3: 0.001 s/op
Warm-up 4: 0.001 s/op
Warm-up 5: 0.001 s/op
Warm-up 6: 0.001 s/op
Warm-up 7: 0.001 s/op
Warm-up 8: 0.001 s/op
Iteration 1: 0.001 s/op
Iteration 2: 0.001 s/op
Iteration 3: 0.001 s/op
Iteration 4: 0.001 s/op
Iteration 5: 0.001 s/op
Iteration 6: 0.001 s/op
Iteration 7: 0.001 s/op
Iteration 8: 0.001 s/op
Iteration 9: 0.001 s/op
Iteration 10: 0.001 s/op
Iteration 11: 0.001 s/op
Iteration 12: 0.001 s/op
Iteration 13: 0.001 s/op
Iteration 14: 0.001 s/op
Iteration 15: 0.001 s/op

  Success: 0.001 ±(99.9%) 0.001 s/op [Average]
  (min, avg, max) = (0.001, 0.001, 0.001), stdev = 0.001
  CI (99.9%): [0.001, 0.001] (assumes normal distribution)

… com.rafambn.kflate.benchmark.CompressionBenchmarks.rawDeflateDecompressionFromKompress | corpus=compressed_MVT.pbf, level=9

Warm-up 1: 0.001 s/op
Warm-up 2: 0.001 s/op
Warm-up 3: 0.001 s/op
Warm-up 4: 0.001 s/op
Warm-up 5: 0.001 s/op
Warm-up 6: 0.001 s/op
Warm-up 7: 0.001 s/op
Warm-up 8: 0.001 s/op
Iteration 1: 0.001 s/op
Iteration 2: 0.001 s/op
Iteration 3: 0.001 s/op
Iteration 4: 0.001 s/op
Iteration 5: 0.001 s/op
Iteration 6: 0.001 s/op
Iteration 7: 0.001 s/op
Iteration 8: 0.001 s/op
Iteration 9: 0.001 s/op
Iteration 10: 0.001 s/op
Iteration 11: 0.001 s/op
Iteration 12: 0.001 s/op
Iteration 13: 0.001 s/op
Iteration 14: 0.001 s/op
Iteration 15: 0.001 s/op

Warm-up 1: 0.001 s/op
Warm-up 2: 0.001 s/op
Warm-up 3: 0.001 s/op
Warm-up 4: 0.001 s/op
Warm-up 5: 0.001 s/op
Warm-up 6: 0.001 s/op
Warm-up 7: 0.001 s/op
Warm-up 8: 0.001 s/op
Iteration 1: 0.001 s/op
Iteration 2: 0.001 s/op
Iteration 3: 0.001 s/op
Iteration 4: 0.001 s/op
Iteration 5: 0.001 s/op
Iteration 6: 0.001 s/op
Iteration 7: 0.001 s/op
Iteration 8: 0.001 s/op
Iteration 9: 0.001 s/op
Iteration 10: 0.001 s/op
Iteration 11: 0.001 s/op
Iteration 12: 0.001 s/op
Iteration 13: 0.001 s/op
Iteration 14: 0.001 s/op
Iteration 15: 0.001 s/op

Warm-up 1: 0.001 s/op
Warm-up 2: 0.001 s/op
Warm-up 3: 0.001 s/op
Warm-up 4: 0.001 s/op
Warm-up 5: 0.001 s/op
Warm-up 6: 0.001 s/op
Warm-up 7: 0.001 s/op
Warm-up 8: 0.001 s/op
Iteration 1: 0.001 s/op
Iteration 2: 0.001 s/op
Iteration 3: 0.001 s/op
Iteration 4: 0.001 s/op
Iteration 5: 0.001 s/op
Iteration 6: 0.001 s/op
Iteration 7: 0.001 s/op
Iteration 8: 0.001 s/op
Iteration 9: 0.001 s/op
Iteration 10: 0.001 s/op
Iteration 11: 0.001 s/op
Iteration 12: 0.001 s/op
Iteration 13: 0.001 s/op
Iteration 14: 0.001 s/op
Iteration 15: 0.001 s/op

  Success: 0.001 ±(99.9%) 0.001 s/op [Average]
  (min, avg, max) = (0.001, 0.001, 0.001), stdev = 0.001
  CI (99.9%): [0.001, 0.001] (assumes normal distribution)


jvmBenchmark summary:
Benchmark                                                            (corpus)  (level)  Mode  Cnt   Score    Error  Units
CompressionBenchmarks.rawDeflateCompression                        simpleText        0  avgt   45  ≈ 10⁻⁷            s/op
CompressionBenchmarks.rawDeflateCompression                        simpleText        1  avgt   45  ≈ 10⁻⁵            s/op
CompressionBenchmarks.rawDeflateCompression                        simpleText        2  avgt   45  ≈ 10⁻⁵            s/op
CompressionBenchmarks.rawDeflateCompression                        simpleText        3  avgt   45  ≈ 10⁻⁵            s/op
CompressionBenchmarks.rawDeflateCompression                        simpleText        4  avgt   45  ≈ 10⁻⁵            s/op
CompressionBenchmarks.rawDeflateCompression                        simpleText        5  avgt   45  ≈ 10⁻⁵            s/op
CompressionBenchmarks.rawDeflateCompression                        simpleText        6  avgt   45  ≈ 10⁻⁵            s/op
CompressionBenchmarks.rawDeflateCompression                        simpleText        7  avgt   45  ≈ 10⁻⁵            s/op
CompressionBenchmarks.rawDeflateCompression                        simpleText        8  avgt   45  ≈ 10⁻⁵            s/op
CompressionBenchmarks.rawDeflateCompression                        simpleText        9  avgt   45  ≈ 10⁻⁵            s/op
CompressionBenchmarks.rawDeflateCompression                              text        0  avgt   45  ≈ 10⁻³            s/op
CompressionBenchmarks.rawDeflateCompression                              text        1  avgt   45   0.022 ±  0.001   s/op
CompressionBenchmarks.rawDeflateCompression                              text        2  avgt   45   0.025 ±  0.001   s/op
CompressionBenchmarks.rawDeflateCompression                              text        3  avgt   45   0.031 ±  0.001   s/op
CompressionBenchmarks.rawDeflateCompression                              text        4  avgt   45   0.035 ±  0.001   s/op
CompressionBenchmarks.rawDeflateCompression                              text        5  avgt   45   0.057 ±  0.002   s/op
CompressionBenchmarks.rawDeflateCompression                              text        6  avgt   45   0.076 ±  0.006   s/op
CompressionBenchmarks.rawDeflateCompression                              text        7  avgt   45   0.079 ±  0.006   s/op
CompressionBenchmarks.rawDeflateCompression                              text        8  avgt   45   0.086 ±  0.007   s/op
CompressionBenchmarks.rawDeflateCompression                              text        9  avgt   45   0.196 ±  0.008   s/op
CompressionBenchmarks.rawDeflateCompression                           model3D        0  avgt   45  ≈ 10⁻⁶            s/op
CompressionBenchmarks.rawDeflateCompression                           model3D        1  avgt   45  ≈ 10⁻⁴            s/op
CompressionBenchmarks.rawDeflateCompression                           model3D        2  avgt   45  ≈ 10⁻⁴            s/op
CompressionBenchmarks.rawDeflateCompression                           model3D        3  avgt   45  ≈ 10⁻⁴            s/op
CompressionBenchmarks.rawDeflateCompression                           model3D        4  avgt   45  ≈ 10⁻⁴            s/op
CompressionBenchmarks.rawDeflateCompression                           model3D        5  avgt   45  ≈ 10⁻⁴            s/op
CompressionBenchmarks.rawDeflateCompression                           model3D        6  avgt   45  ≈ 10⁻⁴            s/op
CompressionBenchmarks.rawDeflateCompression                           model3D        7  avgt   45  ≈ 10⁻⁴            s/op
CompressionBenchmarks.rawDeflateCompression                           model3D        8  avgt   45  ≈ 10⁻⁴            s/op
CompressionBenchmarks.rawDeflateCompression                           model3D        9  avgt   45  ≈ 10⁻⁴            s/op
CompressionBenchmarks.rawDeflateCompression                       Rainier.bmp        0  avgt   45   0.003 ±  0.001   s/op
CompressionBenchmarks.rawDeflateCompression                       Rainier.bmp        1  avgt   45   0.077 ±  0.002   s/op
CompressionBenchmarks.rawDeflateCompression                       Rainier.bmp        2  avgt   45   0.090 ±  0.003   s/op
CompressionBenchmarks.rawDeflateCompression                       Rainier.bmp        3  avgt   45   0.091 ±  0.004   s/op
CompressionBenchmarks.rawDeflateCompression                       Rainier.bmp        4  avgt   45   0.105 ±  0.004   s/op
CompressionBenchmarks.rawDeflateCompression                       Rainier.bmp        5  avgt   45   0.115 ±  0.004   s/op
CompressionBenchmarks.rawDeflateCompression                       Rainier.bmp        6  avgt   45   0.127 ±  0.005   s/op
CompressionBenchmarks.rawDeflateCompression                       Rainier.bmp        7  avgt   45   0.107 ±  0.004   s/op
CompressionBenchmarks.rawDeflateCompression                       Rainier.bmp        8  avgt   45   0.133 ±  0.004   s/op
CompressionBenchmarks.rawDeflateCompression                       Rainier.bmp        9  avgt   45   2.612 ±  0.053   s/op
CompressionBenchmarks.rawDeflateCompression                       Maltese.bmp        0  avgt   45   0.008 ±  0.001   s/op
CompressionBenchmarks.rawDeflateCompression                       Maltese.bmp        1  avgt   45   0.250 ±  0.002   s/op
CompressionBenchmarks.rawDeflateCompression                       Maltese.bmp        2  avgt   45   0.296 ±  0.011   s/op
CompressionBenchmarks.rawDeflateCompression                       Maltese.bmp        3  avgt   45   0.335 ±  0.011   s/op
CompressionBenchmarks.rawDeflateCompression                       Maltese.bmp        4  avgt   45   0.377 ±  0.009   s/op
CompressionBenchmarks.rawDeflateCompression                       Maltese.bmp        5  avgt   45   0.468 ±  0.018   s/op
CompressionBenchmarks.rawDeflateCompression                       Maltese.bmp        6  avgt   45   0.483 ±  0.016   s/op
CompressionBenchmarks.rawDeflateCompression                       Maltese.bmp        7  avgt   45   0.478 ±  0.016   s/op
CompressionBenchmarks.rawDeflateCompression                       Maltese.bmp        8  avgt   45   0.485 ±  0.018   s/op
CompressionBenchmarks.rawDeflateCompression                       Maltese.bmp        9  avgt   45   1.374 ±  0.055   s/op
CompressionBenchmarks.rawDeflateCompression                       Sunrise.bmp        0  avgt   45   0.025 ±  0.001   s/op
CompressionBenchmarks.rawDeflateCompression                       Sunrise.bmp        1  avgt   45   0.848 ±  0.035   s/op
CompressionBenchmarks.rawDeflateCompression                       Sunrise.bmp        2  avgt   45   1.110 ±  0.044   s/op
CompressionBenchmarks.rawDeflateCompression                       Sunrise.bmp        3  avgt   45   1.173 ±  0.065   s/op
CompressionBenchmarks.rawDeflateCompression                       Sunrise.bmp        4  avgt   45   1.379 ±  0.076   s/op
CompressionBenchmarks.rawDeflateCompression                       Sunrise.bmp        5  avgt   45   1.638 ±  0.059   s/op
CompressionBenchmarks.rawDeflateCompression                       Sunrise.bmp        6  avgt   45   1.769 ±  0.083   s/op
CompressionBenchmarks.rawDeflateCompression                       Sunrise.bmp        7  avgt   45   1.948 ±  0.040   s/op
CompressionBenchmarks.rawDeflateCompression                       Sunrise.bmp        8  avgt   45   2.184 ±  0.066   s/op
CompressionBenchmarks.rawDeflateCompression                       Sunrise.bmp        9  avgt   45  13.309 ±  0.666   s/op
CompressionBenchmarks.rawDeflateCompression                compressed_MVT.pbf        0  avgt   45  ≈ 10⁻⁴            s/op
CompressionBenchmarks.rawDeflateCompression                compressed_MVT.pbf        1  avgt   45   0.003 ±  0.001   s/op
CompressionBenchmarks.rawDeflateCompression                compressed_MVT.pbf        2  avgt   45   0.003 ±  0.001   s/op
CompressionBenchmarks.rawDeflateCompression                compressed_MVT.pbf        3  avgt   45   0.003 ±  0.001   s/op
CompressionBenchmarks.rawDeflateCompression                compressed_MVT.pbf        4  avgt   45   0.004 ±  0.001   s/op
CompressionBenchmarks.rawDeflateCompression                compressed_MVT.pbf        5  avgt   45   0.005 ±  0.001   s/op
CompressionBenchmarks.rawDeflateCompression                compressed_MVT.pbf        6  avgt   45   0.004 ±  0.001   s/op
CompressionBenchmarks.rawDeflateCompression                compressed_MVT.pbf        7  avgt   45   0.005 ±  0.001   s/op
CompressionBenchmarks.rawDeflateCompression                compressed_MVT.pbf        8  avgt   45   0.005 ±  0.001   s/op
CompressionBenchmarks.rawDeflateCompression                compressed_MVT.pbf        9  avgt   45   0.009 ±  0.001   s/op
CompressionBenchmarks.rawDeflateDecompressionFromKompress          simpleText        0  avgt   45  ≈ 10⁻⁶            s/op
CompressionBenchmarks.rawDeflateDecompressionFromKompress          simpleText        1  avgt   45  ≈ 10⁻⁶            s/op
CompressionBenchmarks.rawDeflateDecompressionFromKompress          simpleText        2  avgt   45  ≈ 10⁻⁶            s/op
CompressionBenchmarks.rawDeflateDecompressionFromKompress          simpleText        3  avgt   45  ≈ 10⁻⁶            s/op
CompressionBenchmarks.rawDeflateDecompressionFromKompress          simpleText        4  avgt   45  ≈ 10⁻⁶            s/op
CompressionBenchmarks.rawDeflateDecompressionFromKompress          simpleText        5  avgt   45  ≈ 10⁻⁶            s/op
CompressionBenchmarks.rawDeflateDecompressionFromKompress          simpleText        6  avgt   45  ≈ 10⁻⁶            s/op
CompressionBenchmarks.rawDeflateDecompressionFromKompress          simpleText        7  avgt   45  ≈ 10⁻⁶            s/op
CompressionBenchmarks.rawDeflateDecompressionFromKompress          simpleText        8  avgt   45  ≈ 10⁻⁶            s/op
CompressionBenchmarks.rawDeflateDecompressionFromKompress          simpleText        9  avgt   45  ≈ 10⁻⁶            s/op
CompressionBenchmarks.rawDeflateDecompressionFromKompress                text        0  avgt   45  ≈ 10⁻³            s/op
CompressionBenchmarks.rawDeflateDecompressionFromKompress                text        1  avgt   45   0.009 ±  0.001   s/op
CompressionBenchmarks.rawDeflateDecompressionFromKompress                text        2  avgt   45   0.009 ±  0.001   s/op
CompressionBenchmarks.rawDeflateDecompressionFromKompress                text        3  avgt   45   0.008 ±  0.001   s/op
CompressionBenchmarks.rawDeflateDecompressionFromKompress                text        4  avgt   45   0.008 ±  0.001   s/op
CompressionBenchmarks.rawDeflateDecompressionFromKompress                text        5  avgt   45   0.008 ±  0.001   s/op
CompressionBenchmarks.rawDeflateDecompressionFromKompress                text        6  avgt   45   0.008 ±  0.001   s/op
CompressionBenchmarks.rawDeflateDecompressionFromKompress                text        7  avgt   45   0.008 ±  0.001   s/op
CompressionBenchmarks.rawDeflateDecompressionFromKompress                text        8  avgt   45   0.008 ±  0.001   s/op
CompressionBenchmarks.rawDeflateDecompressionFromKompress                text        9  avgt   45   0.008 ±  0.001   s/op
CompressionBenchmarks.rawDeflateDecompressionFromKompress             model3D        0  avgt   45  ≈ 10⁻⁶            s/op
CompressionBenchmarks.rawDeflateDecompressionFromKompress             model3D        1  avgt   45  ≈ 10⁻⁵            s/op
CompressionBenchmarks.rawDeflateDecompressionFromKompress             model3D        2  avgt   45  ≈ 10⁻⁵            s/op
CompressionBenchmarks.rawDeflateDecompressionFromKompress             model3D        3  avgt   45  ≈ 10⁻⁵            s/op
CompressionBenchmarks.rawDeflateDecompressionFromKompress             model3D        4  avgt   45  ≈ 10⁻⁵            s/op
CompressionBenchmarks.rawDeflateDecompressionFromKompress             model3D        5  avgt   45  ≈ 10⁻⁵            s/op
CompressionBenchmarks.rawDeflateDecompressionFromKompress             model3D        6  avgt   45  ≈ 10⁻⁵            s/op
CompressionBenchmarks.rawDeflateDecompressionFromKompress             model3D        7  avgt   45  ≈ 10⁻⁵            s/op
CompressionBenchmarks.rawDeflateDecompressionFromKompress             model3D        8  avgt   45  ≈ 10⁻⁵            s/op
CompressionBenchmarks.rawDeflateDecompressionFromKompress             model3D        9  avgt   45  ≈ 10⁻⁵            s/op
CompressionBenchmarks.rawDeflateDecompressionFromKompress         Rainier.bmp        0  avgt   45   0.002 ±  0.001   s/op
CompressionBenchmarks.rawDeflateDecompressionFromKompress         Rainier.bmp        1  avgt   45   0.041 ±  0.001   s/op
CompressionBenchmarks.rawDeflateDecompressionFromKompress         Rainier.bmp        2  avgt   45   0.041 ±  0.001   s/op
CompressionBenchmarks.rawDeflateDecompressionFromKompress         Rainier.bmp        3  avgt   45   0.042 ±  0.002   s/op
CompressionBenchmarks.rawDeflateDecompressionFromKompress         Rainier.bmp        4  avgt   45   0.039 ±  0.001   s/op
CompressionBenchmarks.rawDeflateDecompressionFromKompress         Rainier.bmp        5  avgt   45   0.039 ±  0.001   s/op
CompressionBenchmarks.rawDeflateDecompressionFromKompress         Rainier.bmp        6  avgt   45   0.038 ±  0.001   s/op
CompressionBenchmarks.rawDeflateDecompressionFromKompress         Rainier.bmp        7  avgt   45   0.038 ±  0.001   s/op
CompressionBenchmarks.rawDeflateDecompressionFromKompress         Rainier.bmp        8  avgt   45   0.039 ±  0.001   s/op
CompressionBenchmarks.rawDeflateDecompressionFromKompress         Rainier.bmp        9  avgt   45   0.039 ±  0.001   s/op
CompressionBenchmarks.rawDeflateDecompressionFromKompress         Maltese.bmp        0  avgt   45   0.006 ±  0.001   s/op
CompressionBenchmarks.rawDeflateDecompressionFromKompress         Maltese.bmp        1  avgt   45   0.114 ±  0.004   s/op
CompressionBenchmarks.rawDeflateDecompressionFromKompress         Maltese.bmp        2  avgt   45   0.112 ±  0.003   s/op
CompressionBenchmarks.rawDeflateDecompressionFromKompress         Maltese.bmp        3  avgt   45   0.100 ±  0.003   s/op
CompressionBenchmarks.rawDeflateDecompressionFromKompress         Maltese.bmp        4  avgt   45   0.101 ±  0.003   s/op
CompressionBenchmarks.rawDeflateDecompressionFromKompress         Maltese.bmp        5  avgt   45   0.102 ±  0.003   s/op
CompressionBenchmarks.rawDeflateDecompressionFromKompress         Maltese.bmp        6  avgt   45   0.105 ±  0.001   s/op
CompressionBenchmarks.rawDeflateDecompressionFromKompress         Maltese.bmp        7  avgt   45   0.097 ±  0.003   s/op
CompressionBenchmarks.rawDeflateDecompressionFromKompress         Maltese.bmp        8  avgt   45   0.102 ±  0.002   s/op
CompressionBenchmarks.rawDeflateDecompressionFromKompress         Maltese.bmp        9  avgt   45   0.102 ±  0.003   s/op
CompressionBenchmarks.rawDeflateDecompressionFromKompress         Sunrise.bmp        0  avgt   45   0.022 ±  0.001   s/op
CompressionBenchmarks.rawDeflateDecompressionFromKompress         Sunrise.bmp        1  avgt   45   0.395 ±  0.012   s/op
CompressionBenchmarks.rawDeflateDecompressionFromKompress         Sunrise.bmp        2  avgt   45   0.397 ±  0.013   s/op
CompressionBenchmarks.rawDeflateDecompressionFromKompress         Sunrise.bmp        3  avgt   45   0.371 ±  0.008   s/op
CompressionBenchmarks.rawDeflateDecompressionFromKompress         Sunrise.bmp        4  avgt   45   0.398 ±  0.012   s/op
CompressionBenchmarks.rawDeflateDecompressionFromKompress         Sunrise.bmp        5  avgt   45   0.393 ±  0.008   s/op
CompressionBenchmarks.rawDeflateDecompressionFromKompress         Sunrise.bmp        6  avgt   45   0.380 ±  0.011   s/op
CompressionBenchmarks.rawDeflateDecompressionFromKompress         Sunrise.bmp        7  avgt   45   0.391 ±  0.009   s/op
CompressionBenchmarks.rawDeflateDecompressionFromKompress         Sunrise.bmp        8  avgt   45   0.377 ±  0.011   s/op
CompressionBenchmarks.rawDeflateDecompressionFromKompress         Sunrise.bmp        9  avgt   45   0.363 ±  0.010   s/op
CompressionBenchmarks.rawDeflateDecompressionFromKompress  compressed_MVT.pbf        0  avgt   45  ≈ 10⁻⁵            s/op
CompressionBenchmarks.rawDeflateDecompressionFromKompress  compressed_MVT.pbf        1  avgt   45   0.001 ±  0.001   s/op
CompressionBenchmarks.rawDeflateDecompressionFromKompress  compressed_MVT.pbf        2  avgt   45   0.001 ±  0.001   s/op
CompressionBenchmarks.rawDeflateDecompressionFromKompress  compressed_MVT.pbf        3  avgt   45   0.001 ±  0.001   s/op
CompressionBenchmarks.rawDeflateDecompressionFromKompress  compressed_MVT.pbf        4  avgt   45   0.001 ±  0.001   s/op
CompressionBenchmarks.rawDeflateDecompressionFromKompress  compressed_MVT.pbf        5  avgt   45   0.001 ±  0.001   s/op
CompressionBenchmarks.rawDeflateDecompressionFromKompress  compressed_MVT.pbf        6  avgt   45   0.001 ±  0.001   s/op
CompressionBenchmarks.rawDeflateDecompressionFromKompress  compressed_MVT.pbf        7  avgt   45   0.001 ±  0.001   s/op
CompressionBenchmarks.rawDeflateDecompressionFromKompress  compressed_MVT.pbf        8  avgt   45   0.001 ±  0.001   s/op
CompressionBenchmarks.rawDeflateDecompressionFromKompress  compressed_MVT.pbf        9  avgt   45   0.001 ±  0.001   s/op

Analysing benchmark results is not always trivial,
please refer to https://github.com/Kotlin/kotlinx-benchmark/tree/master?tab=readme-ov-file#analyzing-results for details.


BUILD SUCCESSFUL in 3h 15m 12s
7 actionable tasks: 2 executed, 5 up-to-date
Configuration cache entry stored.
