WARNING: A restricted method in java.lang.System has been called
WARNING: java.lang.System::load has been called by net.rubygrapefruit.platform.internal.NativeLibraryLoader in an unnamed module (file:/home/rafael/.gradle/wrapper/dists/gradle-9.5.0-bin/bvnork1r7n8i6kp5cnkibsc9q/gradle-9.5.0/lib/native-platform-0.22-milestone-29.jar)
WARNING: Use --enable-native-access=ALL-UNNAMED to avoid a warning for callers in this module
WARNING: Restricted methods will be blocked in a future release unless native access is enabled

Calculating task graph as no cached configuration is available for tasks: :kflate:wasmJsBenchmarkBenchmark
Configuration 'wasmJsBenchmarkNpmAggregated' was resolved during configuration time.
This is a build performance and scalability issue.
See https://github.com/gradle/gradle/issues/2298
Run with --info for a stacktrace.
Configuration 'wasmJsNpmAggregated' was resolved during configuration time.
This is a build performance and scalability issue.
See https://github.com/gradle/gradle/issues/2298
Run with --info for a stacktrace.
Configuration 'wasmJsTestNpmAggregated' was resolved during configuration time.
This is a build performance and scalability issue.
See https://github.com/gradle/gradle/issues/2298
Run with --info for a stacktrace.
Configuration 'wasmJsWasmJsBenchmarkBenchmarkNpmAggregated' was resolved during configuration time.
This is a build performance and scalability issue.
See https://github.com/gradle/gradle/issues/2298
Run with --info for a stacktrace.
> Task :kflate:wasmJsWasmJsBenchmarkBenchmarkProcessResources NO-SOURCE
> Task :kflate:wasmJsBenchmarkProcessResources NO-SOURCE
> Task :kotlinWasmRestoreYarnLock UP-TO-DATE
> Task :kflate:wasmJsProcessResources NO-SOURCE
> Task :kflate:kmpPartiallyResolvedDependenciesChecker
> Task :kotlinWasmKotlinNpmCachesSetup
> Task :kflate:kotlinWasmBinaryenSetup UP-TO-DATE
> Task :kflate:checkKotlinGradlePluginConfigurationErrors SKIPPED
> Task :kflate:wasmJsBenchmarkPackageJson UP-TO-DATE
> Task :kflate:wasmJsPackageJson UP-TO-DATE
> Task :kflate:wasmJsWasmJsBenchmarkBenchmarkPackageJson UP-TO-DATE
> Task :kflate:compileKotlinWasmJs UP-TO-DATE
> Task :kflate:wasmJsMainClasses UP-TO-DATE
> Task :kflate:wasmJsTestPackageJson UP-TO-DATE
> Task :kflate:wasmJsPublicPackageJson UP-TO-DATE
> Task :kflate:wasmJsTestPublicPackageJson UP-TO-DATE
> Task :kflate:wasmJsBenchmarkPublicPackageJson UP-TO-DATE
> Task :kflate:wasmJsWasmJsBenchmarkBenchmarkPublicPackageJson UP-TO-DATE
> Task :web-demo:wasmJsPackageJson UP-TO-DATE
> Task :web-demo:wasmJsPublicPackageJson UP-TO-DATE
> Task :web-demo:wasmJsTestPackageJson UP-TO-DATE
> Task :kflate:compileBenchmarkKotlinWasmJs UP-TO-DATE
> Task :web-demo:wasmJsTestPublicPackageJson UP-TO-DATE
> Task :kflate:wasmJsBenchmarkClasses UP-TO-DATE
> Task :kotlinWasmPackageJsonUmbrella UP-TO-DATE
> Task :kflate:wasmJsBenchmarkBenchmarkGenerate UP-TO-DATE
> Task :wasmRootPackageJson UP-TO-DATE
> Task :kflate:compileWasmJsBenchmarkBenchmarkKotlinWasmJs UP-TO-DATE
> Task :kflate:wasmJsWasmJsBenchmarkBenchmarkClasses UP-TO-DATE
> Task :kflate:compileWasmJsBenchmarkBenchmarkProductionExecutableKotlinWasmJs UP-TO-DATE
> Task :kflate:compileWasmJsBenchmarkBenchmarkProductionExecutableKotlinWasmJsOptimize UP-TO-DATE
> Task :kflate:wasmJsWasmJsBenchmarkBenchmarkWasmJsBenchmarkBenchmarkProductionExecutableCompileSync UP-TO-DATE
> Task :kotlinWasmNodeJsSetup UP-TO-DATE
> Task :kotlinWasmYarnSetup UP-TO-DATE
> Task :kflate:kotlinWasmNodeJsSetup UP-TO-DATE
> Task :kotlinWasmNpmInstall UP-TO-DATE
> Task :kotlinWasmStoreYarnLock UP-TO-DATE
> Task :kotlinWasmToolingSetup UP-TO-DATE

> Task :kflate:wasmJsBenchmarkBenchmark
Running 'main' benchmarks for 'wasmJsBenchmark'

… com.rafambn.kflate.benchmark.CompressionBenchmarks.rawDeflateCompression | corpus=simpleText, level=0
Warm-up #0: 0.000000156559 sec/op
Warm-up #1: 0.000000148024 sec/op
Warm-up #2: 0.000000147930 sec/op
Warm-up #3: 0.000000147637 sec/op
Warm-up #4: 0.000000147752 sec/op
Warm-up #5: 0.000000147159 sec/op
Warm-up #6: 0.000000146925 sec/op
Warm-up #7: 0.000000150346 sec/op
Iteration #0: 0.000000150865 sec/op
Iteration #1: 0.000000150936 sec/op
Iteration #2: 0.000000151024 sec/op
Iteration #3: 0.000000151072 sec/op
Iteration #4: 0.000000151128 sec/op
Iteration #5: 0.000000151178 sec/op
Iteration #6: 0.000000151224 sec/op
Iteration #7: 0.000000150952 sec/op
Iteration #8: 0.000000151235 sec/op
Iteration #9: 0.000000151597 sec/op
Iteration #10: 0.000000150858 sec/op
Iteration #11: 0.000000151049 sec/op
Iteration #12: 0.000000151591 sec/op
Iteration #13: 0.000000151031 sec/op
Iteration #14: 0.000000151513 sec/op
Consumed blackhole value: 1020064863
  Success:   ~ 0.000000151150 sec/op ±0.082%

… com.rafambn.kflate.benchmark.CompressionBenchmarks.rawDeflateCompression | corpus=text, level=0
Warm-up #0: 0.00156541 sec/op
Warm-up #1: 0.00158212 sec/op
Warm-up #2: 0.00158413 sec/op
Warm-up #3: 0.00158357 sec/op
Warm-up #4: 0.00157968 sec/op
Warm-up #5: 0.00158249 sec/op
Warm-up #6: 0.00157972 sec/op
Warm-up #7: 0.00156325 sec/op
Iteration #0: 0.00158196 sec/op
Iteration #1: 0.00158173 sec/op
Iteration #2: 0.00156619 sec/op
Iteration #3: 0.00157880 sec/op
Iteration #4: 0.00157947 sec/op
Iteration #5: 0.00157752 sec/op
Iteration #6: 0.00156888 sec/op
Iteration #7: 0.00159626 sec/op
Iteration #8: 0.00158145 sec/op
Iteration #9: 0.00156328 sec/op
Iteration #10: 0.00157953 sec/op
Iteration #11: 0.00157410 sec/op
Iteration #12: 0.00157575 sec/op
Iteration #13: 0.00156807 sec/op
Iteration #14: 0.00157632 sec/op
Consumed blackhole value: -385170700
  Success:   ~ 0.00157662 sec/op ±0.26%

… com.rafambn.kflate.benchmark.CompressionBenchmarks.rawDeflateCompression | corpus=model3D, level=0
Warm-up #0: 0.00000196869 sec/op
Warm-up #1: 0.00000195796 sec/op
Warm-up #2: 0.00000195378 sec/op
Warm-up #3: 0.00000205252 sec/op
Warm-up #4: 0.00000215428 sec/op
Warm-up #5: 0.00000212261 sec/op
Warm-up #6: 0.00000211644 sec/op
Warm-up #7: 0.00000215051 sec/op
Iteration #0: 0.00000211724 sec/op
Iteration #1: 0.00000211690 sec/op
Iteration #2: 0.00000211339 sec/op
Iteration #3: 0.00000211666 sec/op
Iteration #4: 0.00000211764 sec/op
Iteration #5: 0.00000212484 sec/op
Iteration #6: 0.00000211245 sec/op
Iteration #7: 0.00000211065 sec/op
Iteration #8: 0.00000211193 sec/op
Iteration #9: 0.00000211010 sec/op
Iteration #10: 0.00000212574 sec/op
Iteration #11: 0.00000216053 sec/op
Iteration #12: 0.00000212073 sec/op
Iteration #13: 0.00000214779 sec/op
Iteration #14: 0.00000212846 sec/op
Consumed blackhole value: -1310736758
  Success:   ~ 0.00000212234 sec/op ±0.34%

… com.rafambn.kflate.benchmark.CompressionBenchmarks.rawDeflateCompression | corpus=Rainier.bmp, level=0
Warm-up #0: 0.00899012 sec/op
Warm-up #1: 0.00897789 sec/op
Warm-up #2: 0.00898003 sec/op
Warm-up #3: 0.00897049 sec/op
Warm-up #4: 0.00896759 sec/op
Warm-up #5: 0.00898021 sec/op
Warm-up #6: 0.00908705 sec/op
Warm-up #7: 0.00900070 sec/op
Iteration #0: 0.00896691 sec/op
Iteration #1: 0.00900646 sec/op
Iteration #2: 0.00900824 sec/op
Iteration #3: 0.00904504 sec/op
Iteration #4: 0.00898946 sec/op
Iteration #5: 0.00897323 sec/op
Iteration #6: 0.00902443 sec/op
Iteration #7: 0.00906943 sec/op
Iteration #8: 0.00901321 sec/op
Iteration #9: 0.00895289 sec/op
Iteration #10: 0.00896702 sec/op
Iteration #11: 0.00896982 sec/op
Iteration #12: 0.00899386 sec/op
Iteration #13: 0.00897340 sec/op
Iteration #14: 0.00895114 sec/op
Consumed blackhole value: 320639255
  Success:   ~ 0.00899364 sec/op ±0.19%

… com.rafambn.kflate.benchmark.CompressionBenchmarks.rawDeflateCompression | corpus=Maltese.bmp, level=0
Warm-up #0: 0.0257488 sec/op
Warm-up #1: 0.0246655 sec/op
Warm-up #2: 0.0253080 sec/op
Warm-up #3: 0.0246371 sec/op
Warm-up #4: 0.0247850 sec/op
Warm-up #5: 0.0247081 sec/op
Warm-up #6: 0.0247730 sec/op
Warm-up #7: 0.0247747 sec/op
Iteration #0: 0.0247313 sec/op
Iteration #1: 0.0247356 sec/op
Iteration #2: 0.0247320 sec/op
Iteration #3: 0.0246950 sec/op
Iteration #4: 0.0247438 sec/op
Iteration #5: 0.0247447 sec/op
Iteration #6: 0.0247140 sec/op
Iteration #7: 0.0247781 sec/op
Iteration #8: 0.0246350 sec/op
Iteration #9: 0.0248346 sec/op
Iteration #10: 0.0246670 sec/op
Iteration #11: 0.0246774 sec/op
Iteration #12: 0.0256395 sec/op
Iteration #13: 0.0245876 sec/op
Iteration #14: 0.0245066 sec/op
Consumed blackhole value: 333257726
  Success:   ~ 0.0247615 sec/op ±0.52%

… com.rafambn.kflate.benchmark.CompressionBenchmarks.rawDeflateCompression | corpus=Sunrise.bmp, level=0
Warm-up #0: 0.0789284 sec/op
Warm-up #1: 0.0736639 sec/op
Warm-up #2: 0.0795653 sec/op
Warm-up #3: 0.0801897 sec/op
Warm-up #4: 0.0794685 sec/op
Warm-up #5: 0.0793684 sec/op
Warm-up #6: 0.0792378 sec/op
Warm-up #7: 0.0737142 sec/op
Iteration #0: 0.0798341 sec/op
Iteration #1: 0.0795266 sec/op
Iteration #2: 0.0796815 sec/op
Iteration #3: 0.0794934 sec/op
Iteration #4: 0.0742097 sec/op
Iteration #5: 0.0801250 sec/op
Iteration #6: 0.0799131 sec/op
Iteration #7: 0.0796985 sec/op
Iteration #8: 0.0791954 sec/op
Iteration #9: 0.0736583 sec/op
Iteration #10: 0.0800812 sec/op
Iteration #11: 0.0801467 sec/op
Iteration #12: 0.0803201 sec/op
Iteration #13: 0.0795732 sec/op
Iteration #14: 0.0798973 sec/op
Consumed blackhole value: -704951295
  Success:   ~ 0.0790236 sec/op ±1.3%

… com.rafambn.kflate.benchmark.CompressionBenchmarks.rawDeflateCompression | corpus=compressed_MVT.pbf, level=0
Warm-up #0: 0.000206599 sec/op
Warm-up #1: 0.000203415 sec/op
Warm-up #2: 0.000204436 sec/op
Warm-up #3: 0.000204772 sec/op
Warm-up #4: 0.000204318 sec/op
Warm-up #5: 0.000206315 sec/op
Warm-up #6: 0.000205502 sec/op
Warm-up #7: 0.000205452 sec/op
Iteration #0: 0.000204991 sec/op
Iteration #1: 0.000207222 sec/op
Iteration #2: 0.000205253 sec/op
Iteration #3: 0.000209081 sec/op
Iteration #4: 0.000206614 sec/op
Iteration #5: 0.000205915 sec/op
Iteration #6: 0.000206808 sec/op
Iteration #7: 0.000207062 sec/op
Iteration #8: 0.000206395 sec/op
Iteration #9: 0.000207734 sec/op
Iteration #10: 0.000207070 sec/op
Iteration #11: 0.000207508 sec/op
Iteration #12: 0.000207994 sec/op
Iteration #13: 0.000207311 sec/op
Iteration #14: 0.000208230 sec/op
Consumed blackhole value: -1648248563
  Success:   ~ 0.000207012 sec/op ±0.27%

… com.rafambn.kflate.benchmark.CompressionBenchmarks.rawDeflateCompression | corpus=simpleText, level=1
Warm-up #0: 0.000108156 sec/op
Warm-up #1: 0.0000966292 sec/op
Warm-up #2: 0.0000966899 sec/op
Warm-up #3: 0.0000978838 sec/op
Warm-up #4: 0.0000982985 sec/op
Warm-up #5: 0.0000985244 sec/op
Warm-up #6: 0.0000985117 sec/op
Warm-up #7: 0.000109608 sec/op
Iteration #0: 0.000103125 sec/op
Iteration #1: 0.0000971587 sec/op
Iteration #2: 0.0000979840 sec/op
Iteration #3: 0.0000976812 sec/op
Iteration #4: 0.0000972246 sec/op
Iteration #5: 0.0000974799 sec/op
Iteration #6: 0.0000975021 sec/op
Iteration #7: 0.0000980339 sec/op
Iteration #8: 0.0000976281 sec/op
Iteration #9: 0.0000985862 sec/op
Iteration #10: 0.0000981906 sec/op
Iteration #11: 0.0000969475 sec/op
Iteration #12: 0.0000971453 sec/op
Iteration #13: 0.0000974821 sec/op
Iteration #14: 0.0000995016 sec/op
Consumed blackhole value: -18739743
  Success:   ~ 0.0000981114 sec/op ±0.79%

… com.rafambn.kflate.benchmark.CompressionBenchmarks.rawDeflateCompression | corpus=text, level=1
Warm-up #0: 0.0315395 sec/op
Warm-up #1: 0.0315664 sec/op
Warm-up #2: 0.0316144 sec/op
Warm-up #3: 0.0314846 sec/op
Warm-up #4: 0.0315396 sec/op
Warm-up #5: 0.0312126 sec/op
Warm-up #6: 0.0311458 sec/op
Warm-up #7: 0.0312675 sec/op
Iteration #0: 0.0314548 sec/op
Iteration #1: 0.0317769 sec/op
Iteration #2: 0.0316732 sec/op
Iteration #3: 0.0316957 sec/op
Iteration #4: 0.0314774 sec/op
Iteration #5: 0.0316331 sec/op
Iteration #6: 0.0316564 sec/op
Iteration #7: 0.0315674 sec/op
Iteration #8: 0.0316464 sec/op
Iteration #9: 0.0315756 sec/op
Iteration #10: 0.0314205 sec/op
Iteration #11: 0.0316371 sec/op
Iteration #12: 0.0314234 sec/op
Iteration #13: 0.0312659 sec/op
Iteration #14: 0.0313742 sec/op
Consumed blackhole value: -1680334171
  Success:   ~ 0.0315519 sec/op ±0.23%

… com.rafambn.kflate.benchmark.CompressionBenchmarks.rawDeflateCompression | corpus=model3D, level=1
Warm-up #0: 0.000184889 sec/op
Warm-up #1: 0.000180220 sec/op
Warm-up #2: 0.000183386 sec/op
Warm-up #3: 0.000179564 sec/op
Warm-up #4: 0.000179482 sec/op
Warm-up #5: 0.000180406 sec/op
Warm-up #6: 0.000179232 sec/op
Warm-up #7: 0.000178904 sec/op
Iteration #0: 0.000179421 sec/op
Iteration #1: 0.000180166 sec/op
Iteration #2: 0.000180210 sec/op
Iteration #3: 0.000178924 sec/op
Iteration #4: 0.000179371 sec/op
Iteration #5: 0.000179312 sec/op
Iteration #6: 0.000179546 sec/op
Iteration #7: 0.000179290 sec/op
Iteration #8: 0.000180402 sec/op
Iteration #9: 0.000180067 sec/op
Iteration #10: 0.000180381 sec/op
Iteration #11: 0.000179837 sec/op
Iteration #12: 0.000179782 sec/op
Iteration #13: 0.000181272 sec/op
Iteration #14: 0.000180386 sec/op
Consumed blackhole value: 248825322
  Success:   ~ 0.000179891 sec/op ±0.17%

… com.rafambn.kflate.benchmark.CompressionBenchmarks.rawDeflateCompression | corpus=Rainier.bmp, level=1
Warm-up #0: 0.110519 sec/op
Warm-up #1: 0.125727 sec/op
Warm-up #2: 0.110424 sec/op
Warm-up #3: 0.109961 sec/op
Warm-up #4: 0.109767 sec/op
Warm-up #5: 0.111549 sec/op
Warm-up #6: 0.109483 sec/op
Warm-up #7: 0.109330 sec/op
Iteration #0: 0.111049 sec/op
Iteration #1: 0.109470 sec/op
Iteration #2: 0.109783 sec/op
Iteration #3: 0.110987 sec/op
Iteration #4: 0.109770 sec/op
Iteration #5: 0.109527 sec/op
Iteration #6: 0.111979 sec/op
Iteration #7: 0.109537 sec/op
Iteration #8: 0.109358 sec/op
Iteration #9: 0.109218 sec/op
Iteration #10: 0.110837 sec/op
Iteration #11: 0.109931 sec/op
Iteration #12: 0.109256 sec/op
Iteration #13: 0.111019 sec/op
Iteration #14: 0.109196 sec/op
Consumed blackhole value: -1684874675
  Success:   ~ 0.110061 sec/op ±0.40%

… com.rafambn.kflate.benchmark.CompressionBenchmarks.rawDeflateCompression | corpus=Maltese.bmp, level=1
Warm-up #0: 0.398338 sec/op
Warm-up #1: 0.395351 sec/op
Warm-up #2: 0.399607 sec/op
Warm-up #3: 0.395400 sec/op
Warm-up #4: 0.396780 sec/op
Warm-up #5: 0.395915 sec/op
Warm-up #6: 0.395725 sec/op
Warm-up #7: 0.396462 sec/op
Iteration #0: 0.404054 sec/op
Iteration #1: 0.397311 sec/op
Iteration #2: 0.398935 sec/op
Iteration #3: 0.396883 sec/op
Iteration #4: 0.396199 sec/op
Iteration #5: 0.395946 sec/op
Iteration #6: 0.397161 sec/op
Iteration #7: 0.396502 sec/op
Iteration #8: 0.396944 sec/op
Iteration #9: 0.405406 sec/op
Iteration #10: 0.395097 sec/op
Iteration #11: 0.399224 sec/op
Iteration #12: 0.397977 sec/op
Iteration #13: 0.396173 sec/op
Iteration #14: 0.395477 sec/op
Consumed blackhole value: 1009967839
  Success:   ~ 0.397953 sec/op ±0.38%

… com.rafambn.kflate.benchmark.CompressionBenchmarks.rawDeflateCompression | corpus=Sunrise.bmp, level=1
Warm-up #0: 1.19540 sec/op
Warm-up #1: 1.20952 sec/op
Warm-up #2: 1.18741 sec/op
Warm-up #3: 1.20681 sec/op
Warm-up #4: 1.19282 sec/op
Warm-up #5: 1.20831 sec/op
Warm-up #6: 1.18830 sec/op
Warm-up #7: 1.20646 sec/op
Iteration #0: 1.18978 sec/op
Iteration #1: 1.20752 sec/op
Iteration #2: 1.18910 sec/op
Iteration #3: 1.20562 sec/op
Iteration #4: 1.19435 sec/op
Iteration #5: 1.20610 sec/op
Iteration #6: 1.19140 sec/op
Iteration #7: 1.20554 sec/op
Iteration #8: 1.19049 sec/op
Iteration #9: 1.20421 sec/op
Iteration #10: 1.19232 sec/op
Iteration #11: 1.20468 sec/op
Iteration #12: 1.19200 sec/op
Iteration #13: 1.20383 sec/op
Iteration #14: 1.18764 sec/op
Consumed blackhole value: 1186014990
  Success:   ~ 1.19764 sec/op ±0.32%

… com.rafambn.kflate.benchmark.CompressionBenchmarks.rawDeflateCompression | corpus=compressed_MVT.pbf, level=1
Warm-up #0: 0.00365817 sec/op
Warm-up #1: 0.00365820 sec/op
Warm-up #2: 0.00364541 sec/op
Warm-up #3: 0.00365708 sec/op
Warm-up #4: 0.00365869 sec/op
Warm-up #5: 0.00365312 sec/op
Warm-up #6: 0.00366258 sec/op
Warm-up #7: 0.00365577 sec/op
Iteration #0: 0.00367106 sec/op
Iteration #1: 0.00365235 sec/op
Iteration #2: 0.00364712 sec/op
Iteration #3: 0.00368066 sec/op
Iteration #4: 0.00366130 sec/op
Iteration #5: 0.00366766 sec/op
Iteration #6: 0.00366723 sec/op
Iteration #7: 0.00366244 sec/op
Iteration #8: 0.00367660 sec/op
Iteration #9: 0.00366982 sec/op
Iteration #10: 0.00365928 sec/op
Iteration #11: 0.00386054 sec/op
Iteration #12: 0.00369413 sec/op
Iteration #13: 0.00366746 sec/op
Iteration #14: 0.00369400 sec/op
Consumed blackhole value: 1309669121
  Success:   ~ 0.00368211 sec/op ±0.70%

… com.rafambn.kflate.benchmark.CompressionBenchmarks.rawDeflateCompression | corpus=simpleText, level=2
Warm-up #0: 0.0000982252 sec/op
Warm-up #1: 0.0000979732 sec/op
Warm-up #2: 0.0000973415 sec/op
Warm-up #3: 0.000100619 sec/op
Warm-up #4: 0.000100198 sec/op
Warm-up #5: 0.0000988463 sec/op
Warm-up #6: 0.0000980282 sec/op
Warm-up #7: 0.0000972939 sec/op
Iteration #0: 0.0000974533 sec/op
Iteration #1: 0.0000975933 sec/op
Iteration #2: 0.0000974390 sec/op
Iteration #3: 0.0000974770 sec/op
Iteration #4: 0.0000983409 sec/op
Iteration #5: 0.0000986990 sec/op
Iteration #6: 0.000101698 sec/op
Iteration #7: 0.0000979037 sec/op
Iteration #8: 0.0000976149 sec/op
Iteration #9: 0.0000971552 sec/op
Iteration #10: 0.0000969590 sec/op
Iteration #11: 0.0000998686 sec/op
Iteration #12: 0.000101057 sec/op
Iteration #13: 0.0000979280 sec/op
Iteration #14: 0.0000972633 sec/op
Consumed blackhole value: 325868490
  Success:   ~ 0.0000982966 sec/op ±0.75%

… com.rafambn.kflate.benchmark.CompressionBenchmarks.rawDeflateCompression | corpus=text, level=2
Warm-up #0: 0.0363184 sec/op
Warm-up #1: 0.0370882 sec/op
Warm-up #2: 0.0368974 sec/op
Warm-up #3: 0.0365686 sec/op
Warm-up #4: 0.0364999 sec/op
Warm-up #5: 0.0362509 sec/op
Warm-up #6: 0.0363410 sec/op
Warm-up #7: 0.0363377 sec/op
Iteration #0: 0.0362420 sec/op
Iteration #1: 0.0363559 sec/op
Iteration #2: 0.0365334 sec/op
Iteration #3: 0.0362109 sec/op
Iteration #4: 0.0362828 sec/op
Iteration #5: 0.0362836 sec/op
Iteration #6: 0.0362720 sec/op
Iteration #7: 0.0362476 sec/op
Iteration #8: 0.0361434 sec/op
Iteration #9: 0.0361949 sec/op
Iteration #10: 0.0365558 sec/op
Iteration #11: 0.0363106 sec/op
Iteration #12: 0.0362796 sec/op
Iteration #13: 0.0363399 sec/op
Iteration #14: 0.0362291 sec/op
Consumed blackhole value: -27676208
  Success:   ~ 0.0362987 sec/op ±0.16%

… com.rafambn.kflate.benchmark.CompressionBenchmarks.rawDeflateCompression | corpus=model3D, level=2
Warm-up #0: 0.000186615 sec/op
Warm-up #1: 0.000186878 sec/op
Warm-up #2: 0.000187920 sec/op
Warm-up #3: 0.000186543 sec/op
Warm-up #4: 0.000187828 sec/op
Warm-up #5: 0.000186575 sec/op
Warm-up #6: 0.000187016 sec/op
Warm-up #7: 0.000187577 sec/op
Iteration #0: 0.000186820 sec/op
Iteration #1: 0.000187102 sec/op
Iteration #2: 0.000187273 sec/op
Iteration #3: 0.000187092 sec/op
Iteration #4: 0.000190827 sec/op
Iteration #5: 0.000187765 sec/op
Iteration #6: 0.000188198 sec/op
Iteration #7: 0.000187646 sec/op
Iteration #8: 0.000187244 sec/op
Iteration #9: 0.000187087 sec/op
Iteration #10: 0.000186365 sec/op
Iteration #11: 0.000186881 sec/op
Iteration #12: 0.000186573 sec/op
Iteration #13: 0.000188124 sec/op
Iteration #14: 0.000186189 sec/op
Consumed blackhole value: -1100207848
  Success:   ~ 0.000187412 sec/op ±0.30%

… com.rafambn.kflate.benchmark.CompressionBenchmarks.rawDeflateCompression | corpus=Rainier.bmp, level=2
Warm-up #0: 0.119892 sec/op
Warm-up #1: 0.120952 sec/op
Warm-up #2: 0.119925 sec/op
Warm-up #3: 0.120881 sec/op
Warm-up #4: 0.122381 sec/op
Warm-up #5: 0.122849 sec/op
Warm-up #6: 0.119897 sec/op
Warm-up #7: 0.119610 sec/op
Iteration #0: 0.120771 sec/op
Iteration #1: 0.121725 sec/op
Iteration #2: 0.120414 sec/op
Iteration #3: 0.120664 sec/op
Iteration #4: 0.121497 sec/op
Iteration #5: 0.119354 sec/op
Iteration #6: 0.119291 sec/op
Iteration #7: 0.119573 sec/op
Iteration #8: 0.120801 sec/op
Iteration #9: 0.119183 sec/op
Iteration #10: 0.119160 sec/op
Iteration #11: 0.119924 sec/op
Iteration #12: 0.120783 sec/op
Iteration #13: 0.119115 sec/op
Iteration #14: 0.119310 sec/op
Consumed blackhole value: -621142175
  Success:   ~ 0.120104 sec/op ±0.38%

… com.rafambn.kflate.benchmark.CompressionBenchmarks.rawDeflateCompression | corpus=Maltese.bmp, level=2
Warm-up #0: 0.438408 sec/op
Warm-up #1: 0.436838 sec/op
Warm-up #2: 0.436077 sec/op
Warm-up #3: 0.435468 sec/op
Warm-up #4: 0.436649 sec/op
Warm-up #5: 0.436324 sec/op
Warm-up #6: 0.438347 sec/op
Warm-up #7: 0.436945 sec/op
Iteration #0: 0.433190 sec/op
Iteration #1: 0.432078 sec/op
Iteration #2: 0.440819 sec/op
Iteration #3: 0.435297 sec/op
Iteration #4: 0.432085 sec/op
Iteration #5: 0.432246 sec/op
Iteration #6: 0.433238 sec/op
Iteration #7: 0.432767 sec/op
Iteration #8: 0.435500 sec/op
Iteration #9: 0.441691 sec/op
Iteration #10: 0.433965 sec/op
Iteration #11: 0.440606 sec/op
Iteration #12: 0.442440 sec/op
Iteration #13: 0.443206 sec/op
Iteration #14: 0.447386 sec/op
Consumed blackhole value: -1792997643
  Success:   ~ 0.437101 sec/op ±0.58%

… com.rafambn.kflate.benchmark.CompressionBenchmarks.rawDeflateCompression | corpus=Sunrise.bmp, level=2
Warm-up #0: 1.37449 sec/op
Warm-up #1: 1.38165 sec/op
Warm-up #2: 1.37515 sec/op
Warm-up #3: 1.39178 sec/op
Warm-up #4: 1.37917 sec/op
Warm-up #5: 1.37899 sec/op
Warm-up #6: 1.37125 sec/op
Warm-up #7: 1.37981 sec/op
Iteration #0: 1.37070 sec/op
Iteration #1: 1.38473 sec/op
Iteration #2: 1.42716 sec/op
Iteration #3: 1.38183 sec/op
Iteration #4: 1.37599 sec/op
Iteration #5: 1.37374 sec/op
Iteration #6: 1.37659 sec/op
Iteration #7: 1.38315 sec/op
Iteration #8: 1.37469 sec/op
Iteration #9: 1.38184 sec/op
Iteration #10: 1.37819 sec/op
Iteration #11: 1.38809 sec/op
Iteration #12: 1.37490 sec/op
Iteration #13: 1.38511 sec/op
Iteration #14: 1.37215 sec/op
Consumed blackhole value: 253077825
  Success:   ~ 1.38192 sec/op ±0.50%

… com.rafambn.kflate.benchmark.CompressionBenchmarks.rawDeflateCompression | corpus=compressed_MVT.pbf, level=2
Warm-up #0: 0.00427455 sec/op
Warm-up #1: 0.00409870 sec/op
Warm-up #2: 0.00410007 sec/op
Warm-up #3: 0.00421735 sec/op
Warm-up #4: 0.00411733 sec/op
Warm-up #5: 0.00409978 sec/op
Warm-up #6: 0.00412521 sec/op
Warm-up #7: 0.00410859 sec/op
Iteration #0: 0.00410018 sec/op
Iteration #1: 0.00410649 sec/op
Iteration #2: 0.00409418 sec/op
Iteration #3: 0.00408909 sec/op
Iteration #4: 0.00412643 sec/op
Iteration #5: 0.00414929 sec/op
Iteration #6: 0.00410797 sec/op
Iteration #7: 0.00410255 sec/op
Iteration #8: 0.00411179 sec/op
Iteration #9: 0.00412150 sec/op
Iteration #10: 0.00409293 sec/op
Iteration #11: 0.00409152 sec/op
Iteration #12: 0.00409024 sec/op
Iteration #13: 0.00408955 sec/op
Iteration #14: 0.00411446 sec/op
Consumed blackhole value: -1427140937
  Success:   ~ 0.00410588 sec/op ±0.21%

… com.rafambn.kflate.benchmark.CompressionBenchmarks.rawDeflateCompression | corpus=simpleText, level=3
Warm-up #0: 0.0000971936 sec/op
Warm-up #1: 0.0000977762 sec/op
Warm-up #2: 0.0000978887 sec/op
Warm-up #3: 0.0000982880 sec/op
Warm-up #4: 0.0000973031 sec/op
Warm-up #5: 0.0000974842 sec/op
Warm-up #6: 0.0000976359 sec/op
Warm-up #7: 0.0000963482 sec/op
Iteration #0: 0.0000971701 sec/op
Iteration #1: 0.0000984168 sec/op
Iteration #2: 0.000100189 sec/op
Iteration #3: 0.0000988580 sec/op
Iteration #4: 0.0000977431 sec/op
Iteration #5: 0.0000978505 sec/op
Iteration #6: 0.0000972272 sec/op
Iteration #7: 0.0000973468 sec/op
Iteration #8: 0.000102202 sec/op
Iteration #9: 0.0000976226 sec/op
Iteration #10: 0.0000990529 sec/op
Iteration #11: 0.0000991732 sec/op
Iteration #12: 0.0000967027 sec/op
Iteration #13: 0.0000975788 sec/op
Iteration #14: 0.0000979996 sec/op
Consumed blackhole value: -1065273181
  Success:   ~ 0.0000983422 sec/op ±0.73%

… com.rafambn.kflate.benchmark.CompressionBenchmarks.rawDeflateCompression | corpus=text, level=3
Warm-up #0: 0.0429163 sec/op
Warm-up #1: 0.0427826 sec/op
Warm-up #2: 0.0427431 sec/op
Warm-up #3: 0.0429113 sec/op
Warm-up #4: 0.0427689 sec/op
Warm-up #5: 0.0427055 sec/op
Warm-up #6: 0.0425668 sec/op
Warm-up #7: 0.0427699 sec/op
Iteration #0: 0.0428742 sec/op
Iteration #1: 0.0429088 sec/op
Iteration #2: 0.0429278 sec/op
Iteration #3: 0.0427447 sec/op
Iteration #4: 0.0431118 sec/op
Iteration #5: 0.0430537 sec/op
Iteration #6: 0.0427948 sec/op
Iteration #7: 0.0428643 sec/op
Iteration #8: 0.0429132 sec/op
Iteration #9: 0.0430168 sec/op
Iteration #10: 0.0428154 sec/op
Iteration #11: 0.0427803 sec/op
Iteration #12: 0.0428547 sec/op
Iteration #13: 0.0431325 sec/op
Iteration #14: 0.0432376 sec/op
Consumed blackhole value: 1832660233
  Success:   ~ 0.0429354 sec/op ±0.17%

… com.rafambn.kflate.benchmark.CompressionBenchmarks.rawDeflateCompression | corpus=model3D, level=3
Warm-up #0: 0.000201079 sec/op
Warm-up #1: 0.000192727 sec/op
Warm-up #2: 0.000193063 sec/op
Warm-up #3: 0.000195480 sec/op
Warm-up #4: 0.000187882 sec/op
Warm-up #5: 0.000188292 sec/op
Warm-up #6: 0.000187569 sec/op
Warm-up #7: 0.000188212 sec/op
Iteration #0: 0.000188283 sec/op
Iteration #1: 0.000188073 sec/op
Iteration #2: 0.000187462 sec/op
Iteration #3: 0.000187619 sec/op
Iteration #4: 0.000188482 sec/op
Iteration #5: 0.000187897 sec/op
Iteration #6: 0.000189160 sec/op
Iteration #7: 0.000188120 sec/op
Iteration #8: 0.000187195 sec/op
Iteration #9: 0.000187975 sec/op
Iteration #10: 0.000187753 sec/op
Iteration #11: 0.000186819 sec/op
Iteration #12: 0.000187947 sec/op
Iteration #13: 0.000187654 sec/op
Iteration #14: 0.000187145 sec/op
Consumed blackhole value: 1822016861
  Success:   ~ 0.000187839 sec/op ±0.16%

… com.rafambn.kflate.benchmark.CompressionBenchmarks.rawDeflateCompression | corpus=Rainier.bmp, level=3
Warm-up #0: 0.123582 sec/op
Warm-up #1: 0.122423 sec/op
Warm-up #2: 0.122268 sec/op
Warm-up #3: 0.122686 sec/op
Warm-up #4: 0.124384 sec/op
Warm-up #5: 0.122632 sec/op
Warm-up #6: 0.122427 sec/op
Warm-up #7: 0.124199 sec/op
Iteration #0: 0.122380 sec/op
Iteration #1: 0.122434 sec/op
Iteration #2: 0.122511 sec/op
Iteration #3: 0.123927 sec/op
Iteration #4: 0.122563 sec/op
Iteration #5: 0.122604 sec/op
Iteration #6: 0.122611 sec/op
Iteration #7: 0.123942 sec/op
Iteration #8: 0.121788 sec/op
Iteration #9: 0.122034 sec/op
Iteration #10: 0.124393 sec/op
Iteration #11: 0.122717 sec/op
Iteration #12: 0.121619 sec/op
Iteration #13: 0.121666 sec/op
Iteration #14: 0.124245 sec/op
Consumed blackhole value: 1016288145
  Success:   ~ 0.122762 sec/op ±0.38%

… com.rafambn.kflate.benchmark.CompressionBenchmarks.rawDeflateCompression | corpus=Maltese.bmp, level=3
Warm-up #0: 0.472071 sec/op
Warm-up #1: 0.475531 sec/op
Warm-up #2: 0.474522 sec/op
Warm-up #3: 0.473105 sec/op
Warm-up #4: 0.471063 sec/op
Warm-up #5: 0.477024 sec/op
Warm-up #6: 0.471762 sec/op
Warm-up #7: 0.472671 sec/op
Iteration #0: 0.475685 sec/op
Iteration #1: 0.473501 sec/op
Iteration #2: 0.475856 sec/op
Iteration #3: 0.474461 sec/op
Iteration #4: 0.476642 sec/op
Iteration #5: 0.474432 sec/op
Iteration #6: 0.471084 sec/op
Iteration #7: 0.475894 sec/op
Iteration #8: 0.474813 sec/op
Iteration #9: 0.472015 sec/op
Iteration #10: 0.473232 sec/op
Iteration #11: 0.471360 sec/op
Iteration #12: 0.471864 sec/op
Iteration #13: 0.470740 sec/op
Iteration #14: 0.471771 sec/op
Consumed blackhole value: -564014702
  Success:   ~ 0.473557 sec/op ±0.21%

… com.rafambn.kflate.benchmark.CompressionBenchmarks.rawDeflateCompression | corpus=Sunrise.bmp, level=3
Warm-up #0: 1.47607 sec/op
Warm-up #1: 1.48022 sec/op
Warm-up #2: 1.47374 sec/op
Warm-up #3: 1.48430 sec/op
Warm-up #4: 1.48413 sec/op
Warm-up #5: 1.47327 sec/op
Warm-up #6: 1.47303 sec/op
Warm-up #7: 1.47746 sec/op
Iteration #0: 1.47352 sec/op
Iteration #1: 1.47805 sec/op
Iteration #2: 1.47684 sec/op
Iteration #3: 1.47688 sec/op
Iteration #4: 1.48048 sec/op
Iteration #5: 1.48268 sec/op
Iteration #6: 1.47495 sec/op
Iteration #7: 1.49434 sec/op
Iteration #8: 1.45874 sec/op
Iteration #9: 1.47215 sec/op
Iteration #10: 1.46194 sec/op
Iteration #11: 1.47102 sec/op
Iteration #12: 1.46608 sec/op
Iteration #13: 1.47315 sec/op
Iteration #14: 1.47288 sec/op
Consumed blackhole value: 439541268
  Success:   ~ 1.47425 sec/op ±0.29%

… com.rafambn.kflate.benchmark.CompressionBenchmarks.rawDeflateCompression | corpus=compressed_MVT.pbf, level=3
Warm-up #0: 0.00434045 sec/op
Warm-up #1: 0.00435575 sec/op
Warm-up #2: 0.00431619 sec/op
Warm-up #3: 0.00432877 sec/op
Warm-up #4: 0.00431365 sec/op
Warm-up #5: 0.00433129 sec/op
Warm-up #6: 0.00433598 sec/op
Warm-up #7: 0.00434786 sec/op
Iteration #0: 0.00434768 sec/op
Iteration #1: 0.00434916 sec/op
Iteration #2: 0.00432694 sec/op
Iteration #3: 0.00435972 sec/op
Iteration #4: 0.00434380 sec/op
Iteration #5: 0.00435746 sec/op
Iteration #6: 0.00433364 sec/op
Iteration #7: 0.00433728 sec/op
Iteration #8: 0.00433850 sec/op
Iteration #9: 0.00433409 sec/op
Iteration #10: 0.00433102 sec/op
Iteration #11: 0.00434395 sec/op
Iteration #12: 0.00432957 sec/op
Iteration #13: 0.00433022 sec/op
Iteration #14: 0.00432941 sec/op
Consumed blackhole value: -1706032237
  Success:   ~ 0.00433950 sec/op ±0.12%

… com.rafambn.kflate.benchmark.CompressionBenchmarks.rawDeflateCompression | corpus=simpleText, level=4
Warm-up #0: 0.0000970699 sec/op
Warm-up #1: 0.0000977429 sec/op
Warm-up #2: 0.0000977491 sec/op
Warm-up #3: 0.000101931 sec/op
Warm-up #4: 0.0000983728 sec/op
Warm-up #5: 0.0000981587 sec/op
Warm-up #6: 0.0000997425 sec/op
Warm-up #7: 0.0000981106 sec/op
Iteration #0: 0.000100223 sec/op
Iteration #1: 0.0000983824 sec/op
Iteration #2: 0.0000995562 sec/op
Iteration #3: 0.0000977039 sec/op
Iteration #4: 0.0000991315 sec/op
Iteration #5: 0.0000989307 sec/op
Iteration #6: 0.0000969341 sec/op
Iteration #7: 0.000101426 sec/op
Iteration #8: 0.0000987011 sec/op
Iteration #9: 0.0000989630 sec/op
Iteration #10: 0.0000988562 sec/op
Iteration #11: 0.0000988519 sec/op
Iteration #12: 0.000102356 sec/op
Iteration #13: 0.0000986382 sec/op
Iteration #14: 0.0000931052 sec/op
Consumed blackhole value: 1822353206
  Success:   ~ 0.0000987840 sec/op ±1.1%

… com.rafambn.kflate.benchmark.CompressionBenchmarks.rawDeflateCompression | corpus=text, level=4
Warm-up #0: 0.0430796 sec/op
Warm-up #1: 0.0430010 sec/op
Warm-up #2: 0.0431986 sec/op
Warm-up #3: 0.0432114 sec/op
Warm-up #4: 0.0431132 sec/op
Warm-up #5: 0.0432633 sec/op
Warm-up #6: 0.0431019 sec/op
Warm-up #7: 0.0432071 sec/op
Iteration #0: 0.0433931 sec/op
Iteration #1: 0.0434919 sec/op
Iteration #2: 0.0433813 sec/op
Iteration #3: 0.0435604 sec/op
Iteration #4: 0.0431659 sec/op
Iteration #5: 0.0433152 sec/op
Iteration #6: 0.0436257 sec/op
Iteration #7: 0.0443277 sec/op
Iteration #8: 0.0431929 sec/op
Iteration #9: 0.0431537 sec/op
Iteration #10: 0.0433779 sec/op
Iteration #11: 0.0431800 sec/op
Iteration #12: 0.0432199 sec/op
Iteration #13: 0.0431465 sec/op
Iteration #14: 0.0431012 sec/op
Consumed blackhole value: 56101072
  Success:   ~ 0.0433756 sec/op ±0.36%

… com.rafambn.kflate.benchmark.CompressionBenchmarks.rawDeflateCompression | corpus=model3D, level=4
Warm-up #0: 0.000172740 sec/op
Warm-up #1: 0.000172096 sec/op
Warm-up #2: 0.000172173 sec/op
Warm-up #3: 0.000172002 sec/op
Warm-up #4: 0.000172703 sec/op
Warm-up #5: 0.000172667 sec/op
Warm-up #6: 0.000171984 sec/op
Warm-up #7: 0.000172660 sec/op
Iteration #0: 0.000172895 sec/op
Iteration #1: 0.000173947 sec/op
Iteration #2: 0.000173100 sec/op
Iteration #3: 0.000173613 sec/op
Iteration #4: 0.000173663 sec/op
Iteration #5: 0.000179146 sec/op
Iteration #6: 0.000174044 sec/op
Iteration #7: 0.000173480 sec/op
Iteration #8: 0.000173144 sec/op
Iteration #9: 0.000174292 sec/op
Iteration #10: 0.000174378 sec/op
Iteration #11: 0.000173202 sec/op
Iteration #12: 0.000172292 sec/op
Iteration #13: 0.000172127 sec/op
Iteration #14: 0.000172206 sec/op
Consumed blackhole value: 2145642296
  Success:   ~ 0.000173702 sec/op ±0.49%

… com.rafambn.kflate.benchmark.CompressionBenchmarks.rawDeflateCompression | corpus=Rainier.bmp, level=4
Warm-up #0: 0.109285 sec/op
Warm-up #1: 0.109085 sec/op
Warm-up #2: 0.110209 sec/op
Warm-up #3: 0.108946 sec/op
Warm-up #4: 0.109209 sec/op
Warm-up #5: 0.109344 sec/op
Warm-up #6: 0.110812 sec/op
Warm-up #7: 0.109457 sec/op
Iteration #0: 0.109767 sec/op
Iteration #1: 0.110734 sec/op
Iteration #2: 0.109194 sec/op
Iteration #3: 0.109152 sec/op
Iteration #4: 0.110686 sec/op
Iteration #5: 0.109227 sec/op
Iteration #6: 0.109330 sec/op
Iteration #7: 0.109312 sec/op
Iteration #8: 0.110614 sec/op
Iteration #9: 0.109227 sec/op
Iteration #10: 0.109156 sec/op
Iteration #11: 0.110767 sec/op
Iteration #12: 0.109315 sec/op
Iteration #13: 0.109240 sec/op
Iteration #14: 0.111181 sec/op
Consumed blackhole value: -596045929
  Success:   ~ 0.109794 sec/op ±0.35%

… com.rafambn.kflate.benchmark.CompressionBenchmarks.rawDeflateCompression | corpus=Maltese.bmp, level=4
Warm-up #0: 0.434571 sec/op
Warm-up #1: 0.436449 sec/op
Warm-up #2: 0.436685 sec/op
Warm-up #3: 0.434016 sec/op
Warm-up #4: 0.438569 sec/op
Warm-up #5: 0.437570 sec/op
Warm-up #6: 0.437471 sec/op
Warm-up #7: 0.434892 sec/op
Iteration #0: 0.438181 sec/op
Iteration #1: 0.437865 sec/op
Iteration #2: 0.437016 sec/op
Iteration #3: 0.435718 sec/op
Iteration #4: 0.437903 sec/op
Iteration #5: 0.437654 sec/op
Iteration #6: 0.439159 sec/op
Iteration #7: 0.437209 sec/op
Iteration #8: 0.436676 sec/op
Iteration #9: 0.437369 sec/op
Iteration #10: 0.438612 sec/op
Iteration #11: 0.435784 sec/op
Iteration #12: 0.438598 sec/op
Iteration #13: 0.435528 sec/op
Iteration #14: 0.437788 sec/op
Consumed blackhole value: -2034627902
  Success:   ~ 0.437404 sec/op ±0.13%

… com.rafambn.kflate.benchmark.CompressionBenchmarks.rawDeflateCompression | corpus=Sunrise.bmp, level=4
Warm-up #0: 1.37595 sec/op
Warm-up #1: 1.38763 sec/op
Warm-up #2: 1.37166 sec/op
Warm-up #3: 1.38496 sec/op
Warm-up #4: 1.38675 sec/op
Warm-up #5: 1.39123 sec/op
Warm-up #6: 1.37176 sec/op
Warm-up #7: 1.39030 sec/op
Iteration #0: 1.37384 sec/op
Iteration #1: 1.40591 sec/op
Iteration #2: 1.37583 sec/op
Iteration #3: 1.38930 sec/op
Iteration #4: 1.39450 sec/op
Iteration #5: 1.40945 sec/op
Iteration #6: 1.37836 sec/op
Iteration #7: 1.38437 sec/op
Iteration #8: 1.37515 sec/op
Iteration #9: 1.38011 sec/op
Iteration #10: 1.37791 sec/op
Iteration #11: 1.38073 sec/op
Iteration #12: 1.37523 sec/op
Iteration #13: 1.38313 sec/op
Iteration #14: 1.37500 sec/op
Consumed blackhole value: 1187057981
  Success:   ~ 1.38392 sec/op ±0.41%

… com.rafambn.kflate.benchmark.CompressionBenchmarks.rawDeflateCompression | corpus=compressed_MVT.pbf, level=4
Warm-up #0: 0.00409654 sec/op
Warm-up #1: 0.00409423 sec/op
Warm-up #2: 0.00409772 sec/op
Warm-up #3: 0.00409014 sec/op
Warm-up #4: 0.00408310 sec/op
Warm-up #5: 0.00408687 sec/op
Warm-up #6: 0.00408312 sec/op
Warm-up #7: 0.00408345 sec/op
Iteration #0: 0.00408483 sec/op
Iteration #1: 0.00408584 sec/op
Iteration #2: 0.00408796 sec/op
Iteration #3: 0.00427952 sec/op
Iteration #4: 0.00409947 sec/op
Iteration #5: 0.00408165 sec/op
Iteration #6: 0.00408369 sec/op
Iteration #7: 0.00408781 sec/op
Iteration #8: 0.00408296 sec/op
Iteration #9: 0.00408695 sec/op
Iteration #10: 0.00434096 sec/op
Iteration #11: 0.00467794 sec/op
Iteration #12: 0.00480036 sec/op
Iteration #13: 0.00468522 sec/op
Iteration #14: 0.00467370 sec/op
Consumed blackhole value: -1892299240
  Success:   ~ 0.00428259 sec/op ±3.3%

… com.rafambn.kflate.benchmark.CompressionBenchmarks.rawDeflateCompression | corpus=simpleText, level=5
Warm-up #0: 0.0000998056 sec/op
Warm-up #1: 0.0000985154 sec/op
Warm-up #2: 0.0000977618 sec/op
Warm-up #3: 0.0000985555 sec/op
Warm-up #4: 0.0000927583 sec/op
Warm-up #5: 0.0000949771 sec/op
Warm-up #6: 0.0000910424 sec/op
Warm-up #7: 0.0000918481 sec/op
Iteration #0: 0.0000910611 sec/op
Iteration #1: 0.0000934329 sec/op
Iteration #2: 0.0000914779 sec/op
Iteration #3: 0.0000930860 sec/op
Iteration #4: 0.0000914464 sec/op
Iteration #5: 0.0000913010 sec/op
Iteration #6: 0.0000909762 sec/op
Iteration #7: 0.0000906092 sec/op
Iteration #8: 0.0000903989 sec/op
Iteration #9: 0.0000902561 sec/op
Iteration #10: 0.0000906658 sec/op
Iteration #11: 0.0000918051 sec/op
Iteration #12: 0.0000915596 sec/op
Iteration #13: 0.0000917538 sec/op
Iteration #14: 0.0000906322 sec/op
Consumed blackhole value: 400066259
  Success:   ~ 0.0000913642 sec/op ±0.51%

… com.rafambn.kflate.benchmark.CompressionBenchmarks.rawDeflateCompression | corpus=text, level=5
Warm-up #0: 0.0630665 sec/op
Warm-up #1: 0.0626480 sec/op
Warm-up #2: 0.0628809 sec/op
Warm-up #3: 0.0626675 sec/op
Warm-up #4: 0.0628151 sec/op
Warm-up #5: 0.0627991 sec/op
Warm-up #6: 0.0633116 sec/op
Warm-up #7: 0.0628111 sec/op
Iteration #0: 0.0628106 sec/op
Iteration #1: 0.0627895 sec/op
Iteration #2: 0.0627776 sec/op
Iteration #3: 0.0630886 sec/op
Iteration #4: 0.0628791 sec/op
Iteration #5: 0.0629518 sec/op
Iteration #6: 0.0628632 sec/op
Iteration #7: 0.0628942 sec/op
Iteration #8: 0.0628173 sec/op
Iteration #9: 0.0630383 sec/op
Iteration #10: 0.0629723 sec/op
Iteration #11: 0.0630156 sec/op
Iteration #12: 0.0628803 sec/op
Iteration #13: 0.0629571 sec/op
Iteration #14: 0.0630143 sec/op
Consumed blackhole value: -55411937
  Success:   ~ 0.0629167 sec/op ±0.078%

… com.rafambn.kflate.benchmark.CompressionBenchmarks.rawDeflateCompression | corpus=model3D, level=5
Warm-up #0: 0.000173948 sec/op
Warm-up #1: 0.000172489 sec/op
Warm-up #2: 0.000172267 sec/op
Warm-up #3: 0.000172106 sec/op
Warm-up #4: 0.000172859 sec/op
Warm-up #5: 0.000175510 sec/op
Warm-up #6: 0.000172981 sec/op
Warm-up #7: 0.000172967 sec/op
Iteration #0: 0.000174261 sec/op
Iteration #1: 0.000172793 sec/op
Iteration #2: 0.000172437 sec/op
Iteration #3: 0.000173254 sec/op
Iteration #4: 0.000171931 sec/op
Iteration #5: 0.000176423 sec/op
Iteration #6: 0.000174126 sec/op
Iteration #7: 0.000173054 sec/op
Iteration #8: 0.000172740 sec/op
Iteration #9: 0.000172593 sec/op
Iteration #10: 0.000173901 sec/op
Iteration #11: 0.000174818 sec/op
Iteration #12: 0.000173131 sec/op
Iteration #13: 0.000172489 sec/op
Iteration #14: 0.000174913 sec/op
Consumed blackhole value: 876669491
  Success:   ~ 0.000173524 sec/op ±0.35%

… com.rafambn.kflate.benchmark.CompressionBenchmarks.rawDeflateCompression | corpus=Rainier.bmp, level=5
Warm-up #0: 0.115782 sec/op
Warm-up #1: 0.116480 sec/op
Warm-up #2: 0.115818 sec/op
Warm-up #3: 0.116057 sec/op
Warm-up #4: 0.117420 sec/op
Warm-up #5: 0.117065 sec/op
Warm-up #6: 0.115831 sec/op
Warm-up #7: 0.116108 sec/op
Iteration #0: 0.117495 sec/op
Iteration #1: 0.115814 sec/op
Iteration #2: 0.116574 sec/op
Iteration #3: 0.117153 sec/op
Iteration #4: 0.118341 sec/op
Iteration #5: 0.115968 sec/op
Iteration #6: 0.115950 sec/op
Iteration #7: 0.117564 sec/op
Iteration #8: 0.115800 sec/op
Iteration #9: 0.115975 sec/op
Iteration #10: 0.116178 sec/op
Iteration #11: 0.117674 sec/op
Iteration #12: 0.115878 sec/op
Iteration #13: 0.116270 sec/op
Iteration #14: 0.115835 sec/op
Consumed blackhole value: -1272379774
  Success:   ~ 0.116565 sec/op ±0.37%

… com.rafambn.kflate.benchmark.CompressionBenchmarks.rawDeflateCompression | corpus=Maltese.bmp, level=5
Warm-up #0: 0.537392 sec/op
Warm-up #1: 0.542118 sec/op
Warm-up #2: 0.536783 sec/op
Warm-up #3: 0.541595 sec/op
Warm-up #4: 0.538469 sec/op
Warm-up #5: 0.541277 sec/op
Warm-up #6: 0.538182 sec/op
Warm-up #7: 0.542369 sec/op
Iteration #0: 0.539890 sec/op
Iteration #1: 0.538612 sec/op
Iteration #2: 0.555947 sec/op
Iteration #3: 0.536867 sec/op
Iteration #4: 0.541490 sec/op
Iteration #5: 0.536504 sec/op
Iteration #6: 0.544682 sec/op
Iteration #7: 0.535783 sec/op
Iteration #8: 0.540558 sec/op
Iteration #9: 0.537452 sec/op
Iteration #10: 0.541531 sec/op
Iteration #11: 0.536741 sec/op
Iteration #12: 0.544569 sec/op
Iteration #13: 0.540320 sec/op
Iteration #14: 0.538586 sec/op
Consumed blackhole value: 1331297318
  Success:   ~ 0.540636 sec/op ±0.47%

… com.rafambn.kflate.benchmark.CompressionBenchmarks.rawDeflateCompression | corpus=Sunrise.bmp, level=5
Warm-up #0: 1.64320 sec/op
Warm-up #1: 1.65503 sec/op
Warm-up #2: 1.64736 sec/op
Warm-up #3: 1.64951 sec/op
Warm-up #4: 1.64437 sec/op
Warm-up #5: 1.64988 sec/op
Warm-up #6: 1.65666 sec/op
Warm-up #7: 1.66173 sec/op
Iteration #0: 1.64618 sec/op
Iteration #1: 1.65021 sec/op
Iteration #2: 1.64087 sec/op
Iteration #3: 1.65200 sec/op
Iteration #4: 1.63831 sec/op
Iteration #5: 1.64341 sec/op
Iteration #6: 1.63723 sec/op
Iteration #7: 1.64342 sec/op
Iteration #8: 1.73774 sec/op
Iteration #9: 1.66048 sec/op
Iteration #10: 1.65678 sec/op
Iteration #11: 1.64745 sec/op
Iteration #12: 1.64695 sec/op
Iteration #13: 1.65331 sec/op
Iteration #14: 1.64493 sec/op
Consumed blackhole value: 1473139746
  Success:   ~ 1.65328 sec/op ±0.74%

… com.rafambn.kflate.benchmark.CompressionBenchmarks.rawDeflateCompression | corpus=compressed_MVT.pbf, level=5
Warm-up #0: 0.00473223 sec/op
Warm-up #1: 0.00549901 sec/op
Warm-up #2: 0.00572423 sec/op
Warm-up #3: 0.00566863 sec/op
Warm-up #4: 0.00553256 sec/op
Warm-up #5: 0.00553350 sec/op
Warm-up #6: 0.00552486 sec/op
Warm-up #7: 0.00554896 sec/op
Iteration #0: 0.00552441 sec/op
Iteration #1: 0.00550977 sec/op
Iteration #2: 0.00551086 sec/op
Iteration #3: 0.00551710 sec/op
Iteration #4: 0.00553376 sec/op
Iteration #5: 0.00551835 sec/op
Iteration #6: 0.00551741 sec/op
Iteration #7: 0.00550569 sec/op
Iteration #8: 0.00551117 sec/op
Iteration #9: 0.00549860 sec/op
Iteration #10: 0.00550104 sec/op
Iteration #11: 0.00545595 sec/op
Iteration #12: 0.00552689 sec/op
Iteration #13: 0.00548120 sec/op
Iteration #14: 0.00545438 sec/op
Consumed blackhole value: 1005102917
  Success:   ~ 0.00550444 sec/op ±0.22%

… com.rafambn.kflate.benchmark.CompressionBenchmarks.rawDeflateCompression | corpus=simpleText, level=6
Warm-up #0: 0.000101681 sec/op
Warm-up #1: 0.0000987823 sec/op
Warm-up #2: 0.000100629 sec/op
Warm-up #3: 0.0000984492 sec/op
Warm-up #4: 0.0000988959 sec/op
Warm-up #5: 0.0000973568 sec/op
Warm-up #6: 0.0000981417 sec/op
Warm-up #7: 0.0000989019 sec/op
Iteration #0: 0.0000983755 sec/op
Iteration #1: 0.0000981803 sec/op
Iteration #2: 0.0000975625 sec/op
Iteration #3: 0.0000988364 sec/op
Iteration #4: 0.0000982414 sec/op
Iteration #5: 0.0000988920 sec/op
Iteration #6: 0.0000973119 sec/op
Iteration #7: 0.0000990609 sec/op
Iteration #8: 0.0000979214 sec/op
Iteration #9: 0.0000987786 sec/op
Iteration #10: 0.0000987086 sec/op
Iteration #11: 0.0000982157 sec/op
Iteration #12: 0.0000981035 sec/op
Iteration #13: 0.0000980571 sec/op
Iteration #14: 0.0000989481 sec/op
Consumed blackhole value: -246441038
  Success:   ~ 0.0000983463 sec/op ±0.27%

… com.rafambn.kflate.benchmark.CompressionBenchmarks.rawDeflateCompression | corpus=text, level=6
Warm-up #0: 0.0908240 sec/op
Warm-up #1: 0.0888881 sec/op
Warm-up #2: 0.0878155 sec/op
Warm-up #3: 0.0873021 sec/op
Warm-up #4: 0.0875429 sec/op
Warm-up #5: 0.0875622 sec/op
Warm-up #6: 0.0873457 sec/op
Warm-up #7: 0.0878264 sec/op
Iteration #0: 0.0873539 sec/op
Iteration #1: 0.0874321 sec/op
Iteration #2: 0.0874898 sec/op
Iteration #3: 0.0874029 sec/op
Iteration #4: 0.0877446 sec/op
Iteration #5: 0.0874835 sec/op
Iteration #6: 0.0878384 sec/op
Iteration #7: 0.0877051 sec/op
Iteration #8: 0.0876075 sec/op
Iteration #9: 0.0879729 sec/op
Iteration #10: 0.0875015 sec/op
Iteration #11: 0.0877100 sec/op
Iteration #12: 0.0875965 sec/op
Iteration #13: 0.0875588 sec/op
Iteration #14: 0.0881423 sec/op
Consumed blackhole value: 868398346
  Success:   ~ 0.0876360 sec/op ±0.13%

… com.rafambn.kflate.benchmark.CompressionBenchmarks.rawDeflateCompression | corpus=model3D, level=6
Warm-up #0: 0.000196691 sec/op
Warm-up #1: 0.000193978 sec/op
Warm-up #2: 0.000198249 sec/op
Warm-up #3: 0.000194438 sec/op
Warm-up #4: 0.000193581 sec/op
Warm-up #5: 0.000193137 sec/op
Warm-up #6: 0.000195889 sec/op
Warm-up #7: 0.000194165 sec/op
Iteration #0: 0.000193123 sec/op
Iteration #1: 0.000194112 sec/op
Iteration #2: 0.000193474 sec/op
Iteration #3: 0.000192587 sec/op
Iteration #4: 0.000193703 sec/op
Iteration #5: 0.000193437 sec/op
Iteration #6: 0.000193176 sec/op
Iteration #7: 0.000193673 sec/op
Iteration #8: 0.000193855 sec/op
Iteration #9: 0.000194539 sec/op
Iteration #10: 0.000194419 sec/op
Iteration #11: 0.000194030 sec/op
Iteration #12: 0.000193504 sec/op
Iteration #13: 0.000193029 sec/op
Iteration #14: 0.000194912 sec/op
Consumed blackhole value: 1159443199
  Success:   ~ 0.000193705 sec/op ±0.16%

… com.rafambn.kflate.benchmark.CompressionBenchmarks.rawDeflateCompression | corpus=Rainier.bmp, level=6
Warm-up #0: 0.146279 sec/op
Warm-up #1: 0.147247 sec/op
Warm-up #2: 0.148277 sec/op
Warm-up #3: 0.146762 sec/op
Warm-up #4: 0.146441 sec/op
Warm-up #5: 0.148573 sec/op
Warm-up #6: 0.145645 sec/op
Warm-up #7: 0.146090 sec/op
Iteration #0: 0.147246 sec/op
Iteration #1: 0.146255 sec/op
Iteration #2: 0.148101 sec/op
Iteration #3: 0.145892 sec/op
Iteration #4: 0.145730 sec/op
Iteration #5: 0.146721 sec/op
Iteration #6: 0.146183 sec/op
Iteration #7: 0.148055 sec/op
Iteration #8: 0.145468 sec/op
Iteration #9: 0.146161 sec/op
Iteration #10: 0.145750 sec/op
Iteration #11: 0.146150 sec/op
Iteration #12: 0.147532 sec/op
Iteration #13: 0.145034 sec/op
Iteration #14: 0.144988 sec/op
Consumed blackhole value: -1473733484
  Success:   ~ 0.146351 sec/op ±0.34%

… com.rafambn.kflate.benchmark.CompressionBenchmarks.rawDeflateCompression | corpus=Maltese.bmp, level=6
Warm-up #0: 0.632041 sec/op
Warm-up #1: 0.633515 sec/op
Warm-up #2: 0.623488 sec/op
Warm-up #3: 0.626639 sec/op
Warm-up #4: 0.623988 sec/op
Warm-up #5: 0.630478 sec/op
Warm-up #6: 0.629669 sec/op
Warm-up #7: 0.633168 sec/op
Iteration #0: 0.627566 sec/op
Iteration #1: 0.634113 sec/op
Iteration #2: 0.627306 sec/op
Iteration #3: 0.630416 sec/op
Iteration #4: 0.628477 sec/op
Iteration #5: 0.635034 sec/op
Iteration #6: 0.625917 sec/op
Iteration #7: 0.631272 sec/op
Iteration #8: 0.625546 sec/op
Iteration #9: 0.630173 sec/op
Iteration #10: 0.625533 sec/op
Iteration #11: 0.627265 sec/op
Iteration #12: 0.624561 sec/op
Iteration #13: 0.628514 sec/op
Iteration #14: 0.622290 sec/op
Consumed blackhole value: 865990064
  Success:   ~ 0.628266 sec/op ±0.28%

… com.rafambn.kflate.benchmark.CompressionBenchmarks.rawDeflateCompression | corpus=Sunrise.bmp, level=6
Warm-up #0: 2.01436 sec/op
Warm-up #1: 2.09716 sec/op
Warm-up #2: 2.01707 sec/op
Warm-up #3: 2.04256 sec/op
Warm-up #4: 2.01139 sec/op
Warm-up #5: 2.02002 sec/op
Warm-up #6: 2.01023 sec/op
Warm-up #7: 2.02329 sec/op
Iteration #0: 2.01292 sec/op
Iteration #1: 1.78398 sec/op
Iteration #2: 1.74278 sec/op
Iteration #3: 1.80152 sec/op
Iteration #4: 1.74636 sec/op
Iteration #5: 1.75310 sec/op
Iteration #6: 1.74931 sec/op
Iteration #7: 1.76187 sec/op
Iteration #8: 1.75090 sec/op
Iteration #9: 1.77023 sec/op
Iteration #10: 1.75266 sec/op
Iteration #11: 1.76753 sec/op
Iteration #12: 1.75573 sec/op
Iteration #13: 1.76746 sec/op
Iteration #14: 1.76709 sec/op
Consumed blackhole value: 1579756356
  Success:   ~ 1.77890 sec/op ±1.9%

… com.rafambn.kflate.benchmark.CompressionBenchmarks.rawDeflateCompression | corpus=compressed_MVT.pbf, level=6
Warm-up #0: 0.00478373 sec/op
Warm-up #1: 0.00478862 sec/op
Warm-up #2: 0.00479215 sec/op
Warm-up #3: 0.00479514 sec/op
Warm-up #4: 0.00479372 sec/op
Warm-up #5: 0.00479940 sec/op
Warm-up #6: 0.00480612 sec/op
Warm-up #7: 0.00479150 sec/op
Iteration #0: 0.00479675 sec/op
Iteration #1: 0.00478718 sec/op
Iteration #2: 0.00479787 sec/op
Iteration #3: 0.00480263 sec/op
Iteration #4: 0.00517628 sec/op
Iteration #5: 0.00556160 sec/op
Iteration #6: 0.00557078 sec/op
Iteration #7: 0.00574463 sec/op
Iteration #8: 0.00554776 sec/op
Iteration #9: 0.00553029 sec/op
Iteration #10: 0.00554093 sec/op
Iteration #11: 0.00554604 sec/op
Iteration #12: 0.00553537 sec/op
Iteration #13: 0.00552809 sec/op
Iteration #14: 0.00552911 sec/op
Consumed blackhole value: 2004284582
  Success:   ~ 0.00533302 sec/op ±3.4%

… com.rafambn.kflate.benchmark.CompressionBenchmarks.rawDeflateCompression | corpus=simpleText, level=7
Warm-up #0: 0.0000979127 sec/op
Warm-up #1: 0.0000970405 sec/op
Warm-up #2: 0.0000984637 sec/op
Warm-up #3: 0.0000980147 sec/op
Warm-up #4: 0.0000982240 sec/op
Warm-up #5: 0.0000975100 sec/op
Warm-up #6: 0.0000970828 sec/op
Warm-up #7: 0.0000978114 sec/op
Iteration #0: 0.0000984886 sec/op
Iteration #1: 0.0000983164 sec/op
Iteration #2: 0.0000978694 sec/op
Iteration #3: 0.0000975975 sec/op
Iteration #4: 0.0000983769 sec/op
Iteration #5: 0.0000977869 sec/op
Iteration #6: 0.0000972677 sec/op
Iteration #7: 0.0000980161 sec/op
Iteration #8: 0.0000984063 sec/op
Iteration #9: 0.0000990935 sec/op
Iteration #10: 0.0000982998 sec/op
Iteration #11: 0.0000979902 sec/op
Iteration #12: 0.0000976588 sec/op
Iteration #13: 0.0000973620 sec/op
Iteration #14: 0.0000984398 sec/op
Consumed blackhole value: 35808879
  Success:   ~ 0.0000980647 sec/op ±0.25%

… com.rafambn.kflate.benchmark.CompressionBenchmarks.rawDeflateCompression | corpus=text, level=7
Warm-up #0: 0.0893653 sec/op
Warm-up #1: 0.0887640 sec/op
Warm-up #2: 0.0890850 sec/op
Warm-up #3: 0.0888894 sec/op
Warm-up #4: 0.0891658 sec/op
Warm-up #5: 0.0889025 sec/op
Warm-up #6: 0.0886882 sec/op
Warm-up #7: 0.0891674 sec/op
Iteration #0: 0.0887087 sec/op
Iteration #1: 0.0891641 sec/op
Iteration #2: 0.0890191 sec/op
Iteration #3: 0.0892111 sec/op
Iteration #4: 0.0888798 sec/op
Iteration #5: 0.0883621 sec/op
Iteration #6: 0.0890102 sec/op
Iteration #7: 0.0889077 sec/op
Iteration #8: 0.0888408 sec/op
Iteration #9: 0.0887769 sec/op
Iteration #10: 0.0887280 sec/op
Iteration #11: 0.0887291 sec/op
Iteration #12: 0.0885674 sec/op
Iteration #13: 0.0892826 sec/op
Iteration #14: 0.0887968 sec/op
Consumed blackhole value: -139597297
  Success:   ~ 0.0888656 sec/op ±0.14%

… com.rafambn.kflate.benchmark.CompressionBenchmarks.rawDeflateCompression | corpus=model3D, level=7
Warm-up #0: 0.000191920 sec/op
Warm-up #1: 0.000191610 sec/op
Warm-up #2: 0.000191286 sec/op
Warm-up #3: 0.000191535 sec/op
Warm-up #4: 0.000191332 sec/op
Warm-up #5: 0.000192497 sec/op
Warm-up #6: 0.000193604 sec/op
Warm-up #7: 0.000191878 sec/op
Iteration #0: 0.000193780 sec/op
Iteration #1: 0.000192145 sec/op
Iteration #2: 0.000192216 sec/op
Iteration #3: 0.000193049 sec/op
Iteration #4: 0.000195232 sec/op
Iteration #5: 0.000192154 sec/op
Iteration #6: 0.000193090 sec/op
Iteration #7: 0.000192340 sec/op
Iteration #8: 0.000191788 sec/op
Iteration #9: 0.000191616 sec/op
Iteration #10: 0.000192409 sec/op
Iteration #11: 0.000191543 sec/op
Iteration #12: 0.000192033 sec/op
Iteration #13: 0.000192066 sec/op
Iteration #14: 0.000193169 sec/op
Consumed blackhole value: 380229781
  Success:   ~ 0.000192575 sec/op ±0.25%

… com.rafambn.kflate.benchmark.CompressionBenchmarks.rawDeflateCompression | corpus=Rainier.bmp, level=7
Warm-up #0: 0.152953 sec/op
Warm-up #1: 0.148066 sec/op
Warm-up #2: 0.147305 sec/op
Warm-up #3: 0.150155 sec/op
Warm-up #4: 0.147235 sec/op
Warm-up #5: 0.146904 sec/op
Warm-up #6: 0.147212 sec/op
Warm-up #7: 0.146990 sec/op
Iteration #0: 0.150600 sec/op
Iteration #1: 0.148040 sec/op
Iteration #2: 0.149859 sec/op
Iteration #3: 0.147940 sec/op
Iteration #4: 0.146680 sec/op
Iteration #5: 0.150132 sec/op
Iteration #6: 0.147788 sec/op
Iteration #7: 0.147556 sec/op
Iteration #8: 0.146604 sec/op
Iteration #9: 0.150605 sec/op
Iteration #10: 0.148187 sec/op
Iteration #11: 0.147789 sec/op
Iteration #12: 0.147366 sec/op
Iteration #13: 0.147149 sec/op
Iteration #14: 0.149727 sec/op
Consumed blackhole value: -788353294
  Success:   ~ 0.148401 sec/op ±0.48%

… com.rafambn.kflate.benchmark.CompressionBenchmarks.rawDeflateCompression | corpus=Maltese.bmp, level=7
Warm-up #0: 0.628648 sec/op
Warm-up #1: 0.636929 sec/op
Warm-up #2: 0.631040 sec/op
Warm-up #3: 0.666605 sec/op
Warm-up #4: 0.632570 sec/op
Warm-up #5: 0.634727 sec/op
Warm-up #6: 0.628171 sec/op
Warm-up #7: 0.632750 sec/op
Iteration #0: 0.629208 sec/op
Iteration #1: 0.633362 sec/op
Iteration #2: 0.629457 sec/op
Iteration #3: 0.629071 sec/op
Iteration #4: 0.635599 sec/op
Iteration #5: 0.631561 sec/op
Iteration #6: 0.631828 sec/op
Iteration #7: 0.626272 sec/op
Iteration #8: 0.632754 sec/op
Iteration #9: 0.626879 sec/op
Iteration #10: 0.632019 sec/op
Iteration #11: 0.626468 sec/op
Iteration #12: 0.630050 sec/op
Iteration #13: 0.627243 sec/op
Iteration #14: 0.631996 sec/op
Consumed blackhole value: 167245716
  Success:   ~ 0.630251 sec/op ±0.22%

… com.rafambn.kflate.benchmark.CompressionBenchmarks.rawDeflateCompression | corpus=Sunrise.bmp, level=7
Warm-up #0: 2.26198 sec/op
Warm-up #1: 2.27138 sec/op
Warm-up #2: 2.25986 sec/op
Warm-up #3: 2.27952 sec/op
Warm-up #4: 2.31423 sec/op
Warm-up #5: 2.39310 sec/op
Warm-up #6: 2.26732 sec/op
Warm-up #7: 2.28765 sec/op
Iteration #0: 2.26602 sec/op
Iteration #1: 2.27757 sec/op
Iteration #2: 2.26651 sec/op
Iteration #3: 2.27749 sec/op
Iteration #4: 2.25942 sec/op
Iteration #5: 2.29463 sec/op
Iteration #6: 2.26796 sec/op
Iteration #7: 2.26848 sec/op
Iteration #8: 2.25633 sec/op
Iteration #9: 2.27195 sec/op
Iteration #10: 2.26278 sec/op
Iteration #11: 2.27383 sec/op
Iteration #12: 2.26489 sec/op
Iteration #13: 2.27098 sec/op
Iteration #14: 2.26479 sec/op
Consumed blackhole value: 52195157
  Success:   ~ 2.26957 sec/op ±0.20%

… com.rafambn.kflate.benchmark.CompressionBenchmarks.rawDeflateCompression | corpus=compressed_MVT.pbf, level=7
Warm-up #0: 0.00555777 sec/op
Warm-up #1: 0.00555115 sec/op
Warm-up #2: 0.00556110 sec/op
Warm-up #3: 0.00555388 sec/op
Warm-up #4: 0.00555150 sec/op
Warm-up #5: 0.00553411 sec/op
Warm-up #6: 0.00554090 sec/op
Warm-up #7: 0.00553741 sec/op
Iteration #0: 0.00557633 sec/op
Iteration #1: 0.00554766 sec/op
Iteration #2: 0.00555859 sec/op
Iteration #3: 0.00556699 sec/op
Iteration #4: 0.00556412 sec/op
Iteration #5: 0.00556655 sec/op
Iteration #6: 0.00556245 sec/op
Iteration #7: 0.00559364 sec/op
Iteration #8: 0.00555979 sec/op
Iteration #9: 0.00578173 sec/op
Iteration #10: 0.00554907 sec/op
Iteration #11: 0.00556643 sec/op
Iteration #12: 0.00555755 sec/op
Iteration #13: 0.00555263 sec/op
Iteration #14: 0.00553529 sec/op
Consumed blackhole value: -677505919
  Success:   ~ 0.00557592 sec/op ±0.53%

… com.rafambn.kflate.benchmark.CompressionBenchmarks.rawDeflateCompression | corpus=simpleText, level=8
Warm-up #0: 0.0000968712 sec/op
Warm-up #1: 0.0000968065 sec/op
Warm-up #2: 0.0000976566 sec/op
Warm-up #3: 0.0000967848 sec/op
Warm-up #4: 0.0000974174 sec/op
Warm-up #5: 0.0000986084 sec/op
Warm-up #6: 0.0000978692 sec/op
Warm-up #7: 0.0000981287 sec/op
Iteration #0: 0.0000975378 sec/op
Iteration #1: 0.0000964200 sec/op
Iteration #2: 0.0000981744 sec/op
Iteration #3: 0.0000986798 sec/op
Iteration #4: 0.0000982672 sec/op
Iteration #5: 0.0000973332 sec/op
Iteration #6: 0.0000924211 sec/op
Iteration #7: 0.0000927585 sec/op
Iteration #8: 0.0000926680 sec/op
Iteration #9: 0.0000905219 sec/op
Iteration #10: 0.0000922871 sec/op
Iteration #11: 0.0000914542 sec/op
Iteration #12: 0.0000917445 sec/op
Iteration #13: 0.0000923596 sec/op
Iteration #14: 0.0000908956 sec/op
Consumed blackhole value: -566465131
  Success:   ~ 0.0000942349 sec/op ±1.6%

… com.rafambn.kflate.benchmark.CompressionBenchmarks.rawDeflateCompression | corpus=text, level=8
Warm-up #0: 0.0817632 sec/op
Warm-up #1: 0.0816741 sec/op
Warm-up #2: 0.0814466 sec/op
Warm-up #3: 0.0814438 sec/op
Warm-up #4: 0.0820506 sec/op
Warm-up #5: 0.0815353 sec/op
Warm-up #6: 0.0815428 sec/op
Warm-up #7: 0.0820853 sec/op
Iteration #0: 0.0818249 sec/op
Iteration #1: 0.0813070 sec/op
Iteration #2: 0.0814616 sec/op
Iteration #3: 0.0820384 sec/op
Iteration #4: 0.0872929 sec/op
Iteration #5: 0.0935331 sec/op
Iteration #6: 0.0932427 sec/op
Iteration #7: 0.0933411 sec/op
Iteration #8: 0.0933242 sec/op
Iteration #9: 0.0931263 sec/op
Iteration #10: 0.0933965 sec/op
Iteration #11: 0.0934835 sec/op
Iteration #12: 0.0931516 sec/op
Iteration #13: 0.0932830 sec/op
Iteration #14: 0.0930763 sec/op
Consumed blackhole value: -195774250
  Success:   ~ 0.0897922 sec/op ±3.0%

… com.rafambn.kflate.benchmark.CompressionBenchmarks.rawDeflateCompression | corpus=model3D, level=8
Warm-up #0: 0.000191367 sec/op
Warm-up #1: 0.000191361 sec/op
Warm-up #2: 0.000194442 sec/op
Warm-up #3: 0.000191421 sec/op
Warm-up #4: 0.000193605 sec/op
Warm-up #5: 0.000191024 sec/op
Warm-up #6: 0.000191556 sec/op
Warm-up #7: 0.000191106 sec/op
Iteration #0: 0.000190852 sec/op
Iteration #1: 0.000194389 sec/op
Iteration #2: 0.000190957 sec/op
Iteration #3: 0.000191777 sec/op
Iteration #4: 0.000191150 sec/op
Iteration #5: 0.000190653 sec/op
Iteration #6: 0.000190981 sec/op
Iteration #7: 0.000191237 sec/op
Iteration #8: 0.000190533 sec/op
Iteration #9: 0.000190745 sec/op
Iteration #10: 0.000191118 sec/op
Iteration #11: 0.000190612 sec/op
Iteration #12: 0.000192851 sec/op
Iteration #13: 0.000191836 sec/op
Iteration #14: 0.000191954 sec/op
Consumed blackhole value: -1483889261
  Success:   ~ 0.000191443 sec/op ±0.27%

… com.rafambn.kflate.benchmark.CompressionBenchmarks.rawDeflateCompression | corpus=Rainier.bmp, level=8
Warm-up #0: 0.167607 sec/op
Warm-up #1: 0.167365 sec/op
Warm-up #2: 0.167389 sec/op
Warm-up #3: 0.168900 sec/op
Warm-up #4: 0.167750 sec/op
Warm-up #5: 0.166963 sec/op
Warm-up #6: 0.166966 sec/op
Warm-up #7: 0.167216 sec/op
Iteration #0: 0.167258 sec/op
Iteration #1: 0.169744 sec/op
Iteration #2: 0.176469 sec/op
Iteration #3: 0.167827 sec/op
Iteration #4: 0.167465 sec/op
Iteration #5: 0.167285 sec/op
Iteration #6: 0.167328 sec/op
Iteration #7: 0.169727 sec/op
Iteration #8: 0.166845 sec/op
Iteration #9: 0.167146 sec/op
Iteration #10: 0.167894 sec/op
Iteration #11: 0.167280 sec/op
Iteration #12: 0.169971 sec/op
Iteration #13: 0.167214 sec/op
Iteration #14: 0.167557 sec/op
Consumed blackhole value: -626964616
  Success:   ~ 0.168467 sec/op ±0.73%

… com.rafambn.kflate.benchmark.CompressionBenchmarks.rawDeflateCompression | corpus=Maltese.bmp, level=8
Warm-up #0: 0.640398 sec/op
Warm-up #1: 0.633970 sec/op
Warm-up #2: 0.632237 sec/op
Warm-up #3: 0.632968 sec/op
Warm-up #4: 0.632520 sec/op
Warm-up #5: 0.636011 sec/op
Warm-up #6: 0.631888 sec/op
Warm-up #7: 0.634446 sec/op
Iteration #0: 0.643637 sec/op
Iteration #1: 0.635200 sec/op
Iteration #2: 0.630043 sec/op
Iteration #3: 0.637308 sec/op
Iteration #4: 0.633074 sec/op
Iteration #5: 0.636525 sec/op
Iteration #6: 0.628936 sec/op
Iteration #7: 0.636022 sec/op
Iteration #8: 0.632201 sec/op
Iteration #9: 0.632815 sec/op
Iteration #10: 0.631985 sec/op
Iteration #11: 0.633342 sec/op
Iteration #12: 0.629123 sec/op
Iteration #13: 0.632822 sec/op
Iteration #14: 0.629092 sec/op
Consumed blackhole value: -1346892242
  Success:   ~ 0.633475 sec/op ±0.31%

… com.rafambn.kflate.benchmark.CompressionBenchmarks.rawDeflateCompression | corpus=Sunrise.bmp, level=8
Warm-up #0: 2.17268 sec/op
Warm-up #1: 2.17453 sec/op
Warm-up #2: 2.16850 sec/op
Warm-up #3: 2.22760 sec/op
Warm-up #4: 2.17139 sec/op
Warm-up #5: 2.17144 sec/op
Warm-up #6: 2.17476 sec/op
Warm-up #7: 2.17478 sec/op
Iteration #0: 2.17536 sec/op
Iteration #1: 2.17424 sec/op
Iteration #2: 2.22210 sec/op
Iteration #3: 2.17871 sec/op
Iteration #4: 2.17395 sec/op
Iteration #5: 2.17656 sec/op
Iteration #6: 2.17352 sec/op
Iteration #7: 2.17616 sec/op
Iteration #8: 2.17288 sec/op
Iteration #9: 2.18494 sec/op
Iteration #10: 2.17156 sec/op
Iteration #11: 2.17816 sec/op
Iteration #12: 2.18211 sec/op
Iteration #13: 2.18190 sec/op
Iteration #14: 2.17541 sec/op
Consumed blackhole value: -1053549606
  Success:   ~ 2.17984 sec/op ±0.29%

… com.rafambn.kflate.benchmark.CompressionBenchmarks.rawDeflateCompression | corpus=compressed_MVT.pbf, level=8
Warm-up #0: 0.00526967 sec/op
Warm-up #1: 0.00524950 sec/op
Warm-up #2: 0.00527229 sec/op
Warm-up #3: 0.00527058 sec/op
Warm-up #4: 0.00528224 sec/op
Warm-up #5: 0.00533513 sec/op
Warm-up #6: 0.00531021 sec/op
Warm-up #7: 0.00532498 sec/op
Iteration #0: 0.00527773 sec/op
Iteration #1: 0.00528412 sec/op
Iteration #2: 0.00527387 sec/op
Iteration #3: 0.00527915 sec/op
Iteration #4: 0.00526959 sec/op
Iteration #5: 0.00547426 sec/op
Iteration #6: 0.00528247 sec/op
Iteration #7: 0.00528521 sec/op
Iteration #8: 0.00528227 sec/op
Iteration #9: 0.00528714 sec/op
Iteration #10: 0.00528229 sec/op
Iteration #11: 0.00529358 sec/op
Iteration #12: 0.00528877 sec/op
Iteration #13: 0.00527495 sec/op
Iteration #14: 0.00529259 sec/op
Consumed blackhole value: 17283281
  Success:   ~ 0.00529520 sec/op ±0.48%

… com.rafambn.kflate.benchmark.CompressionBenchmarks.rawDeflateCompression | corpus=simpleText, level=9
Warm-up #0: 0.0000936615 sec/op
Warm-up #1: 0.0000931856 sec/op
Warm-up #2: 0.0000937978 sec/op
Warm-up #3: 0.0000935599 sec/op
Warm-up #4: 0.0000934472 sec/op
Warm-up #5: 0.0000940699 sec/op
Warm-up #6: 0.0000989277 sec/op
Warm-up #7: 0.000100390 sec/op
Iteration #0: 0.000102159 sec/op
Iteration #1: 0.000101372 sec/op
Iteration #2: 0.000100592 sec/op
Iteration #3: 0.000101152 sec/op
Iteration #4: 0.000101361 sec/op
Iteration #5: 0.000102650 sec/op
Iteration #6: 0.000101909 sec/op
Iteration #7: 0.000101366 sec/op
Iteration #8: 0.000101952 sec/op
Iteration #9: 0.000101001 sec/op
Iteration #10: 0.000102521 sec/op
Iteration #11: 0.000100581 sec/op
Iteration #12: 0.000101297 sec/op
Iteration #13: 0.000103179 sec/op
Iteration #14: 0.000101530 sec/op
Consumed blackhole value: -940856785
  Success:   ~ 0.000101641 sec/op ±0.37%

… com.rafambn.kflate.benchmark.CompressionBenchmarks.rawDeflateCompression | corpus=text, level=9
Warm-up #0: 0.318716 sec/op
Warm-up #1: 0.313570 sec/op
Warm-up #2: 0.315775 sec/op
Warm-up #3: 0.311589 sec/op
Warm-up #4: 0.312044 sec/op
Warm-up #5: 0.311605 sec/op
Warm-up #6: 0.311626 sec/op
Warm-up #7: 0.312512 sec/op
Iteration #0: 0.311359 sec/op
Iteration #1: 0.312156 sec/op
Iteration #2: 0.310981 sec/op
Iteration #3: 0.311648 sec/op
Iteration #4: 0.310915 sec/op
Iteration #5: 0.312280 sec/op
Iteration #6: 0.313533 sec/op
Iteration #7: 0.311471 sec/op
Iteration #8: 0.315339 sec/op
Iteration #9: 0.311599 sec/op
Iteration #10: 0.311521 sec/op
Iteration #11: 0.315546 sec/op
Iteration #12: 0.324453 sec/op
Iteration #13: 0.311594 sec/op
Iteration #14: 0.312762 sec/op
Consumed blackhole value: -1651772707
  Success:   ~ 0.313144 sec/op ±0.56%

… com.rafambn.kflate.benchmark.CompressionBenchmarks.rawDeflateCompression | corpus=model3D, level=9
Warm-up #0: 0.000273966 sec/op
Warm-up #1: 0.000274239 sec/op
Warm-up #2: 0.000273124 sec/op
Warm-up #3: 0.000284239 sec/op
Warm-up #4: 0.000278984 sec/op
Warm-up #5: 0.000278779 sec/op
Warm-up #6: 0.000274040 sec/op
Warm-up #7: 0.000274566 sec/op
Iteration #0: 0.000278284 sec/op
Iteration #1: 0.000276243 sec/op
Iteration #2: 0.000275330 sec/op
Iteration #3: 0.000273280 sec/op
Iteration #4: 0.000274167 sec/op
Iteration #5: 0.000273563 sec/op
Iteration #6: 0.000272564 sec/op
Iteration #7: 0.000272667 sec/op
Iteration #8: 0.000272657 sec/op
Iteration #9: 0.000274675 sec/op
Iteration #10: 0.000276739 sec/op
Iteration #11: 0.000275399 sec/op
Iteration #12: 0.000275549 sec/op
Iteration #13: 0.000274514 sec/op
Iteration #14: 0.000274070 sec/op
Consumed blackhole value: -365873851
  Success:   ~ 0.000274647 sec/op ±0.30%

… com.rafambn.kflate.benchmark.CompressionBenchmarks.rawDeflateCompression | corpus=Rainier.bmp, level=9
Warm-up #0: 7.08130 sec/op
Warm-up #1: 7.06933 sec/op
Warm-up #2: 7.09516 sec/op
Warm-up #3: 7.14302 sec/op
Warm-up #4: 6.69283 sec/op
Warm-up #5: 6.15032 sec/op
Warm-up #6: 6.15157 sec/op
Warm-up #7: 6.15431 sec/op
Iteration #0: 6.16127 sec/op
Iteration #1: 6.18141 sec/op
Iteration #2: 6.20400 sec/op
Iteration #3: 6.37573 sec/op
Iteration #4: 6.23219 sec/op
Iteration #5: 6.19565 sec/op
Iteration #6: 6.18491 sec/op
Iteration #7: 6.24847 sec/op
Iteration #8: 6.33526 sec/op
Iteration #9: 6.26932 sec/op
Iteration #10: 6.28226 sec/op
Iteration #11: 6.48226 sec/op
Iteration #12: 6.30209 sec/op
Iteration #13: 6.49577 sec/op
Iteration #14: 6.29587 sec/op
Consumed blackhole value: -34790261
  Success:   ~ 6.28310 sec/op ±0.83%

… com.rafambn.kflate.benchmark.CompressionBenchmarks.rawDeflateCompression | corpus=Maltese.bmp, level=9
Warm-up #0: 2.23439 sec/op
Warm-up #1: 2.20008 sec/op
Warm-up #2: 2.19671 sec/op
Warm-up #3: 2.21050 sec/op
Warm-up #4: 2.20184 sec/op
Warm-up #5: 2.19661 sec/op
Warm-up #6: 2.20729 sec/op
Warm-up #7: 2.20845 sec/op
Iteration #0: 2.20778 sec/op
Iteration #1: 2.20964 sec/op
Iteration #2: 2.21199 sec/op
Iteration #3: 2.21121 sec/op
Iteration #4: 2.20491 sec/op
Iteration #5: 2.20113 sec/op
Iteration #6: 2.19833 sec/op
Iteration #7: 2.20955 sec/op
Iteration #8: 2.20049 sec/op
Iteration #9: 2.19641 sec/op
Iteration #10: 2.20543 sec/op
Iteration #11: 2.19431 sec/op
Iteration #12: 2.20079 sec/op
Iteration #13: 2.20933 sec/op
Iteration #14: 2.20802 sec/op
Consumed blackhole value: 606834289
  Success:   ~ 2.20462 sec/op ±0.13%

… com.rafambn.kflate.benchmark.CompressionBenchmarks.rawDeflateCompression | corpus=Sunrise.bmp, level=9
Warm-up #0: 18.2118 sec/op
Warm-up #1: 18.2247 sec/op
Warm-up #2: 18.2486 sec/op
Warm-up #3: 18.9923 sec/op
Warm-up #4: 20.2535 sec/op
Warm-up #5: 18.1271 sec/op
Warm-up #6: 18.3962 sec/op
Warm-up #7: 18.2543 sec/op
Iteration #0: 18.3372 sec/op
Iteration #1: 18.2726 sec/op
Iteration #2: 18.3107 sec/op
Iteration #3: 18.2830 sec/op
Iteration #4: 18.2930 sec/op
Iteration #5: 18.2813 sec/op
Iteration #6: 21.0252 sec/op
Iteration #7: 20.9398 sec/op
Iteration #8: 20.8220 sec/op
Iteration #9: 20.7509 sec/op
Iteration #10: 20.7066 sec/op
Iteration #11: 20.6723 sec/op
Iteration #12: 20.6155 sec/op
Iteration #13: 20.6825 sec/op
Iteration #14: 20.5789 sec/op
Consumed blackhole value: -252215637
  Success:   ~ 19.7714 sec/op ±3.2%

… com.rafambn.kflate.benchmark.CompressionBenchmarks.rawDeflateCompression | corpus=compressed_MVT.pbf, level=9
Warm-up #0: 0.0178312 sec/op
Warm-up #1: 0.0178642 sec/op
Warm-up #2: 0.0177402 sec/op
Warm-up #3: 0.0177153 sec/op
Warm-up #4: 0.0178060 sec/op
Warm-up #5: 0.0176542 sec/op
Warm-up #6: 0.0176916 sec/op
Warm-up #7: 0.0177828 sec/op
Iteration #0: 0.0176794 sec/op
Iteration #1: 0.0177333 sec/op
Iteration #2: 0.0193660 sec/op
Iteration #3: 0.0182086 sec/op
Iteration #4: 0.0178102 sec/op
Iteration #5: 0.0177843 sec/op
Iteration #6: 0.0178667 sec/op
Iteration #7: 0.0177541 sec/op
Iteration #8: 0.0177892 sec/op
Iteration #9: 0.0179021 sec/op
Iteration #10: 0.0178546 sec/op
Iteration #11: 0.0177506 sec/op
Iteration #12: 0.0178075 sec/op
Iteration #13: 0.0178471 sec/op
Iteration #14: 0.0178390 sec/op
Consumed blackhole value: -35708308
  Success:   ~ 0.0179328 sec/op ±1.2%

… com.rafambn.kflate.benchmark.CompressionBenchmarks.rawDeflateDecompressionFromKompress | corpus=simpleText, level=0
Warm-up #0: 0.00000111517 sec/op
Warm-up #1: 0.00000109067 sec/op
Warm-up #2: 0.00000108555 sec/op
Warm-up #3: 0.00000107836 sec/op
Warm-up #4: 0.00000109757 sec/op
Warm-up #5: 0.00000109163 sec/op
Warm-up #6: 0.00000107481 sec/op
Warm-up #7: 0.00000106920 sec/op
Iteration #0: 0.00000106483 sec/op
Iteration #1: 0.00000106839 sec/op
Iteration #2: 0.00000107371 sec/op
Iteration #3: 0.00000107195 sec/op
Iteration #4: 0.00000106361 sec/op
Iteration #5: 0.00000106017 sec/op
Iteration #6: 0.00000105707 sec/op
Iteration #7: 0.00000105403 sec/op
Iteration #8: 0.00000105371 sec/op
Iteration #9: 0.00000105749 sec/op
Iteration #10: 0.00000105439 sec/op
Iteration #11: 0.00000103632 sec/op
Iteration #12: 0.00000104446 sec/op
Iteration #13: 0.00000104111 sec/op
Iteration #14: 0.00000103645 sec/op
Consumed blackhole value: 2038482100
  Success:   ~ 0.00000105585 sec/op ±0.57%

… com.rafambn.kflate.benchmark.CompressionBenchmarks.rawDeflateDecompressionFromKompress | corpus=text, level=0
Warm-up #0: 0.00152037 sec/op
Warm-up #1: 0.00152978 sec/op
Warm-up #2: 0.00152209 sec/op
Warm-up #3: 0.00153255 sec/op
Warm-up #4: 0.00153269 sec/op
Warm-up #5: 0.00151916 sec/op
Warm-up #6: 0.00154129 sec/op
Warm-up #7: 0.00152324 sec/op
Iteration #0: 0.00153398 sec/op
Iteration #1: 0.00152924 sec/op
Iteration #2: 0.00151611 sec/op
Iteration #3: 0.00151493 sec/op
Iteration #4: 0.00153354 sec/op
Iteration #5: 0.00153356 sec/op
Iteration #6: 0.00151641 sec/op
Iteration #7: 0.00153287 sec/op
Iteration #8: 0.00153033 sec/op
Iteration #9: 0.00152002 sec/op
Iteration #10: 0.00153588 sec/op
Iteration #11: 0.00152438 sec/op
Iteration #12: 0.00155657 sec/op
Iteration #13: 0.00158367 sec/op
Iteration #14: 0.00152715 sec/op
Consumed blackhole value: -98806896
  Success:   ~ 0.00153257 sec/op ±0.58%

… com.rafambn.kflate.benchmark.CompressionBenchmarks.rawDeflateDecompressionFromKompress | corpus=model3D, level=0
Warm-up #0: 0.00000130961 sec/op
Warm-up #1: 0.00000124436 sec/op
Warm-up #2: 0.00000122888 sec/op
Warm-up #3: 0.00000124617 sec/op
Warm-up #4: 0.00000124438 sec/op
Warm-up #5: 0.00000125029 sec/op
Warm-up #6: 0.00000125236 sec/op
Warm-up #7: 0.00000125085 sec/op
Iteration #0: 0.00000124380 sec/op
Iteration #1: 0.00000123981 sec/op
Iteration #2: 0.00000124136 sec/op
Iteration #3: 0.00000124045 sec/op
Iteration #4: 0.00000122237 sec/op
Iteration #5: 0.00000121703 sec/op
Iteration #6: 0.00000124357 sec/op
Iteration #7: 0.00000127988 sec/op
Iteration #8: 0.00000125949 sec/op
Iteration #9: 0.00000122146 sec/op
Iteration #10: 0.00000121505 sec/op
Iteration #11: 0.00000120996 sec/op
Iteration #12: 0.00000124885 sec/op
Iteration #13: 0.00000128428 sec/op
Iteration #14: 0.00000126429 sec/op
Consumed blackhole value: 200391535
  Success:   ~ 0.00000124211 sec/op ±0.93%

… com.rafambn.kflate.benchmark.CompressionBenchmarks.rawDeflateDecompressionFromKompress | corpus=Rainier.bmp, level=0
Warm-up #0: 0.00814163 sec/op
Warm-up #1: 0.00794735 sec/op
Warm-up #2: 0.00817707 sec/op
Warm-up #3: 0.00793615 sec/op
Warm-up #4: 0.00797348 sec/op
Warm-up #5: 0.00815070 sec/op
Warm-up #6: 0.00792269 sec/op
Warm-up #7: 0.00797295 sec/op
Iteration #0: 0.00814637 sec/op
Iteration #1: 0.00808125 sec/op
Iteration #2: 0.00797709 sec/op
Iteration #3: 0.00811359 sec/op
Iteration #4: 0.00795894 sec/op
Iteration #5: 0.00815530 sec/op
Iteration #6: 0.00794716 sec/op
Iteration #7: 0.00796764 sec/op
Iteration #8: 0.00811927 sec/op
Iteration #9: 0.00797107 sec/op
Iteration #10: 0.00815511 sec/op
Iteration #11: 0.00796460 sec/op
Iteration #12: 0.00797589 sec/op
Iteration #13: 0.00813681 sec/op
Iteration #14: 0.00793063 sec/op
Consumed blackhole value: -614116411
  Success:   ~ 0.00804005 sec/op ±0.56%

… com.rafambn.kflate.benchmark.CompressionBenchmarks.rawDeflateDecompressionFromKompress | corpus=Maltese.bmp, level=0
Warm-up #0: 0.0197962 sec/op
Warm-up #1: 0.0190184 sec/op
Warm-up #2: 0.0190254 sec/op
Warm-up #3: 0.0198361 sec/op
Warm-up #4: 0.0190232 sec/op
Warm-up #5: 0.0199464 sec/op
Warm-up #6: 0.0190355 sec/op
Warm-up #7: 0.0202231 sec/op
Iteration #0: 0.0198194 sec/op
Iteration #1: 0.0198361 sec/op
Iteration #2: 0.0206483 sec/op
Iteration #3: 0.0198075 sec/op
Iteration #4: 0.0207270 sec/op
Iteration #5: 0.0198374 sec/op
Iteration #6: 0.0206808 sec/op
Iteration #7: 0.0198813 sec/op
Iteration #8: 0.0198750 sec/op
Iteration #9: 0.0206932 sec/op
Iteration #10: 0.0197711 sec/op
Iteration #11: 0.0206923 sec/op
Iteration #12: 0.0198351 sec/op
Iteration #13: 0.0206196 sec/op
Iteration #14: 0.0198183 sec/op
Consumed blackhole value: 2035751014
  Success:   ~ 0.0201695 sec/op ±1.1%

… com.rafambn.kflate.benchmark.CompressionBenchmarks.rawDeflateDecompressionFromKompress | corpus=Sunrise.bmp, level=0
Warm-up #0: 0.0752220 sec/op
Warm-up #1: 0.0760031 sec/op
Warm-up #2: 0.0708622 sec/op
Warm-up #3: 0.0765741 sec/op
Warm-up #4: 0.0756603 sec/op
Warm-up #5: 0.0702654 sec/op
Warm-up #6: 0.0774404 sec/op
Warm-up #7: 0.0757299 sec/op
Iteration #0: 0.0704004 sec/op
Iteration #1: 0.0766645 sec/op
Iteration #2: 0.0756474 sec/op
Iteration #3: 0.0704079 sec/op
Iteration #4: 0.0765486 sec/op
Iteration #5: 0.0757699 sec/op
Iteration #6: 0.0703226 sec/op
Iteration #7: 0.0764718 sec/op
Iteration #8: 0.0756241 sec/op
Iteration #9: 0.0703226 sec/op
Iteration #10: 0.0763614 sec/op
Iteration #11: 0.0756385 sec/op
Iteration #12: 0.0702227 sec/op
Iteration #13: 0.0788595 sec/op
Iteration #14: 0.0762001 sec/op
Consumed blackhole value: -610651319
  Success:   ~ 0.0743641 sec/op ±2.1%

… com.rafambn.kflate.benchmark.CompressionBenchmarks.rawDeflateDecompressionFromKompress | corpus=compressed_MVT.pbf, level=0
Warm-up #0: 0.000201428 sec/op
Warm-up #1: 0.000197447 sec/op
Warm-up #2: 0.000194381 sec/op
Warm-up #3: 0.000198048 sec/op
Warm-up #4: 0.000194640 sec/op
Warm-up #5: 0.000198279 sec/op
Warm-up #6: 0.000197069 sec/op
Warm-up #7: 0.000195800 sec/op
Iteration #0: 0.000196446 sec/op
Iteration #1: 0.000197390 sec/op
Iteration #2: 0.000201303 sec/op
Iteration #3: 0.000195116 sec/op
Iteration #4: 0.000193885 sec/op
Iteration #5: 0.000202346 sec/op
Iteration #6: 0.000208316 sec/op
Iteration #7: 0.000197341 sec/op
Iteration #8: 0.000197164 sec/op
Iteration #9: 0.000197622 sec/op
Iteration #10: 0.000196967 sec/op
Iteration #11: 0.000194560 sec/op
Iteration #12: 0.000197235 sec/op
Iteration #13: 0.000184406 sec/op
Iteration #14: 0.000179881 sec/op
Consumed blackhole value: 1594925580
  Success:   ~ 0.000195999 sec/op ±1.7%

… com.rafambn.kflate.benchmark.CompressionBenchmarks.rawDeflateDecompressionFromKompress | corpus=simpleText, level=1
Warm-up #0: 0.00000177997 sec/op
Warm-up #1: 0.00000177210 sec/op
Warm-up #2: 0.00000176440 sec/op
Warm-up #3: 0.00000176129 sec/op
Warm-up #4: 0.00000175163 sec/op
Warm-up #5: 0.00000174826 sec/op
Warm-up #6: 0.00000175708 sec/op
Warm-up #7: 0.00000175084 sec/op
Iteration #0: 0.00000174734 sec/op
Iteration #1: 0.00000176059 sec/op
Iteration #2: 0.00000174615 sec/op
Iteration #3: 0.00000174786 sec/op
Iteration #4: 0.00000176794 sec/op
Iteration #5: 0.00000174954 sec/op
Iteration #6: 0.00000178101 sec/op
Iteration #7: 0.00000175214 sec/op
Iteration #8: 0.00000174276 sec/op
Iteration #9: 0.00000173535 sec/op
Iteration #10: 0.00000173647 sec/op
Iteration #11: 0.00000182727 sec/op
Iteration #12: 0.00000176730 sec/op
Iteration #13: 0.00000175431 sec/op
Iteration #14: 0.00000175044 sec/op
Consumed blackhole value: 1103346884
  Success:   ~ 0.00000175777 sec/op ±0.66%

… com.rafambn.kflate.benchmark.CompressionBenchmarks.rawDeflateDecompressionFromKompress | corpus=text, level=1
Warm-up #0: 0.0106531 sec/op
Warm-up #1: 0.0123641 sec/op
Warm-up #2: 0.0122963 sec/op
Warm-up #3: 0.0122795 sec/op
Warm-up #4: 0.0124413 sec/op
Warm-up #5: 0.0116576 sec/op
Warm-up #6: 0.0106926 sec/op
Warm-up #7: 0.0105064 sec/op
Iteration #0: 0.0106756 sec/op
Iteration #1: 0.0106419 sec/op
Iteration #2: 0.0105925 sec/op
Iteration #3: 0.0105525 sec/op
Iteration #4: 0.0106783 sec/op
Iteration #5: 0.0105396 sec/op
Iteration #6: 0.0106779 sec/op
Iteration #7: 0.0105317 sec/op
Iteration #8: 0.0105980 sec/op
Iteration #9: 0.0106760 sec/op
Iteration #10: 0.0106016 sec/op
Iteration #11: 0.0106651 sec/op
Iteration #12: 0.0106203 sec/op
Iteration #13: 0.0105434 sec/op
Iteration #14: 0.0107056 sec/op
Consumed blackhole value: -332359157
  Success:   ~ 0.0106200 sec/op ±0.28%

… com.rafambn.kflate.benchmark.CompressionBenchmarks.rawDeflateDecompressionFromKompress | corpus=model3D, level=1
Warm-up #0: 0.0000263096 sec/op
Warm-up #1: 0.0000262945 sec/op
Warm-up #2: 0.0000262711 sec/op
Warm-up #3: 0.0000263497 sec/op
Warm-up #4: 0.0000263390 sec/op
Warm-up #5: 0.0000263575 sec/op
Warm-up #6: 0.0000263396 sec/op
Warm-up #7: 0.0000263729 sec/op
Iteration #0: 0.0000263302 sec/op
Iteration #1: 0.0000262892 sec/op
Iteration #2: 0.0000262739 sec/op
Iteration #3: 0.0000262843 sec/op
Iteration #4: 0.0000263104 sec/op
Iteration #5: 0.0000263251 sec/op
Iteration #6: 0.0000263225 sec/op
Iteration #7: 0.0000263259 sec/op
Iteration #8: 0.0000262912 sec/op
Iteration #9: 0.0000262855 sec/op
Iteration #10: 0.0000263367 sec/op
Iteration #11: 0.0000263559 sec/op
Iteration #12: 0.0000263635 sec/op
Iteration #13: 0.0000263516 sec/op
Iteration #14: 0.0000263352 sec/op
Consumed blackhole value: 1174208279
  Success:   ~ 0.0000263188 sec/op ±0.055%

… com.rafambn.kflate.benchmark.CompressionBenchmarks.rawDeflateDecompressionFromKompress | corpus=Rainier.bmp, level=1
Warm-up #0: 0.0461863 sec/op
Warm-up #1: 0.0471340 sec/op
Warm-up #2: 0.0465327 sec/op
Warm-up #3: 0.0462122 sec/op
Warm-up #4: 0.0471430 sec/op
Warm-up #5: 0.0462208 sec/op
Warm-up #6: 0.0477604 sec/op
Warm-up #7: 0.0461043 sec/op
Iteration #0: 0.0461912 sec/op
Iteration #1: 0.0471853 sec/op
Iteration #2: 0.0460662 sec/op
Iteration #3: 0.0469757 sec/op
Iteration #4: 0.0462170 sec/op
Iteration #5: 0.0470881 sec/op
Iteration #6: 0.0462151 sec/op
Iteration #7: 0.0461646 sec/op
Iteration #8: 0.0470565 sec/op
Iteration #9: 0.0473062 sec/op
Iteration #10: 0.0545449 sec/op
Iteration #11: 0.0535888 sec/op
Iteration #12: 0.0536331 sec/op
Iteration #13: 0.0544176 sec/op
Iteration #14: 0.0537316 sec/op
Consumed blackhole value: 1819358642
  Success:   ~ 0.0490921 sec/op ±3.7%

… com.rafambn.kflate.benchmark.CompressionBenchmarks.rawDeflateDecompressionFromKompress | corpus=Maltese.bmp, level=1
Warm-up #0: 0.157625 sec/op
Warm-up #1: 0.157757 sec/op
Warm-up #2: 0.157748 sec/op
Warm-up #3: 0.161580 sec/op
Warm-up #4: 0.157835 sec/op
Warm-up #5: 0.157665 sec/op
Warm-up #6: 0.157755 sec/op
Warm-up #7: 0.157548 sec/op
Iteration #0: 0.157573 sec/op
Iteration #1: 0.164099 sec/op
Iteration #2: 0.158017 sec/op
Iteration #3: 0.157822 sec/op
Iteration #4: 0.153658 sec/op
Iteration #5: 0.136281 sec/op
Iteration #6: 0.142433 sec/op
Iteration #7: 0.136367 sec/op
Iteration #8: 0.136567 sec/op
Iteration #9: 0.136750 sec/op
Iteration #10: 0.136232 sec/op
Iteration #11: 0.136501 sec/op
Iteration #12: 0.142910 sec/op
Iteration #13: 0.136411 sec/op
Iteration #14: 0.137245 sec/op
Consumed blackhole value: -1501841399
  Success:   ~ 0.144591 sec/op ±3.6%

… com.rafambn.kflate.benchmark.CompressionBenchmarks.rawDeflateDecompressionFromKompress | corpus=Sunrise.bmp, level=1
Warm-up #0: 0.469474 sec/op
Warm-up #1: 0.467946 sec/op
Warm-up #2: 0.466640 sec/op
Warm-up #3: 0.481993 sec/op
Warm-up #4: 0.470389 sec/op
Warm-up #5: 0.551448 sec/op
Warm-up #6: 0.557759 sec/op
Warm-up #7: 0.541906 sec/op
Iteration #0: 0.538003 sec/op
Iteration #1: 0.536331 sec/op
Iteration #2: 0.566106 sec/op
Iteration #3: 0.539495 sec/op
Iteration #4: 0.541118 sec/op
Iteration #5: 0.537519 sec/op
Iteration #6: 0.536550 sec/op
Iteration #7: 0.535064 sec/op
Iteration #8: 0.560521 sec/op
Iteration #9: 0.536175 sec/op
Iteration #10: 0.535504 sec/op
Iteration #11: 0.534664 sec/op
Iteration #12: 0.535658 sec/op
Iteration #13: 0.534313 sec/op
Iteration #14: 0.534631 sec/op
Consumed blackhole value: 191472850
  Success:   ~ 0.540110 sec/op ±0.91%

… com.rafambn.kflate.benchmark.CompressionBenchmarks.rawDeflateDecompressionFromKompress | corpus=compressed_MVT.pbf, level=1
Warm-up #0: 0.00169901 sec/op
Warm-up #1: 0.00170361 sec/op
Warm-up #2: 0.00170830 sec/op
Warm-up #3: 0.00170697 sec/op
Warm-up #4: 0.00170262 sec/op
Warm-up #5: 0.00170661 sec/op
Warm-up #6: 0.00170823 sec/op
Warm-up #7: 0.00173495 sec/op
Iteration #0: 0.00170605 sec/op
Iteration #1: 0.00170732 sec/op
Iteration #2: 0.00174884 sec/op
Iteration #3: 0.00182942 sec/op
Iteration #4: 0.00171128 sec/op
Iteration #5: 0.00170594 sec/op
Iteration #6: 0.00171485 sec/op
Iteration #7: 0.00192768 sec/op
Iteration #8: 0.00170737 sec/op
Iteration #9: 0.00171505 sec/op
Iteration #10: 0.00170923 sec/op
Iteration #11: 0.00170924 sec/op
Iteration #12: 0.00170396 sec/op
Iteration #13: 0.00170560 sec/op
Iteration #14: 0.00171868 sec/op
Consumed blackhole value: -1328167276
  Success:   ~ 0.00173470 sec/op ±1.8%

… com.rafambn.kflate.benchmark.CompressionBenchmarks.rawDeflateDecompressionFromKompress | corpus=simpleText, level=2
Warm-up #0: 0.00000177851 sec/op
Warm-up #1: 0.00000176732 sec/op
Warm-up #2: 0.00000176429 sec/op
Warm-up #3: 0.00000177318 sec/op
Warm-up #4: 0.00000176457 sec/op
Warm-up #5: 0.00000175297 sec/op
Warm-up #6: 0.00000174613 sec/op
Warm-up #7: 0.00000174297 sec/op
Iteration #0: 0.00000174018 sec/op
Iteration #1: 0.00000174125 sec/op
Iteration #2: 0.00000176887 sec/op
Iteration #3: 0.00000177046 sec/op
Iteration #4: 0.00000176265 sec/op
Iteration #5: 0.00000175774 sec/op
Iteration #6: 0.00000175319 sec/op
Iteration #7: 0.00000175593 sec/op
Iteration #8: 0.00000176061 sec/op
Iteration #9: 0.00000174963 sec/op
Iteration #10: 0.00000174496 sec/op
Iteration #11: 0.00000175097 sec/op
Iteration #12: 0.00000175080 sec/op
Iteration #13: 0.00000174803 sec/op
Iteration #14: 0.00000174891 sec/op
Consumed blackhole value: -1216412346
  Success:   ~ 0.00000175361 sec/op ±0.26%

… com.rafambn.kflate.benchmark.CompressionBenchmarks.rawDeflateDecompressionFromKompress | corpus=text, level=2
Warm-up #0: 0.0118565 sec/op
Warm-up #1: 0.0118633 sec/op
Warm-up #2: 0.0119706 sec/op
Warm-up #3: 0.0121417 sec/op
Warm-up #4: 0.0118918 sec/op
Warm-up #5: 0.0119807 sec/op
Warm-up #6: 0.0118151 sec/op
Warm-up #7: 0.0118895 sec/op
Iteration #0: 0.0119435 sec/op
Iteration #1: 0.0118544 sec/op
Iteration #2: 0.0118238 sec/op
Iteration #3: 0.0119707 sec/op
Iteration #4: 0.0118175 sec/op
Iteration #5: 0.0118088 sec/op
Iteration #6: 0.0119814 sec/op
Iteration #7: 0.0118644 sec/op
Iteration #8: 0.0118529 sec/op
Iteration #9: 0.0120128 sec/op
Iteration #10: 0.0117886 sec/op
Iteration #11: 0.0117797 sec/op
Iteration #12: 0.0119481 sec/op
Iteration #13: 0.0118147 sec/op
Iteration #14: 0.0118173 sec/op
Consumed blackhole value: -1891790898
  Success:   ~ 0.0118719 sec/op ±0.33%

… com.rafambn.kflate.benchmark.CompressionBenchmarks.rawDeflateDecompressionFromKompress | corpus=model3D, level=2
Warm-up #0: 0.0000299268 sec/op
Warm-up #1: 0.0000298207 sec/op
Warm-up #2: 0.0000298296 sec/op
Warm-up #3: 0.0000297920 sec/op
Warm-up #4: 0.0000298685 sec/op
Warm-up #5: 0.0000299183 sec/op
Warm-up #6: 0.0000299895 sec/op
Warm-up #7: 0.0000299144 sec/op
Iteration #0: 0.0000297119 sec/op
Iteration #1: 0.0000296761 sec/op
Iteration #2: 0.0000297868 sec/op
Iteration #3: 0.0000298855 sec/op
Iteration #4: 0.0000298431 sec/op
Iteration #5: 0.0000298312 sec/op
Iteration #6: 0.0000298100 sec/op
Iteration #7: 0.0000298387 sec/op
Iteration #8: 0.0000298831 sec/op
Iteration #9: 0.0000298661 sec/op
Iteration #10: 0.0000298028 sec/op
Iteration #11: 0.0000297931 sec/op
Iteration #12: 0.0000297685 sec/op
Iteration #13: 0.0000298492 sec/op
Iteration #14: 0.0000298448 sec/op
Consumed blackhole value: -112953289
  Success:   ~ 0.0000298127 sec/op ±0.10%

… com.rafambn.kflate.benchmark.CompressionBenchmarks.rawDeflateDecompressionFromKompress | corpus=Rainier.bmp, level=2
Warm-up #0: 0.0533811 sec/op
Warm-up #1: 0.0530398 sec/op
Warm-up #2: 0.0541821 sec/op
Warm-up #3: 0.0530185 sec/op
Warm-up #4: 0.0528780 sec/op
Warm-up #5: 0.0542813 sec/op
Warm-up #6: 0.0528272 sec/op
Warm-up #7: 0.0531926 sec/op
Iteration #0: 0.0540629 sec/op
Iteration #1: 0.0529614 sec/op
Iteration #2: 0.0527768 sec/op
Iteration #3: 0.0542789 sec/op
Iteration #4: 0.0526901 sec/op
Iteration #5: 0.0529128 sec/op
Iteration #6: 0.0543281 sec/op
Iteration #7: 0.0525098 sec/op
Iteration #8: 0.0538107 sec/op
Iteration #9: 0.0525937 sec/op
Iteration #10: 0.0528010 sec/op
Iteration #11: 0.0536215 sec/op
Iteration #12: 0.0527865 sec/op
Iteration #13: 0.0527970 sec/op
Iteration #14: 0.0540361 sec/op
Consumed blackhole value: -374537565
  Success:   ~ 0.0532645 sec/op ±0.64%

… com.rafambn.kflate.benchmark.CompressionBenchmarks.rawDeflateDecompressionFromKompress | corpus=Maltese.bmp, level=2
Warm-up #0: 0.147129 sec/op
Warm-up #1: 0.145358 sec/op
Warm-up #2: 0.145099 sec/op
Warm-up #3: 0.144770 sec/op
Warm-up #4: 0.144943 sec/op
Warm-up #5: 0.145103 sec/op
Warm-up #6: 0.151866 sec/op
Warm-up #7: 0.145091 sec/op
Iteration #0: 0.145195 sec/op
Iteration #1: 0.145025 sec/op
Iteration #2: 0.144854 sec/op
Iteration #3: 0.145043 sec/op
Iteration #4: 0.151773 sec/op
Iteration #5: 0.145206 sec/op
Iteration #6: 0.145184 sec/op
Iteration #7: 0.145464 sec/op
Iteration #8: 0.144905 sec/op
Iteration #9: 0.145067 sec/op
Iteration #10: 0.152005 sec/op
Iteration #11: 0.145229 sec/op
Iteration #12: 0.145122 sec/op
Iteration #13: 0.145132 sec/op
Iteration #14: 0.145224 sec/op
Consumed blackhole value: 242665675
  Success:   ~ 0.146029 sec/op ±0.83%

… com.rafambn.kflate.benchmark.CompressionBenchmarks.rawDeflateDecompressionFromKompress | corpus=Sunrise.bmp, level=2
Warm-up #0: 0.511340 sec/op
Warm-up #1: 0.513207 sec/op
Warm-up #2: 0.513542 sec/op
Warm-up #3: 0.512409 sec/op
Warm-up #4: 0.512003 sec/op
Warm-up #5: 0.511847 sec/op
Warm-up #6: 0.514265 sec/op
Warm-up #7: 0.537167 sec/op
Iteration #0: 0.514828 sec/op
Iteration #1: 0.515149 sec/op
Iteration #2: 0.515043 sec/op
Iteration #3: 0.513063 sec/op
Iteration #4: 0.512094 sec/op
Iteration #5: 0.511298 sec/op
Iteration #6: 0.511717 sec/op
Iteration #7: 0.511847 sec/op
Iteration #8: 0.514970 sec/op
Iteration #9: 0.557164 sec/op
Iteration #10: 0.512696 sec/op
Iteration #11: 0.514996 sec/op
Iteration #12: 0.515221 sec/op
Iteration #13: 0.513208 sec/op
Iteration #14: 0.512000 sec/op
Consumed blackhole value: 130911189
  Success:   ~ 0.516353 sec/op ±1.1%

… com.rafambn.kflate.benchmark.CompressionBenchmarks.rawDeflateDecompressionFromKompress | corpus=compressed_MVT.pbf, level=2
Warm-up #0: 0.00159881 sec/op
Warm-up #1: 0.00159761 sec/op
Warm-up #2: 0.00160326 sec/op
Warm-up #3: 0.00159552 sec/op
Warm-up #4: 0.00160000 sec/op
Warm-up #5: 0.00159546 sec/op
Warm-up #6: 0.00159997 sec/op
Warm-up #7: 0.00159410 sec/op
Iteration #0: 0.00159544 sec/op
Iteration #1: 0.00159687 sec/op
Iteration #2: 0.00160423 sec/op
Iteration #3: 0.00159081 sec/op
Iteration #4: 0.00158807 sec/op
Iteration #5: 0.00159385 sec/op
Iteration #6: 0.00160364 sec/op
Iteration #7: 0.00159379 sec/op
Iteration #8: 0.00159568 sec/op
Iteration #9: 0.00159457 sec/op
Iteration #10: 0.00160859 sec/op
Iteration #11: 0.00159642 sec/op
Iteration #12: 0.00159756 sec/op
Iteration #13: 0.00159644 sec/op
Iteration #14: 0.00160469 sec/op
Consumed blackhole value: 1565101639
  Success:   ~ 0.00159738 sec/op ±0.18%

… com.rafambn.kflate.benchmark.CompressionBenchmarks.rawDeflateDecompressionFromKompress | corpus=simpleText, level=3
Warm-up #0: 0.00000179345 sec/op
Warm-up #1: 0.00000203198 sec/op
Warm-up #2: 0.00000177947 sec/op
Warm-up #3: 0.00000176151 sec/op
Warm-up #4: 0.00000175592 sec/op
Warm-up #5: 0.00000175869 sec/op
Warm-up #6: 0.00000175705 sec/op
Warm-up #7: 0.00000175315 sec/op
Iteration #0: 0.00000174723 sec/op
Iteration #1: 0.00000174347 sec/op
Iteration #2: 0.00000174966 sec/op
Iteration #3: 0.00000177027 sec/op
Iteration #4: 0.00000175451 sec/op
Iteration #5: 0.00000174825 sec/op
Iteration #6: 0.00000174432 sec/op
Iteration #7: 0.00000173918 sec/op
Iteration #8: 0.00000174612 sec/op
Iteration #9: 0.00000173720 sec/op
Iteration #10: 0.00000177432 sec/op
Iteration #11: 0.00000176918 sec/op
Iteration #12: 0.00000175682 sec/op
Iteration #13: 0.00000176078 sec/op
Iteration #14: 0.00000175987 sec/op
Consumed blackhole value: 1561606444
  Success:   ~ 0.00000175341 sec/op ±0.33%

… com.rafambn.kflate.benchmark.CompressionBenchmarks.rawDeflateDecompressionFromKompress | corpus=text, level=3
Warm-up #0: 0.0113533 sec/op
Warm-up #1: 0.0113435 sec/op
Warm-up #2: 0.0114186 sec/op
Warm-up #3: 0.0113375 sec/op
Warm-up #4: 0.0113476 sec/op
Warm-up #5: 0.0113347 sec/op
Warm-up #6: 0.0114070 sec/op
Warm-up #7: 0.0113425 sec/op
Iteration #0: 0.0113414 sec/op
Iteration #1: 0.0113196 sec/op
Iteration #2: 0.0127523 sec/op
Iteration #3: 0.0112650 sec/op
Iteration #4: 0.0112999 sec/op
Iteration #5: 0.0114429 sec/op
Iteration #6: 0.0113699 sec/op
Iteration #7: 0.0114056 sec/op
Iteration #8: 0.0114311 sec/op
Iteration #9: 0.0113258 sec/op
Iteration #10: 0.0115158 sec/op
Iteration #11: 0.0113549 sec/op
Iteration #12: 0.0113606 sec/op
Iteration #13: 0.0114645 sec/op
Iteration #14: 0.0113630 sec/op
Consumed blackhole value: -172006774
  Success:   ~ 0.0114675 sec/op ±1.6%

… com.rafambn.kflate.benchmark.CompressionBenchmarks.rawDeflateDecompressionFromKompress | corpus=model3D, level=3
Warm-up #0: 0.0000297957 sec/op
Warm-up #1: 0.0000298691 sec/op
Warm-up #2: 0.0000297434 sec/op
Warm-up #3: 0.0000297448 sec/op
Warm-up #4: 0.0000297440 sec/op
Warm-up #5: 0.0000297717 sec/op
Warm-up #6: 0.0000297648 sec/op
Warm-up #7: 0.0000297241 sec/op
Iteration #0: 0.0000297331 sec/op
Iteration #1: 0.0000297470 sec/op
Iteration #2: 0.0000297347 sec/op
Iteration #3: 0.0000297849 sec/op
Iteration #4: 0.0000298887 sec/op
Iteration #5: 0.0000298274 sec/op
Iteration #6: 0.0000298511 sec/op
Iteration #7: 0.0000298105 sec/op
Iteration #8: 0.0000298116 sec/op
Iteration #9: 0.0000298725 sec/op
Iteration #10: 0.0000298756 sec/op
Iteration #11: 0.0000299677 sec/op
Iteration #12: 0.0000299351 sec/op
Iteration #13: 0.0000299354 sec/op
Iteration #14: 0.0000300218 sec/op
Consumed blackhole value: 1591927782
  Success:   ~ 0.0000298531 sec/op ±0.15%

… com.rafambn.kflate.benchmark.CompressionBenchmarks.rawDeflateDecompressionFromKompress | corpus=Rainier.bmp, level=3
Warm-up #0: 0.0525504 sec/op
Warm-up #1: 0.0531900 sec/op
Warm-up #2: 0.0523443 sec/op
Warm-up #3: 0.0525410 sec/op
Warm-up #4: 0.0538350 sec/op
Warm-up #5: 0.0523815 sec/op
Warm-up #6: 0.0525415 sec/op
Warm-up #7: 0.0543000 sec/op
Iteration #0: 0.0523141 sec/op
Iteration #1: 0.0525020 sec/op
Iteration #2: 0.0524512 sec/op
Iteration #3: 0.0538877 sec/op
Iteration #4: 0.0522376 sec/op
Iteration #5: 0.0525246 sec/op
Iteration #6: 0.0536756 sec/op
Iteration #7: 0.0522010 sec/op
Iteration #8: 0.0524326 sec/op
Iteration #9: 0.0536783 sec/op
Iteration #10: 0.0524253 sec/op
Iteration #11: 0.0522625 sec/op
Iteration #12: 0.0539130 sec/op
Iteration #13: 0.0523874 sec/op
Iteration #14: 0.0526655 sec/op
Consumed blackhole value: -1170636688
  Success:   ~ 0.0527706 sec/op ±0.62%

… com.rafambn.kflate.benchmark.CompressionBenchmarks.rawDeflateDecompressionFromKompress | corpus=Maltese.bmp, level=3
Warm-up #0: 0.132711 sec/op
Warm-up #1: 0.134216 sec/op
Warm-up #2: 0.131955 sec/op
Warm-up #3: 0.132598 sec/op
Warm-up #4: 0.131783 sec/op
Warm-up #5: 0.132320 sec/op
Warm-up #6: 0.138390 sec/op
Warm-up #7: 0.132082 sec/op
Iteration #0: 0.132638 sec/op
Iteration #1: 0.132246 sec/op
Iteration #2: 0.132586 sec/op
Iteration #3: 0.137851 sec/op
Iteration #4: 0.132011 sec/op
Iteration #5: 0.132724 sec/op
Iteration #6: 0.132020 sec/op
Iteration #7: 0.131965 sec/op
Iteration #8: 0.138239 sec/op
Iteration #9: 0.136495 sec/op
Iteration #10: 0.133507 sec/op
Iteration #11: 0.131928 sec/op
Iteration #12: 0.132428 sec/op
Iteration #13: 0.137594 sec/op
Iteration #14: 0.131626 sec/op
Consumed blackhole value: 1884311461
  Success:   ~ 0.133724 sec/op ±0.93%

… com.rafambn.kflate.benchmark.CompressionBenchmarks.rawDeflateDecompressionFromKompress | corpus=Sunrise.bmp, level=3
Warm-up #0: 0.509278 sec/op
Warm-up #1: 0.508575 sec/op
Warm-up #2: 0.509794 sec/op
Warm-up #3: 0.507896 sec/op
Warm-up #4: 0.528908 sec/op
Warm-up #5: 0.511114 sec/op
Warm-up #6: 0.509524 sec/op
Warm-up #7: 0.509390 sec/op
Iteration #0: 0.507100 sec/op
Iteration #1: 0.506839 sec/op
Iteration #2: 0.506665 sec/op
Iteration #3: 0.540169 sec/op
Iteration #4: 0.509445 sec/op
Iteration #5: 0.510213 sec/op
Iteration #6: 0.509611 sec/op
Iteration #7: 0.508083 sec/op
Iteration #8: 0.506752 sec/op
Iteration #9: 0.506358 sec/op
Iteration #10: 0.506867 sec/op
Iteration #11: 0.504094 sec/op
Iteration #12: 0.503983 sec/op
Iteration #13: 0.546753 sec/op
Iteration #14: 0.505232 sec/op
Consumed blackhole value: -119216268
  Success:   ~ 0.511878 sec/op ±1.3%

… com.rafambn.kflate.benchmark.CompressionBenchmarks.rawDeflateDecompressionFromKompress | corpus=compressed_MVT.pbf, level=3
Warm-up #0: 0.00157818 sec/op
Warm-up #1: 0.00157898 sec/op
Warm-up #2: 0.00158014 sec/op
Warm-up #3: 0.00158218 sec/op
Warm-up #4: 0.00159862 sec/op
Warm-up #5: 0.00157819 sec/op
Warm-up #6: 0.00157830 sec/op
Warm-up #7: 0.00157038 sec/op
Iteration #0: 0.00156983 sec/op
Iteration #1: 0.00157151 sec/op
Iteration #2: 0.00158505 sec/op
Iteration #3: 0.00157766 sec/op
Iteration #4: 0.00157080 sec/op
Iteration #5: 0.00158215 sec/op
Iteration #6: 0.00157293 sec/op
Iteration #7: 0.00157443 sec/op
Iteration #8: 0.00158505 sec/op
Iteration #9: 0.00159439 sec/op
Iteration #10: 0.00158323 sec/op
Iteration #11: 0.00159083 sec/op
Iteration #12: 0.00157363 sec/op
Iteration #13: 0.00157377 sec/op
Iteration #14: 0.00158597 sec/op
Consumed blackhole value: 677901080
  Success:   ~ 0.00157942 sec/op ±0.25%

… com.rafambn.kflate.benchmark.CompressionBenchmarks.rawDeflateDecompressionFromKompress | corpus=simpleText, level=4
Warm-up #0: 0.00000176035 sec/op
Warm-up #1: 0.00000178231 sec/op
Warm-up #2: 0.00000180486 sec/op
Warm-up #3: 0.00000176099 sec/op
Warm-up #4: 0.00000175532 sec/op
Warm-up #5: 0.00000175363 sec/op
Warm-up #6: 0.00000174497 sec/op
Warm-up #7: 0.00000176356 sec/op
Iteration #0: 0.00000175138 sec/op
Iteration #1: 0.00000174447 sec/op
Iteration #2: 0.00000173848 sec/op
Iteration #3: 0.00000173312 sec/op
Iteration #4: 0.00000172916 sec/op
Iteration #5: 0.00000174732 sec/op
Iteration #6: 0.00000174094 sec/op
Iteration #7: 0.00000173156 sec/op
Iteration #8: 0.00000172510 sec/op
Iteration #9: 0.00000172279 sec/op
Iteration #10: 0.00000172438 sec/op
Iteration #11: 0.00000174261 sec/op
Iteration #12: 0.00000173042 sec/op
Iteration #13: 0.00000173519 sec/op
Iteration #14: 0.00000172988 sec/op
Consumed blackhole value: -1592607733
  Success:   ~ 0.00000173512 sec/op ±0.26%

… com.rafambn.kflate.benchmark.CompressionBenchmarks.rawDeflateDecompressionFromKompress | corpus=text, level=4
Warm-up #0: 0.0110516 sec/op
Warm-up #1: 0.0110384 sec/op
Warm-up #2: 0.0111596 sec/op
Warm-up #3: 0.0109818 sec/op
Warm-up #4: 0.0110198 sec/op
Warm-up #5: 0.0110765 sec/op
Warm-up #6: 0.0110013 sec/op
Warm-up #7: 0.0109282 sec/op
Iteration #0: 0.0111036 sec/op
Iteration #1: 0.0110796 sec/op
Iteration #2: 0.0111638 sec/op
Iteration #3: 0.0110131 sec/op
Iteration #4: 0.0110525 sec/op
Iteration #5: 0.0111089 sec/op
Iteration #6: 0.0109804 sec/op
Iteration #7: 0.0110423 sec/op
Iteration #8: 0.0111113 sec/op
Iteration #9: 0.0110385 sec/op
Iteration #10: 0.0111180 sec/op
Iteration #11: 0.0109867 sec/op
Iteration #12: 0.0110270 sec/op
Iteration #13: 0.0110793 sec/op
Iteration #14: 0.0109843 sec/op
Consumed blackhole value: 1023547396
  Success:   ~ 0.0110593 sec/op ±0.25%

… com.rafambn.kflate.benchmark.CompressionBenchmarks.rawDeflateDecompressionFromKompress | corpus=model3D, level=4
Warm-up #0: 0.0000296413 sec/op
Warm-up #1: 0.0000297127 sec/op
Warm-up #2: 0.0000297201 sec/op
Warm-up #3: 0.0000299144 sec/op
Warm-up #4: 0.0000296939 sec/op
Warm-up #5: 0.0000297307 sec/op
Warm-up #6: 0.0000296791 sec/op
Warm-up #7: 0.0000297166 sec/op
Iteration #0: 0.0000296573 sec/op
Iteration #1: 0.0000295591 sec/op
Iteration #2: 0.0000296161 sec/op
Iteration #3: 0.0000296127 sec/op
Iteration #4: 0.0000297225 sec/op
Iteration #5: 0.0000296848 sec/op
Iteration #6: 0.0000297316 sec/op
Iteration #7: 0.0000297284 sec/op
Iteration #8: 0.0000297111 sec/op
Iteration #9: 0.0000295667 sec/op
Iteration #10: 0.0000295352 sec/op
Iteration #11: 0.0000296368 sec/op
Iteration #12: 0.0000296127 sec/op
Iteration #13: 0.0000295919 sec/op
Iteration #14: 0.0000296110 sec/op
Consumed blackhole value: 51079961
  Success:   ~ 0.0000296385 sec/op ±0.11%

… com.rafambn.kflate.benchmark.CompressionBenchmarks.rawDeflateDecompressionFromKompress | corpus=Rainier.bmp, level=4
Warm-up #0: 0.0520919 sec/op
Warm-up #1: 0.0546284 sec/op
Warm-up #2: 0.0520492 sec/op
Warm-up #3: 0.0517816 sec/op
Warm-up #4: 0.0530731 sec/op
Warm-up #5: 0.0519726 sec/op
Warm-up #6: 0.0521423 sec/op
Warm-up #7: 0.0528386 sec/op
Iteration #0: 0.0518202 sec/op
Iteration #1: 0.0516297 sec/op
Iteration #2: 0.0528109 sec/op
Iteration #3: 0.0514700 sec/op
Iteration #4: 0.0519570 sec/op
Iteration #5: 0.0533262 sec/op
Iteration #6: 0.0516734 sec/op
Iteration #7: 0.0517030 sec/op
Iteration #8: 0.0529314 sec/op
Iteration #9: 0.0518254 sec/op
Iteration #10: 0.0517677 sec/op
Iteration #11: 0.0532930 sec/op
Iteration #12: 0.0519838 sec/op
Iteration #13: 0.0532606 sec/op
Iteration #14: 0.0515936 sec/op
Consumed blackhole value: 1523384165
  Success:   ~ 0.0522031 sec/op ±0.68%

… com.rafambn.kflate.benchmark.CompressionBenchmarks.rawDeflateDecompressionFromKompress | corpus=Maltese.bmp, level=4
Warm-up #0: 0.129823 sec/op
Warm-up #1: 0.128064 sec/op
Warm-up #2: 0.127559 sec/op
Warm-up #3: 0.127389 sec/op
Warm-up #4: 0.132889 sec/op
Warm-up #5: 0.127445 sec/op
Warm-up #6: 0.128239 sec/op
Warm-up #7: 0.127952 sec/op
Iteration #0: 0.128189 sec/op
Iteration #1: 0.133307 sec/op
Iteration #2: 0.127909 sec/op
Iteration #3: 0.128315 sec/op
Iteration #4: 0.127616 sec/op
Iteration #5: 0.127988 sec/op
Iteration #6: 0.133367 sec/op
Iteration #7: 0.127137 sec/op
Iteration #8: 0.128031 sec/op
Iteration #9: 0.127556 sec/op
Iteration #10: 0.127546 sec/op
Iteration #11: 0.132595 sec/op
Iteration #12: 0.127691 sec/op
Iteration #13: 0.127860 sec/op
Iteration #14: 0.127358 sec/op
Consumed blackhole value: -1411852798
  Success:   ~ 0.128831 sec/op ±0.88%

… com.rafambn.kflate.benchmark.CompressionBenchmarks.rawDeflateDecompressionFromKompress | corpus=Sunrise.bmp, level=4
Warm-up #0: 0.503386 sec/op
Warm-up #1: 0.502724 sec/op
Warm-up #2: 0.501003 sec/op
Warm-up #3: 0.499211 sec/op
Warm-up #4: 0.500139 sec/op
Warm-up #5: 0.523009 sec/op
Warm-up #6: 0.501419 sec/op
Warm-up #7: 0.503111 sec/op
Iteration #0: 0.503164 sec/op
Iteration #1: 0.501886 sec/op
Iteration #2: 0.500954 sec/op
Iteration #3: 0.501659 sec/op
Iteration #4: 0.500439 sec/op
Iteration #5: 0.499198 sec/op
Iteration #6: 0.497916 sec/op
Iteration #7: 0.541643 sec/op
Iteration #8: 0.498902 sec/op
Iteration #9: 0.501168 sec/op
Iteration #10: 0.502743 sec/op
Iteration #11: 0.501805 sec/op
Iteration #12: 0.502019 sec/op
Iteration #13: 0.501351 sec/op
Iteration #14: 0.500036 sec/op
Consumed blackhole value: -1414841486
  Success:   ~ 0.503659 sec/op ±1.1%

… com.rafambn.kflate.benchmark.CompressionBenchmarks.rawDeflateDecompressionFromKompress | corpus=compressed_MVT.pbf, level=4
Warm-up #0: 0.00156871 sec/op
Warm-up #1: 0.00156360 sec/op
Warm-up #2: 0.00157332 sec/op
Warm-up #3: 0.00156545 sec/op
Warm-up #4: 0.00156622 sec/op
Warm-up #5: 0.00157276 sec/op
Warm-up #6: 0.00157705 sec/op
Warm-up #7: 0.00156666 sec/op
Iteration #0: 0.00156961 sec/op
Iteration #1: 0.00157635 sec/op
Iteration #2: 0.00156531 sec/op
Iteration #3: 0.00156794 sec/op
Iteration #4: 0.00157804 sec/op
Iteration #5: 0.00157624 sec/op
Iteration #6: 0.00157714 sec/op
Iteration #7: 0.00157061 sec/op
Iteration #8: 0.00157556 sec/op
Iteration #9: 0.00156538 sec/op
Iteration #10: 0.00156761 sec/op
Iteration #11: 0.00158041 sec/op
Iteration #12: 0.00156562 sec/op
Iteration #13: 0.00157141 sec/op
Iteration #14: 0.00157112 sec/op
Consumed blackhole value: 1021884203
  Success:   ~ 0.00157189 sec/op ±0.16%

… com.rafambn.kflate.benchmark.CompressionBenchmarks.rawDeflateDecompressionFromKompress | corpus=simpleText, level=5
Warm-up #0: 0.00000177233 sec/op
Warm-up #1: 0.00000176078 sec/op
Warm-up #2: 0.00000175498 sec/op
Warm-up #3: 0.00000175064 sec/op
Warm-up #4: 0.00000175729 sec/op
Warm-up #5: 0.00000175009 sec/op
Warm-up #6: 0.00000174458 sec/op
Warm-up #7: 0.00000174281 sec/op
Iteration #0: 0.00000174247 sec/op
Iteration #1: 0.00000175163 sec/op
Iteration #2: 0.00000173867 sec/op
Iteration #3: 0.00000173717 sec/op
Iteration #4: 0.00000173891 sec/op
Iteration #5: 0.00000173863 sec/op
Iteration #6: 0.00000173586 sec/op
Iteration #7: 0.00000174600 sec/op
Iteration #8: 0.00000175931 sec/op
Iteration #9: 0.00000175824 sec/op
Iteration #10: 0.00000174536 sec/op
Iteration #11: 0.00000174040 sec/op
Iteration #12: 0.00000174971 sec/op
Iteration #13: 0.00000174488 sec/op
Iteration #14: 0.00000174547 sec/op
Consumed blackhole value: -1546165049
  Success:   ~ 0.00000174485 sec/op ±0.21%

… com.rafambn.kflate.benchmark.CompressionBenchmarks.rawDeflateDecompressionFromKompress | corpus=text, level=5
Warm-up #0: 0.0109973 sec/op
Warm-up #1: 0.0110107 sec/op
Warm-up #2: 0.0109784 sec/op
Warm-up #3: 0.0109268 sec/op
Warm-up #4: 0.0123283 sec/op
Warm-up #5: 0.0113326 sec/op
Warm-up #6: 0.0111284 sec/op
Warm-up #7: 0.0109423 sec/op
Iteration #0: 0.0109230 sec/op
Iteration #1: 0.0111354 sec/op
Iteration #2: 0.0109480 sec/op
Iteration #3: 0.0109512 sec/op
Iteration #4: 0.0110981 sec/op
Iteration #5: 0.0109674 sec/op
Iteration #6: 0.0111057 sec/op
Iteration #7: 0.0110050 sec/op
Iteration #8: 0.0109985 sec/op
Iteration #9: 0.0111575 sec/op
Iteration #10: 0.0110026 sec/op
Iteration #11: 0.0110381 sec/op
Iteration #12: 0.0111508 sec/op
Iteration #13: 0.0110147 sec/op
Iteration #14: 0.0111139 sec/op
Consumed blackhole value: -934850372
  Success:   ~ 0.0110407 sec/op ±0.36%

… com.rafambn.kflate.benchmark.CompressionBenchmarks.rawDeflateDecompressionFromKompress | corpus=model3D, level=5
Warm-up #0: 0.0000298098 sec/op
Warm-up #1: 0.0000299378 sec/op
Warm-up #2: 0.0000297358 sec/op
Warm-up #3: 0.0000297374 sec/op
Warm-up #4: 0.0000297058 sec/op
Warm-up #5: 0.0000296523 sec/op
Warm-up #6: 0.0000296817 sec/op
Warm-up #7: 0.0000296059 sec/op
Iteration #0: 0.0000295625 sec/op
Iteration #1: 0.0000296167 sec/op
Iteration #2: 0.0000297278 sec/op
Iteration #3: 0.0000296026 sec/op
Iteration #4: 0.0000298574 sec/op
Iteration #5: 0.0000296861 sec/op
Iteration #6: 0.0000296593 sec/op
Iteration #7: 0.0000296474 sec/op
Iteration #8: 0.0000297027 sec/op
Iteration #9: 0.0000291570 sec/op
Iteration #10: 0.0000292340 sec/op
Iteration #11: 0.0000292758 sec/op
Iteration #12: 0.0000291861 sec/op
Iteration #13: 0.0000293068 sec/op
Iteration #14: 0.0000292202 sec/op
Consumed blackhole value: 554071779
  Success:   ~ 0.0000294962 sec/op ±0.41%

… com.rafambn.kflate.benchmark.CompressionBenchmarks.rawDeflateDecompressionFromKompress | corpus=Rainier.bmp, level=5
Warm-up #0: 0.0509629 sec/op
Warm-up #1: 0.0513129 sec/op
Warm-up #2: 0.0524487 sec/op
Warm-up #3: 0.0512640 sec/op
Warm-up #4: 0.0510719 sec/op
Warm-up #5: 0.0525045 sec/op
Warm-up #6: 0.0513086 sec/op
Warm-up #7: 0.0511910 sec/op
Iteration #0: 0.0524469 sec/op
Iteration #1: 0.0511712 sec/op
Iteration #2: 0.0512410 sec/op
Iteration #3: 0.0522556 sec/op
Iteration #4: 0.0511932 sec/op
Iteration #5: 0.0514670 sec/op
Iteration #6: 0.0525478 sec/op
Iteration #7: 0.0510679 sec/op
Iteration #8: 0.0512295 sec/op
Iteration #9: 0.0524885 sec/op
Iteration #10: 0.0511637 sec/op
Iteration #11: 0.0512761 sec/op
Iteration #12: 0.0531837 sec/op
Iteration #13: 0.0513924 sec/op
Iteration #14: 0.0512666 sec/op
Consumed blackhole value: 470168105
  Success:   ~ 0.0516927 sec/op ±0.67%

… com.rafambn.kflate.benchmark.CompressionBenchmarks.rawDeflateDecompressionFromKompress | corpus=Maltese.bmp, level=5
Warm-up #0: 0.126616 sec/op
Warm-up #1: 0.129133 sec/op
Warm-up #2: 0.126271 sec/op
Warm-up #3: 0.126433 sec/op
Warm-up #4: 0.126324 sec/op
Warm-up #5: 0.130661 sec/op
Warm-up #6: 0.126523 sec/op
Warm-up #7: 0.126843 sec/op
Iteration #0: 0.149800 sec/op
Iteration #1: 0.144169 sec/op
Iteration #2: 0.130531 sec/op
Iteration #3: 0.131219 sec/op
Iteration #4: 0.128017 sec/op
Iteration #5: 0.128632 sec/op
Iteration #6: 0.127681 sec/op
Iteration #7: 0.126951 sec/op
Iteration #8: 0.133840 sec/op
Iteration #9: 0.127202 sec/op
Iteration #10: 0.127848 sec/op
Iteration #11: 0.127279 sec/op
Iteration #12: 0.127270 sec/op
Iteration #13: 0.132602 sec/op
Iteration #14: 0.126792 sec/op
Consumed blackhole value: 426801674
  Success:   ~ 0.131322 sec/op ±2.6%

… com.rafambn.kflate.benchmark.CompressionBenchmarks.rawDeflateDecompressionFromKompress | corpus=Sunrise.bmp, level=5
Warm-up #0: 0.439242 sec/op
Warm-up #1: 0.475044 sec/op
Warm-up #2: 0.485417 sec/op
Warm-up #3: 0.455828 sec/op
Warm-up #4: 0.437642 sec/op
Warm-up #5: 0.437621 sec/op
Warm-up #6: 0.438079 sec/op
Warm-up #7: 0.439342 sec/op
Iteration #0: 0.439339 sec/op
Iteration #1: 0.464945 sec/op
Iteration #2: 0.442484 sec/op
Iteration #3: 0.455801 sec/op
Iteration #4: 0.442472 sec/op
Iteration #5: 0.440789 sec/op
Iteration #6: 0.442009 sec/op
Iteration #7: 0.464694 sec/op
Iteration #8: 0.441561 sec/op
Iteration #9: 0.444456 sec/op
Iteration #10: 0.442370 sec/op
Iteration #11: 0.444440 sec/op
Iteration #12: 0.440162 sec/op
Iteration #13: 0.438932 sec/op
Iteration #14: 0.468313 sec/op
Consumed blackhole value: 230049860
  Success:   ~ 0.447518 sec/op ±1.2%

… com.rafambn.kflate.benchmark.CompressionBenchmarks.rawDeflateDecompressionFromKompress | corpus=compressed_MVT.pbf, level=5
Warm-up #0: 0.00139741 sec/op
Warm-up #1: 0.00138943 sec/op
Warm-up #2: 0.00139711 sec/op
Warm-up #3: 0.00138432 sec/op
Warm-up #4: 0.00139493 sec/op
Warm-up #5: 0.00139867 sec/op
Warm-up #6: 0.00139230 sec/op
Warm-up #7: 0.00139915 sec/op
Iteration #0: 0.00138602 sec/op
Iteration #1: 0.00139748 sec/op
Iteration #2: 0.00138520 sec/op
Iteration #3: 0.00139536 sec/op
Iteration #4: 0.00139796 sec/op
Iteration #5: 0.00138444 sec/op
Iteration #6: 0.00139593 sec/op
Iteration #7: 0.00138551 sec/op
Iteration #8: 0.00139817 sec/op
Iteration #9: 0.00139782 sec/op
Iteration #10: 0.00138424 sec/op
Iteration #11: 0.00139681 sec/op
Iteration #12: 0.00138531 sec/op
Iteration #13: 0.00140117 sec/op
Iteration #14: 0.00139395 sec/op
Consumed blackhole value: -135065280
  Success:   ~ 0.00139236 sec/op ±0.23%

… com.rafambn.kflate.benchmark.CompressionBenchmarks.rawDeflateDecompressionFromKompress | corpus=simpleText, level=6
Warm-up #0: 0.00000173668 sec/op
Warm-up #1: 0.00000172607 sec/op
Warm-up #2: 0.00000172644 sec/op
Warm-up #3: 0.00000172589 sec/op
Warm-up #4: 0.00000171890 sec/op
Warm-up #5: 0.00000170947 sec/op
Warm-up #6: 0.00000170747 sec/op
Warm-up #7: 0.00000170797 sec/op
Iteration #0: 0.00000171234 sec/op
Iteration #1: 0.00000171977 sec/op
Iteration #2: 0.00000171971 sec/op
Iteration #3: 0.00000171116 sec/op
Iteration #4: 0.00000170686 sec/op
Iteration #5: 0.00000171829 sec/op
Iteration #6: 0.00000171432 sec/op
Iteration #7: 0.00000171245 sec/op
Iteration #8: 0.00000170822 sec/op
Iteration #9: 0.00000170718 sec/op
Iteration #10: 0.00000172841 sec/op
Iteration #11: 0.00000172360 sec/op
Iteration #12: 0.00000171734 sec/op
Iteration #13: 0.00000171091 sec/op
Iteration #14: 0.00000170569 sec/op
Consumed blackhole value: 862399112
  Success:   ~ 0.00000171442 sec/op ±0.20%

… com.rafambn.kflate.benchmark.CompressionBenchmarks.rawDeflateDecompressionFromKompress | corpus=text, level=6
Warm-up #0: 0.00954949 sec/op
Warm-up #1: 0.00954966 sec/op
Warm-up #2: 0.00955969 sec/op
Warm-up #3: 0.00954210 sec/op
Warm-up #4: 0.0101986 sec/op
Warm-up #5: 0.00951450 sec/op
Warm-up #6: 0.00950487 sec/op
Warm-up #7: 0.00971089 sec/op
Iteration #0: 0.00945672 sec/op
Iteration #1: 0.00962029 sec/op
Iteration #2: 0.00949616 sec/op
Iteration #3: 0.00959807 sec/op
Iteration #4: 0.00951476 sec/op
Iteration #5: 0.00952108 sec/op
Iteration #6: 0.00959634 sec/op
Iteration #7: 0.00951774 sec/op
Iteration #8: 0.00956379 sec/op
Iteration #9: 0.00950381 sec/op
Iteration #10: 0.00962010 sec/op
Iteration #11: 0.00955043 sec/op
Iteration #12: 0.00952558 sec/op
Iteration #13: 0.00962382 sec/op
Iteration #14: 0.00951408 sec/op
Consumed blackhole value: 292063296
  Success:   ~ 0.00954818 sec/op ±0.28%

… com.rafambn.kflate.benchmark.CompressionBenchmarks.rawDeflateDecompressionFromKompress | corpus=model3D, level=6
Warm-up #0: 0.0000262791 sec/op
Warm-up #1: 0.0000264471 sec/op
Warm-up #2: 0.0000265714 sec/op
Warm-up #3: 0.0000263276 sec/op
Warm-up #4: 0.0000262753 sec/op
Warm-up #5: 0.0000263613 sec/op
Warm-up #6: 0.0000262867 sec/op
Warm-up #7: 0.0000262695 sec/op
Iteration #0: 0.0000262545 sec/op
Iteration #1: 0.0000263188 sec/op
Iteration #2: 0.0000263046 sec/op
Iteration #3: 0.0000262739 sec/op
Iteration #4: 0.0000263171 sec/op
Iteration #5: 0.0000262778 sec/op
Iteration #6: 0.0000263089 sec/op
Iteration #7: 0.0000263341 sec/op
Iteration #8: 0.0000263074 sec/op
Iteration #9: 0.0000262523 sec/op
Iteration #10: 0.0000262872 sec/op
Iteration #11: 0.0000263332 sec/op
Iteration #12: 0.0000263202 sec/op
Iteration #13: 0.0000262882 sec/op
Iteration #14: 0.0000262623 sec/op
Consumed blackhole value: 548317140
  Success:   ~ 0.0000262960 sec/op ±0.053%

… com.rafambn.kflate.benchmark.CompressionBenchmarks.rawDeflateDecompressionFromKompress | corpus=Rainier.bmp, level=6
Warm-up #0: 0.0462224 sec/op
Warm-up #1: 0.0460582 sec/op
Warm-up #2: 0.0471877 sec/op
Warm-up #3: 0.0458639 sec/op
Warm-up #4: 0.0459776 sec/op
Warm-up #5: 0.0470687 sec/op
Warm-up #6: 0.0463475 sec/op
Warm-up #7: 0.0473508 sec/op
Iteration #0: 0.0460635 sec/op
Iteration #1: 0.0460759 sec/op
Iteration #2: 0.0471059 sec/op
Iteration #3: 0.0459775 sec/op
Iteration #4: 0.0460788 sec/op
Iteration #5: 0.0471855 sec/op
Iteration #6: 0.0460658 sec/op
Iteration #7: 0.0472252 sec/op
Iteration #8: 0.0459618 sec/op
Iteration #9: 0.0495937 sec/op
Iteration #10: 0.0475588 sec/op
Iteration #11: 0.0460861 sec/op
Iteration #12: 0.0472595 sec/op
Iteration #13: 0.0460371 sec/op
Iteration #14: 0.0460398 sec/op
Consumed blackhole value: -1315472912
  Success:   ~ 0.0466877 sec/op ±1.1%

… com.rafambn.kflate.benchmark.CompressionBenchmarks.rawDeflateDecompressionFromKompress | corpus=Maltese.bmp, level=6
Warm-up #0: 0.112901 sec/op
Warm-up #1: 0.114741 sec/op
Warm-up #2: 0.112777 sec/op
Warm-up #3: 0.112495 sec/op
Warm-up #4: 0.112225 sec/op
Warm-up #5: 0.118095 sec/op
Warm-up #6: 0.112998 sec/op
Warm-up #7: 0.112719 sec/op
Iteration #0: 0.112616 sec/op
Iteration #1: 0.112713 sec/op
Iteration #2: 0.117407 sec/op
Iteration #3: 0.113017 sec/op
Iteration #4: 0.112965 sec/op
Iteration #5: 0.112476 sec/op
Iteration #6: 0.117699 sec/op
Iteration #7: 0.113137 sec/op
Iteration #8: 0.112573 sec/op
Iteration #9: 0.112724 sec/op
Iteration #10: 0.112597 sec/op
Iteration #11: 0.117493 sec/op
Iteration #12: 0.112913 sec/op
Iteration #13: 0.112724 sec/op
Iteration #14: 0.112388 sec/op
Consumed blackhole value: -156066101
  Success:   ~ 0.113696 sec/op ±0.89%

… com.rafambn.kflate.benchmark.CompressionBenchmarks.rawDeflateDecompressionFromKompress | corpus=Sunrise.bmp, level=6
Warm-up #0: 0.441954 sec/op
Warm-up #1: 0.441040 sec/op
Warm-up #2: 0.439964 sec/op
Warm-up #3: 0.455874 sec/op
Warm-up #4: 0.441944 sec/op
Warm-up #5: 0.443563 sec/op
Warm-up #6: 0.442599 sec/op
Warm-up #7: 0.440120 sec/op
Iteration #0: 0.439759 sec/op
Iteration #1: 0.441872 sec/op
Iteration #2: 0.468282 sec/op
Iteration #3: 0.442161 sec/op
Iteration #4: 0.443641 sec/op
Iteration #5: 0.442451 sec/op
Iteration #6: 0.441114 sec/op
Iteration #7: 0.439529 sec/op
Iteration #8: 0.439169 sec/op
Iteration #9: 0.467503 sec/op
Iteration #10: 0.441922 sec/op
Iteration #11: 0.444585 sec/op
Iteration #12: 0.441427 sec/op
Iteration #13: 0.439062 sec/op
Iteration #14: 0.439696 sec/op
Consumed blackhole value: 2028541044
  Success:   ~ 0.444812 sec/op ±1.1%

… com.rafambn.kflate.benchmark.CompressionBenchmarks.rawDeflateDecompressionFromKompress | corpus=compressed_MVT.pbf, level=6
Warm-up #0: 0.00139436 sec/op
Warm-up #1: 0.00138781 sec/op
Warm-up #2: 0.00139716 sec/op
Warm-up #3: 0.00139100 sec/op
Warm-up #4: 0.00139378 sec/op
Warm-up #5: 0.00139896 sec/op
Warm-up #6: 0.00138844 sec/op
Warm-up #7: 0.00139722 sec/op
Iteration #0: 0.00138875 sec/op
Iteration #1: 0.00139490 sec/op
Iteration #2: 0.00138759 sec/op
Iteration #3: 0.00139491 sec/op
Iteration #4: 0.00139303 sec/op
Iteration #5: 0.00138541 sec/op
Iteration #6: 0.00139248 sec/op
Iteration #7: 0.00138808 sec/op
Iteration #8: 0.00139278 sec/op
Iteration #9: 0.00138602 sec/op
Iteration #10: 0.00139372 sec/op
Iteration #11: 0.00139495 sec/op
Iteration #12: 0.00138817 sec/op
Iteration #13: 0.00139763 sec/op
Iteration #14: 0.00138473 sec/op
Consumed blackhole value: 1444447977
  Success:   ~ 0.00139088 sec/op ±0.15%

… com.rafambn.kflate.benchmark.CompressionBenchmarks.rawDeflateDecompressionFromKompress | corpus=simpleText, level=7
Warm-up #0: 0.00000174083 sec/op
Warm-up #1: 0.00000173668 sec/op
Warm-up #2: 0.00000172541 sec/op
Warm-up #3: 0.00000172393 sec/op
Warm-up #4: 0.00000184442 sec/op
Warm-up #5: 0.00000176823 sec/op
Warm-up #6: 0.00000183605 sec/op
Warm-up #7: 0.00000181604 sec/op
Iteration #0: 0.00000184705 sec/op
Iteration #1: 0.00000178545 sec/op
Iteration #2: 0.00000177752 sec/op
Iteration #3: 0.00000177928 sec/op
Iteration #4: 0.00000178573 sec/op
Iteration #5: 0.00000177639 sec/op
Iteration #6: 0.00000177805 sec/op
Iteration #7: 0.00000176903 sec/op
Iteration #8: 0.00000179627 sec/op
Iteration #9: 0.00000185239 sec/op
Iteration #10: 0.00000196536 sec/op
Iteration #11: 0.00000173360 sec/op
Iteration #12: 0.00000172130 sec/op
Iteration #13: 0.00000174510 sec/op
Iteration #14: 0.00000173203 sec/op
Consumed blackhole value: -1143020349
  Success:   ~ 0.00000178964 sec/op ±1.7%

… com.rafambn.kflate.benchmark.CompressionBenchmarks.rawDeflateDecompressionFromKompress | corpus=text, level=7
Warm-up #0: 0.00954190 sec/op
Warm-up #1: 0.00970418 sec/op
Warm-up #2: 0.00954754 sec/op
Warm-up #3: 0.00958655 sec/op
Warm-up #4: 0.00965605 sec/op
Warm-up #5: 0.00961999 sec/op
Warm-up #6: 0.00964639 sec/op
Warm-up #7: 0.00972266 sec/op
Iteration #0: 0.00957880 sec/op
Iteration #1: 0.00967397 sec/op
Iteration #2: 0.00959099 sec/op
Iteration #3: 0.00955848 sec/op
Iteration #4: 0.00974234 sec/op
Iteration #5: 0.00955450 sec/op
Iteration #6: 0.00969873 sec/op
Iteration #7: 0.00954968 sec/op
Iteration #8: 0.00955964 sec/op
Iteration #9: 0.00972886 sec/op
Iteration #10: 0.00957180 sec/op
Iteration #11: 0.00964234 sec/op
Iteration #12: 0.00970124 sec/op
Iteration #13: 0.00962346 sec/op
Iteration #14: 0.00967904 sec/op
Consumed blackhole value: -2074978348
  Success:   ~ 0.00963026 sec/op ±0.36%

… com.rafambn.kflate.benchmark.CompressionBenchmarks.rawDeflateDecompressionFromKompress | corpus=model3D, level=7
Warm-up #0: 0.0000263811 sec/op
Warm-up #1: 0.0000264076 sec/op
Warm-up #2: 0.0000264255 sec/op
Warm-up #3: 0.0000264036 sec/op
Warm-up #4: 0.0000264154 sec/op
Warm-up #5: 0.0000264064 sec/op
Warm-up #6: 0.0000264410 sec/op
Warm-up #7: 0.0000265127 sec/op
Iteration #0: 0.0000264515 sec/op
Iteration #1: 0.0000264630 sec/op
Iteration #2: 0.0000264245 sec/op
Iteration #3: 0.0000264518 sec/op
Iteration #4: 0.0000264508 sec/op
Iteration #5: 0.0000264362 sec/op
Iteration #6: 0.0000265035 sec/op
Iteration #7: 0.0000264675 sec/op
Iteration #8: 0.0000264668 sec/op
Iteration #9: 0.0000266612 sec/op
Iteration #10: 0.0000263868 sec/op
Iteration #11: 0.0000263984 sec/op
Iteration #12: 0.0000264670 sec/op
Iteration #13: 0.0000263706 sec/op
Iteration #14: 0.0000263961 sec/op
Consumed blackhole value: 311391253
  Success:   ~ 0.0000264530 sec/op ±0.13%

… com.rafambn.kflate.benchmark.CompressionBenchmarks.rawDeflateDecompressionFromKompress | corpus=Rainier.bmp, level=7
Warm-up #0: 0.0461272 sec/op
Warm-up #1: 0.0462210 sec/op
Warm-up #2: 0.0472805 sec/op
Warm-up #3: 0.0462515 sec/op
Warm-up #4: 0.0473059 sec/op
Warm-up #5: 0.0462915 sec/op
Warm-up #6: 0.0463518 sec/op
Warm-up #7: 0.0473531 sec/op
Iteration #0: 0.0463454 sec/op
Iteration #1: 0.0473659 sec/op
Iteration #2: 0.0461169 sec/op
Iteration #3: 0.0462141 sec/op
Iteration #4: 0.0473141 sec/op
Iteration #5: 0.0460787 sec/op
Iteration #6: 0.0462138 sec/op
Iteration #7: 0.0470320 sec/op
Iteration #8: 0.0463165 sec/op
Iteration #9: 0.0473171 sec/op
Iteration #10: 0.0460927 sec/op
Iteration #11: 0.0464158 sec/op
Iteration #12: 0.0470356 sec/op
Iteration #13: 0.0461285 sec/op
Iteration #14: 0.0472755 sec/op
Consumed blackhole value: 1604149913
  Success:   ~ 0.0466175 sec/op ±0.57%

… com.rafambn.kflate.benchmark.CompressionBenchmarks.rawDeflateDecompressionFromKompress | corpus=Maltese.bmp, level=7
Warm-up #0: 0.113770 sec/op
Warm-up #1: 0.113048 sec/op
Warm-up #2: 0.112644 sec/op
Warm-up #3: 0.113150 sec/op
Warm-up #4: 0.112781 sec/op
Warm-up #5: 0.117650 sec/op
Warm-up #6: 0.112996 sec/op
Warm-up #7: 0.113016 sec/op
Iteration #0: 0.112839 sec/op
Iteration #1: 0.117681 sec/op
Iteration #2: 0.112985 sec/op
Iteration #3: 0.112883 sec/op
Iteration #4: 0.112722 sec/op
Iteration #5: 0.113742 sec/op
Iteration #6: 0.117901 sec/op
Iteration #7: 0.113468 sec/op
Iteration #8: 0.113221 sec/op
Iteration #9: 0.112957 sec/op
Iteration #10: 0.117670 sec/op
Iteration #11: 0.113015 sec/op
Iteration #12: 0.113243 sec/op
Iteration #13: 0.112803 sec/op
Iteration #14: 0.112993 sec/op
Consumed blackhole value: -2037804271
  Success:   ~ 0.114008 sec/op ±0.87%

… com.rafambn.kflate.benchmark.CompressionBenchmarks.rawDeflateDecompressionFromKompress | corpus=Sunrise.bmp, level=7
Warm-up #0: 0.444190 sec/op
Warm-up #1: 0.442709 sec/op
Warm-up #2: 0.441380 sec/op
Warm-up #3: 0.450625 sec/op
Warm-up #4: 0.446874 sec/op
Warm-up #5: 0.442744 sec/op
Warm-up #6: 0.441215 sec/op
Warm-up #7: 0.441653 sec/op
Iteration #0: 0.440782 sec/op
Iteration #1: 0.440592 sec/op
Iteration #2: 0.439962 sec/op
Iteration #3: 0.470377 sec/op
Iteration #4: 0.443989 sec/op
Iteration #5: 0.451535 sec/op
Iteration #6: 0.443391 sec/op
Iteration #7: 0.443116 sec/op
Iteration #8: 0.442421 sec/op
Iteration #9: 0.459250 sec/op
Iteration #10: 0.444812 sec/op
Iteration #11: 0.445473 sec/op
Iteration #12: 0.440579 sec/op
Iteration #13: 0.440589 sec/op
Iteration #14: 0.439924 sec/op
Consumed blackhole value: 122985874
  Success:   ~ 0.445786 sec/op ±0.97%

… com.rafambn.kflate.benchmark.CompressionBenchmarks.rawDeflateDecompressionFromKompress | corpus=compressed_MVT.pbf, level=7
Warm-up #0: 0.00140159 sec/op
Warm-up #1: 0.00139258 sec/op
Warm-up #2: 0.00140156 sec/op
Warm-up #3: 0.00139474 sec/op
Warm-up #4: 0.00140165 sec/op
Warm-up #5: 0.00139284 sec/op
Warm-up #6: 0.00140143 sec/op
Warm-up #7: 0.00140149 sec/op
Iteration #0: 0.00139279 sec/op
Iteration #1: 0.00140503 sec/op
Iteration #2: 0.00139170 sec/op
Iteration #3: 0.00140071 sec/op
Iteration #4: 0.00139285 sec/op
Iteration #5: 0.00140017 sec/op
Iteration #6: 0.00139234 sec/op
Iteration #7: 0.00139996 sec/op
Iteration #8: 0.00140220 sec/op
Iteration #9: 0.00139288 sec/op
Iteration #10: 0.00139950 sec/op
Iteration #11: 0.00139433 sec/op
Iteration #12: 0.00140087 sec/op
Iteration #13: 0.00139463 sec/op
Iteration #14: 0.00140379 sec/op
Consumed blackhole value: 1788646365
  Success:   ~ 0.00139758 sec/op ±0.17%

… com.rafambn.kflate.benchmark.CompressionBenchmarks.rawDeflateDecompressionFromKompress | corpus=simpleText, level=8
Warm-up #0: 0.00000173380 sec/op
Warm-up #1: 0.00000172354 sec/op
Warm-up #2: 0.00000172288 sec/op
Warm-up #3: 0.00000171837 sec/op
Warm-up #4: 0.00000170939 sec/op
Warm-up #5: 0.00000170468 sec/op
Warm-up #6: 0.00000170002 sec/op
Warm-up #7: 0.00000169931 sec/op
Iteration #0: 0.00000169910 sec/op
Iteration #1: 0.00000169947 sec/op
Iteration #2: 0.00000170133 sec/op
Iteration #3: 0.00000170234 sec/op
Iteration #4: 0.00000171296 sec/op
Iteration #5: 0.00000170571 sec/op
Iteration #6: 0.00000170603 sec/op
Iteration #7: 0.00000169767 sec/op
Iteration #8: 0.00000170162 sec/op
Iteration #9: 0.00000170138 sec/op
Iteration #10: 0.00000170735 sec/op
Iteration #11: 0.00000169923 sec/op
Iteration #12: 0.00000170174 sec/op
Iteration #13: 0.00000169290 sec/op
Iteration #14: 0.00000169651 sec/op
Consumed blackhole value: -193267786
  Success:   ~ 0.00000170169 sec/op ±0.14%

… com.rafambn.kflate.benchmark.CompressionBenchmarks.rawDeflateDecompressionFromKompress | corpus=text, level=8
Warm-up #0: 0.0106007 sec/op
Warm-up #1: 0.00946452 sec/op
Warm-up #2: 0.00959457 sec/op
Warm-up #3: 0.00946843 sec/op
Warm-up #4: 0.00952362 sec/op
Warm-up #5: 0.00960813 sec/op
Warm-up #6: 0.0106683 sec/op
Warm-up #7: 0.00968924 sec/op
Iteration #0: 0.00956639 sec/op
Iteration #1: 0.00964003 sec/op
Iteration #2: 0.00955720 sec/op
Iteration #3: 0.00963949 sec/op
Iteration #4: 0.00954530 sec/op
Iteration #5: 0.00954139 sec/op
Iteration #6: 0.00968926 sec/op
Iteration #7: 0.00953628 sec/op
Iteration #8: 0.00966149 sec/op
Iteration #9: 0.00958316 sec/op
Iteration #10: 0.00967174 sec/op
Iteration #11: 0.00958107 sec/op
Iteration #12: 0.00958542 sec/op
Iteration #13: 0.00966398 sec/op
Iteration #14: 0.00957556 sec/op
Consumed blackhole value: 1769932185
  Success:   ~ 0.00960252 sec/op ±0.28%

… com.rafambn.kflate.benchmark.CompressionBenchmarks.rawDeflateDecompressionFromKompress | corpus=model3D, level=8
Warm-up #0: 0.0000264197 sec/op
Warm-up #1: 0.0000263983 sec/op
Warm-up #2: 0.0000263631 sec/op
Warm-up #3: 0.0000263799 sec/op
Warm-up #4: 0.0000264029 sec/op
Warm-up #5: 0.0000264106 sec/op
Warm-up #6: 0.0000263815 sec/op
Warm-up #7: 0.0000263989 sec/op
Iteration #0: 0.0000264214 sec/op
Iteration #1: 0.0000264067 sec/op
Iteration #2: 0.0000264179 sec/op
Iteration #3: 0.0000264072 sec/op
Iteration #4: 0.0000263695 sec/op
Iteration #5: 0.0000263418 sec/op
Iteration #6: 0.0000264215 sec/op
Iteration #7: 0.0000264443 sec/op
Iteration #8: 0.0000263976 sec/op
Iteration #9: 0.0000264200 sec/op
Iteration #10: 0.0000264610 sec/op
Iteration #11: 0.0000264083 sec/op
Iteration #12: 0.0000264377 sec/op
Iteration #13: 0.0000264005 sec/op
Iteration #14: 0.0000264200 sec/op
Consumed blackhole value: 1633011018
  Success:   ~ 0.0000264117 sec/op ±0.055%

… com.rafambn.kflate.benchmark.CompressionBenchmarks.rawDeflateDecompressionFromKompress | corpus=Rainier.bmp, level=8
Warm-up #0: 0.0462553 sec/op
Warm-up #1: 0.0462973 sec/op
Warm-up #2: 0.0472491 sec/op
Warm-up #3: 0.0461783 sec/op
Warm-up #4: 0.0472198 sec/op
Warm-up #5: 0.0463960 sec/op
Warm-up #6: 0.0461714 sec/op
Warm-up #7: 0.0472832 sec/op
Iteration #0: 0.0461201 sec/op
Iteration #1: 0.0472002 sec/op
Iteration #2: 0.0460996 sec/op
Iteration #3: 0.0462677 sec/op
Iteration #4: 0.0471913 sec/op
Iteration #5: 0.0460405 sec/op
Iteration #6: 0.0463268 sec/op
Iteration #7: 0.0471075 sec/op
Iteration #8: 0.0463700 sec/op
Iteration #9: 0.0470944 sec/op
Iteration #10: 0.0464197 sec/op
Iteration #11: 0.0461934 sec/op
Iteration #12: 0.0471728 sec/op
Iteration #13: 0.0462185 sec/op
Iteration #14: 0.0474276 sec/op
Consumed blackhole value: 883984415
  Success:   ~ 0.0466167 sec/op ±0.55%

… com.rafambn.kflate.benchmark.CompressionBenchmarks.rawDeflateDecompressionFromKompress | corpus=Maltese.bmp, level=8
Warm-up #0: 0.113867 sec/op
Warm-up #1: 0.112604 sec/op
Warm-up #2: 0.112374 sec/op
Warm-up #3: 0.112642 sec/op
Warm-up #4: 0.112623 sec/op
Warm-up #5: 0.117711 sec/op
Warm-up #6: 0.112976 sec/op
Warm-up #7: 0.113092 sec/op
Iteration #0: 0.113082 sec/op
Iteration #1: 0.117591 sec/op
Iteration #2: 0.113108 sec/op
Iteration #3: 0.112929 sec/op
Iteration #4: 0.112856 sec/op
Iteration #5: 0.112777 sec/op
Iteration #6: 0.117822 sec/op
Iteration #7: 0.113015 sec/op
Iteration #8: 0.112897 sec/op
Iteration #9: 0.112645 sec/op
Iteration #10: 0.117851 sec/op
Iteration #11: 0.113008 sec/op
Iteration #12: 0.113219 sec/op
Iteration #13: 0.112502 sec/op
Iteration #14: 0.112680 sec/op
Consumed blackhole value: -2019249459
  Success:   ~ 0.113866 sec/op ±0.90%

… com.rafambn.kflate.benchmark.CompressionBenchmarks.rawDeflateDecompressionFromKompress | corpus=Sunrise.bmp, level=8
Warm-up #0: 0.443101 sec/op
Warm-up #1: 0.442901 sec/op
Warm-up #2: 0.450884 sec/op
Warm-up #3: 0.443855 sec/op
Warm-up #4: 0.442335 sec/op
Warm-up #5: 0.440275 sec/op
Warm-up #6: 0.440315 sec/op
Warm-up #7: 0.460025 sec/op
Iteration #0: 0.442791 sec/op
Iteration #1: 0.444206 sec/op
Iteration #2: 0.441580 sec/op
Iteration #3: 0.441664 sec/op
Iteration #4: 0.499519 sec/op
Iteration #5: 0.444276 sec/op
Iteration #6: 0.442731 sec/op
Iteration #7: 0.440891 sec/op
Iteration #8: 0.439746 sec/op
Iteration #9: 0.439531 sec/op
Iteration #10: 0.441358 sec/op
Iteration #11: 0.469437 sec/op
Iteration #12: 0.444993 sec/op
Iteration #13: 0.451883 sec/op
Iteration #14: 0.440647 sec/op
Consumed blackhole value: 456750143
  Success:   ~ 0.448350 sec/op ±1.8%

… com.rafambn.kflate.benchmark.CompressionBenchmarks.rawDeflateDecompressionFromKompress | corpus=compressed_MVT.pbf, level=8
Warm-up #0: 0.00141197 sec/op
Warm-up #1: 0.00140307 sec/op
Warm-up #2: 0.00141255 sec/op
Warm-up #3: 0.00140526 sec/op
Warm-up #4: 0.00141654 sec/op
Warm-up #5: 0.00140299 sec/op
Warm-up #6: 0.00141203 sec/op
Warm-up #7: 0.00140405 sec/op
Iteration #0: 0.00141128 sec/op
Iteration #1: 0.00141358 sec/op
Iteration #2: 0.00140187 sec/op
Iteration #3: 0.00142618 sec/op
Iteration #4: 0.00141292 sec/op
Iteration #5: 0.00141274 sec/op
Iteration #6: 0.00140214 sec/op
Iteration #7: 0.00141123 sec/op
Iteration #8: 0.00140078 sec/op
Iteration #9: 0.00141363 sec/op
Iteration #10: 0.00139928 sec/op
Iteration #11: 0.00141165 sec/op
Iteration #12: 0.00141127 sec/op
Iteration #13: 0.00140095 sec/op
Iteration #14: 0.00141119 sec/op
Consumed blackhole value: -1271360210
  Success:   ~ 0.00140938 sec/op ±0.26%

… com.rafambn.kflate.benchmark.CompressionBenchmarks.rawDeflateDecompressionFromKompress | corpus=simpleText, level=9
Warm-up #0: 0.00000174191 sec/op
Warm-up #1: 0.00000172996 sec/op
Warm-up #2: 0.00000181745 sec/op
Warm-up #3: 0.00000176096 sec/op
Warm-up #4: 0.00000174987 sec/op
Warm-up #5: 0.00000177389 sec/op
Warm-up #6: 0.00000190548 sec/op
Warm-up #7: 0.00000197224 sec/op
Iteration #0: 0.00000181179 sec/op
Iteration #1: 0.00000185960 sec/op
Iteration #2: 0.00000174620 sec/op
Iteration #3: 0.00000172397 sec/op
Iteration #4: 0.00000177400 sec/op
Iteration #5: 0.00000173136 sec/op
Iteration #6: 0.00000173318 sec/op
Iteration #7: 0.00000172625 sec/op
Iteration #8: 0.00000172514 sec/op
Iteration #9: 0.00000171291 sec/op
Iteration #10: 0.00000170475 sec/op
Iteration #11: 0.00000170076 sec/op
Iteration #12: 0.00000170335 sec/op
Iteration #13: 0.00000169809 sec/op
Iteration #14: 0.00000169826 sec/op
Consumed blackhole value: -726388669
  Success:   ~ 0.00000173664 sec/op ±1.3%

… com.rafambn.kflate.benchmark.CompressionBenchmarks.rawDeflateDecompressionFromKompress | corpus=text, level=9
Warm-up #0: 0.00958262 sec/op
Warm-up #1: 0.00959964 sec/op
Warm-up #2: 0.00958910 sec/op
Warm-up #3: 0.00958275 sec/op
Warm-up #4: 0.00957598 sec/op
Warm-up #5: 0.00963637 sec/op
Warm-up #6: 0.00960687 sec/op
Warm-up #7: 0.00959344 sec/op
Iteration #0: 0.00957057 sec/op
Iteration #1: 0.0104672 sec/op
Iteration #2: 0.00951292 sec/op
Iteration #3: 0.00964088 sec/op
Iteration #4: 0.00956635 sec/op
Iteration #5: 0.00967345 sec/op
Iteration #6: 0.00957858 sec/op
Iteration #7: 0.00958463 sec/op
Iteration #8: 0.00969238 sec/op
Iteration #9: 0.00958676 sec/op
Iteration #10: 0.00963370 sec/op
Iteration #11: 0.00961457 sec/op
Iteration #12: 0.00968359 sec/op
Iteration #13: 0.00960936 sec/op
Iteration #14: 0.00959698 sec/op
Consumed blackhole value: -2143620934
  Success:   ~ 0.00966746 sec/op ±1.2%

… com.rafambn.kflate.benchmark.CompressionBenchmarks.rawDeflateDecompressionFromKompress | corpus=model3D, level=9
Warm-up #0: 0.0000264121 sec/op
Warm-up #1: 0.0000264412 sec/op
Warm-up #2: 0.0000264267 sec/op
Warm-up #3: 0.0000264152 sec/op
Warm-up #4: 0.0000264270 sec/op
Warm-up #5: 0.0000264569 sec/op
Warm-up #6: 0.0000264336 sec/op
Warm-up #7: 0.0000264442 sec/op
Iteration #0: 0.0000264244 sec/op
Iteration #1: 0.0000264359 sec/op
Iteration #2: 0.0000264047 sec/op
Iteration #3: 0.0000264223 sec/op
Iteration #4: 0.0000264313 sec/op
Iteration #5: 0.0000264355 sec/op
Iteration #6: 0.0000263882 sec/op
Iteration #7: 0.0000263720 sec/op
Iteration #8: 0.0000263870 sec/op
Iteration #9: 0.0000263965 sec/op
Iteration #10: 0.0000263926 sec/op
Iteration #11: 0.0000264016 sec/op
Iteration #12: 0.0000265999 sec/op
Iteration #13: 0.0000264207 sec/op
Iteration #14: 0.0000264679 sec/op
Consumed blackhole value: -172783649
  Success:   ~ 0.0000264254 sec/op ±0.10%

… com.rafambn.kflate.benchmark.CompressionBenchmarks.rawDeflateDecompressionFromKompress | corpus=Rainier.bmp, level=9
Warm-up #0: 0.0461130 sec/op
Warm-up #1: 0.0461910 sec/op
Warm-up #2: 0.0473252 sec/op
Warm-up #3: 0.0461145 sec/op
Warm-up #4: 0.0474033 sec/op
Warm-up #5: 0.0462493 sec/op
Warm-up #6: 0.0461664 sec/op
Warm-up #7: 0.0473492 sec/op
Iteration #0: 0.0460868 sec/op
Iteration #1: 0.0473181 sec/op
Iteration #2: 0.0470193 sec/op
Iteration #3: 0.0509121 sec/op
Iteration #4: 0.0471586 sec/op
Iteration #5: 0.0461727 sec/op
Iteration #6: 0.0462910 sec/op
Iteration #7: 0.0471954 sec/op
Iteration #8: 0.0463626 sec/op
Iteration #9: 0.0471540 sec/op
Iteration #10: 0.0461135 sec/op
Iteration #11: 0.0461341 sec/op
Iteration #12: 0.0472059 sec/op
Iteration #13: 0.0462294 sec/op
Iteration #14: 0.0472839 sec/op
Consumed blackhole value: -1684359267
  Success:   ~ 0.0469758 sec/op ±1.3%

… com.rafambn.kflate.benchmark.CompressionBenchmarks.rawDeflateDecompressionFromKompress | corpus=Maltese.bmp, level=9
Warm-up #0: 0.113205 sec/op
Warm-up #1: 0.112944 sec/op
Warm-up #2: 0.115935 sec/op
Warm-up #3: 0.113599 sec/op
Warm-up #4: 0.113073 sec/op
Warm-up #5: 0.112616 sec/op
Warm-up #6: 0.117463 sec/op
Warm-up #7: 0.113352 sec/op
Iteration #0: 0.113591 sec/op
Iteration #1: 0.113037 sec/op
Iteration #2: 0.112823 sec/op
Iteration #3: 0.117555 sec/op
Iteration #4: 0.113241 sec/op
Iteration #5: 0.113319 sec/op
Iteration #6: 0.113057 sec/op
Iteration #7: 0.118576 sec/op
Iteration #8: 0.113955 sec/op
Iteration #9: 0.113434 sec/op
Iteration #10: 0.113427 sec/op
Iteration #11: 0.118067 sec/op
Iteration #12: 0.113204 sec/op
Iteration #13: 0.113070 sec/op
Iteration #14: 0.112864 sec/op
Consumed blackhole value: -892266674
  Success:   ~ 0.114215 sec/op ±0.90%

… com.rafambn.kflate.benchmark.CompressionBenchmarks.rawDeflateDecompressionFromKompress | corpus=Sunrise.bmp, level=9
Warm-up #0: 0.441845 sec/op
Warm-up #1: 0.441488 sec/op
Warm-up #2: 0.440132 sec/op
Warm-up #3: 0.457625 sec/op
Warm-up #4: 0.442999 sec/op
Warm-up #5: 0.443703 sec/op
Warm-up #6: 0.442603 sec/op
Warm-up #7: 0.440449 sec/op
Iteration #0: 0.439690 sec/op
Iteration #1: 0.439491 sec/op
Iteration #2: 0.467173 sec/op
Iteration #3: 0.442806 sec/op
Iteration #4: 0.442679 sec/op
Iteration #5: 0.441513 sec/op
Iteration #6: 0.440160 sec/op
Iteration #7: 0.439825 sec/op
Iteration #8: 0.438988 sec/op
Iteration #9: 0.465566 sec/op
Iteration #10: 0.443148 sec/op
Iteration #11: 0.442013 sec/op
Iteration #12: 0.439714 sec/op
Iteration #13: 0.438767 sec/op
Iteration #14: 0.439749 sec/op
Consumed blackhole value: -1736922590
  Success:   ~ 0.444085 sec/op ±1.0%

… com.rafambn.kflate.benchmark.CompressionBenchmarks.rawDeflateDecompressionFromKompress | corpus=compressed_MVT.pbf, level=9
Warm-up #0: 0.00139862 sec/op
Warm-up #1: 0.00139079 sec/op
Warm-up #2: 0.00139921 sec/op
Warm-up #3: 0.00139314 sec/op
Warm-up #4: 0.00139952 sec/op
Warm-up #5: 0.00139209 sec/op
Warm-up #6: 0.00140779 sec/op
Warm-up #7: 0.00140713 sec/op
Iteration #0: 0.00139662 sec/op
Iteration #1: 0.00140207 sec/op
Iteration #2: 0.00139465 sec/op
Iteration #3: 0.00140259 sec/op
Iteration #4: 0.00139468 sec/op
Iteration #5: 0.00140169 sec/op
Iteration #6: 0.00139952 sec/op
Iteration #7: 0.00138905 sec/op
Iteration #8: 0.00140003 sec/op
Iteration #9: 0.00139421 sec/op
Iteration #10: 0.00140092 sec/op
Iteration #11: 0.00139121 sec/op
Iteration #12: 0.00139763 sec/op
Iteration #13: 0.00139794 sec/op
Iteration #14: 0.00139211 sec/op
Consumed blackhole value: -1340808091
  Success:   ~ 0.00139700 sec/op ±0.15%

wasmJsBenchmark summary:
Benchmark                                                            (corpus)  (level)  Mode  Cnt   Score   Error   Units
CompressionBenchmarks.rawDeflateCompression                        simpleText        0  avgt   15   0.000          sec/op
CompressionBenchmarks.rawDeflateCompression                              text        0  avgt   15   0.002          sec/op
CompressionBenchmarks.rawDeflateCompression                           model3D        0  avgt   15   0.000          sec/op
CompressionBenchmarks.rawDeflateCompression                       Rainier.bmp        0  avgt   15   0.009          sec/op
CompressionBenchmarks.rawDeflateCompression                       Maltese.bmp        0  avgt   15   0.025          sec/op
CompressionBenchmarks.rawDeflateCompression                       Sunrise.bmp        0  avgt   15   0.079 ± 0.001  sec/op
CompressionBenchmarks.rawDeflateCompression                compressed_MVT.pbf        0  avgt   15   0.000          sec/op
CompressionBenchmarks.rawDeflateCompression                        simpleText        1  avgt   15   0.000          sec/op
CompressionBenchmarks.rawDeflateCompression                              text        1  avgt   15   0.032          sec/op
CompressionBenchmarks.rawDeflateCompression                           model3D        1  avgt   15   0.000          sec/op
CompressionBenchmarks.rawDeflateCompression                       Rainier.bmp        1  avgt   15   0.110          sec/op
CompressionBenchmarks.rawDeflateCompression                       Maltese.bmp        1  avgt   15   0.398 ± 0.002  sec/op
CompressionBenchmarks.rawDeflateCompression                       Sunrise.bmp        1  avgt   15   1.198 ± 0.004  sec/op
CompressionBenchmarks.rawDeflateCompression                compressed_MVT.pbf        1  avgt   15   0.004          sec/op
CompressionBenchmarks.rawDeflateCompression                        simpleText        2  avgt   15   0.000          sec/op
CompressionBenchmarks.rawDeflateCompression                              text        2  avgt   15   0.036          sec/op
CompressionBenchmarks.rawDeflateCompression                           model3D        2  avgt   15   0.000          sec/op
CompressionBenchmarks.rawDeflateCompression                       Rainier.bmp        2  avgt   15   0.120          sec/op
CompressionBenchmarks.rawDeflateCompression                       Maltese.bmp        2  avgt   15   0.437 ± 0.003  sec/op
CompressionBenchmarks.rawDeflateCompression                       Sunrise.bmp        2  avgt   15   1.382 ± 0.007  sec/op
CompressionBenchmarks.rawDeflateCompression                compressed_MVT.pbf        2  avgt   15   0.004          sec/op
CompressionBenchmarks.rawDeflateCompression                        simpleText        3  avgt   15   0.000          sec/op
CompressionBenchmarks.rawDeflateCompression                              text        3  avgt   15   0.043          sec/op
CompressionBenchmarks.rawDeflateCompression                           model3D        3  avgt   15   0.000          sec/op
CompressionBenchmarks.rawDeflateCompression                       Rainier.bmp        3  avgt   15   0.123          sec/op
CompressionBenchmarks.rawDeflateCompression                       Maltese.bmp        3  avgt   15   0.474 ± 0.001  sec/op
CompressionBenchmarks.rawDeflateCompression                       Sunrise.bmp        3  avgt   15   1.474 ± 0.004  sec/op
CompressionBenchmarks.rawDeflateCompression                compressed_MVT.pbf        3  avgt   15   0.004          sec/op
CompressionBenchmarks.rawDeflateCompression                        simpleText        4  avgt   15   0.000          sec/op
CompressionBenchmarks.rawDeflateCompression                              text        4  avgt   15   0.043          sec/op
CompressionBenchmarks.rawDeflateCompression                           model3D        4  avgt   15   0.000          sec/op
CompressionBenchmarks.rawDeflateCompression                       Rainier.bmp        4  avgt   15   0.110          sec/op
CompressionBenchmarks.rawDeflateCompression                       Maltese.bmp        4  avgt   15   0.437 ± 0.001  sec/op
CompressionBenchmarks.rawDeflateCompression                       Sunrise.bmp        4  avgt   15   1.384 ± 0.006  sec/op
CompressionBenchmarks.rawDeflateCompression                compressed_MVT.pbf        4  avgt   15   0.004          sec/op
CompressionBenchmarks.rawDeflateCompression                        simpleText        5  avgt   15   0.000          sec/op
CompressionBenchmarks.rawDeflateCompression                              text        5  avgt   15   0.063          sec/op
CompressionBenchmarks.rawDeflateCompression                           model3D        5  avgt   15   0.000          sec/op
CompressionBenchmarks.rawDeflateCompression                       Rainier.bmp        5  avgt   15   0.117          sec/op
CompressionBenchmarks.rawDeflateCompression                       Maltese.bmp        5  avgt   15   0.541 ± 0.003  sec/op
CompressionBenchmarks.rawDeflateCompression                       Sunrise.bmp        5  avgt   15   1.653 ± 0.012  sec/op
CompressionBenchmarks.rawDeflateCompression                compressed_MVT.pbf        5  avgt   15   0.006          sec/op
CompressionBenchmarks.rawDeflateCompression                        simpleText        6  avgt   15   0.000          sec/op
CompressionBenchmarks.rawDeflateCompression                              text        6  avgt   15   0.088          sec/op
CompressionBenchmarks.rawDeflateCompression                           model3D        6  avgt   15   0.000          sec/op
CompressionBenchmarks.rawDeflateCompression                       Rainier.bmp        6  avgt   15   0.146 ± 0.001  sec/op
CompressionBenchmarks.rawDeflateCompression                       Maltese.bmp        6  avgt   15   0.628 ± 0.002  sec/op
CompressionBenchmarks.rawDeflateCompression                       Sunrise.bmp        6  avgt   15   1.779 ± 0.034  sec/op
CompressionBenchmarks.rawDeflateCompression                compressed_MVT.pbf        6  avgt   15   0.005          sec/op
CompressionBenchmarks.rawDeflateCompression                        simpleText        7  avgt   15   0.000          sec/op
CompressionBenchmarks.rawDeflateCompression                              text        7  avgt   15   0.089          sec/op
CompressionBenchmarks.rawDeflateCompression                           model3D        7  avgt   15   0.000          sec/op
CompressionBenchmarks.rawDeflateCompression                       Rainier.bmp        7  avgt   15   0.148 ± 0.001  sec/op
CompressionBenchmarks.rawDeflateCompression                       Maltese.bmp        7  avgt   15   0.630 ± 0.001  sec/op
CompressionBenchmarks.rawDeflateCompression                       Sunrise.bmp        7  avgt   15   2.270 ± 0.005  sec/op
CompressionBenchmarks.rawDeflateCompression                compressed_MVT.pbf        7  avgt   15   0.006          sec/op
CompressionBenchmarks.rawDeflateCompression                        simpleText        8  avgt   15   0.000          sec/op
CompressionBenchmarks.rawDeflateCompression                              text        8  avgt   15   0.090 ± 0.003  sec/op
CompressionBenchmarks.rawDeflateCompression                           model3D        8  avgt   15   0.000          sec/op
CompressionBenchmarks.rawDeflateCompression                       Rainier.bmp        8  avgt   15   0.168 ± 0.001  sec/op
CompressionBenchmarks.rawDeflateCompression                       Maltese.bmp        8  avgt   15   0.633 ± 0.002  sec/op
CompressionBenchmarks.rawDeflateCompression                       Sunrise.bmp        8  avgt   15   2.180 ± 0.006  sec/op
CompressionBenchmarks.rawDeflateCompression                compressed_MVT.pbf        8  avgt   15   0.005          sec/op
CompressionBenchmarks.rawDeflateCompression                        simpleText        9  avgt   15   0.000          sec/op
CompressionBenchmarks.rawDeflateCompression                              text        9  avgt   15   0.313 ± 0.002  sec/op
CompressionBenchmarks.rawDeflateCompression                           model3D        9  avgt   15   0.000          sec/op
CompressionBenchmarks.rawDeflateCompression                       Rainier.bmp        9  avgt   15   6.283 ± 0.052  sec/op
CompressionBenchmarks.rawDeflateCompression                       Maltese.bmp        9  avgt   15   2.205 ± 0.003  sec/op
CompressionBenchmarks.rawDeflateCompression                       Sunrise.bmp        9  avgt   15  19.771 ± 0.634  sec/op
CompressionBenchmarks.rawDeflateCompression                compressed_MVT.pbf        9  avgt   15   0.018          sec/op
CompressionBenchmarks.rawDeflateDecompressionFromKompress          simpleText        0  avgt   15   0.000          sec/op
CompressionBenchmarks.rawDeflateDecompressionFromKompress                text        0  avgt   15   0.002          sec/op
CompressionBenchmarks.rawDeflateDecompressionFromKompress             model3D        0  avgt   15   0.000          sec/op
CompressionBenchmarks.rawDeflateDecompressionFromKompress         Rainier.bmp        0  avgt   15   0.008          sec/op
CompressionBenchmarks.rawDeflateDecompressionFromKompress         Maltese.bmp        0  avgt   15   0.020          sec/op
CompressionBenchmarks.rawDeflateDecompressionFromKompress         Sunrise.bmp        0  avgt   15   0.074 ± 0.002  sec/op
CompressionBenchmarks.rawDeflateDecompressionFromKompress  compressed_MVT.pbf        0  avgt   15   0.000          sec/op
CompressionBenchmarks.rawDeflateDecompressionFromKompress          simpleText        1  avgt   15   0.000          sec/op
CompressionBenchmarks.rawDeflateDecompressionFromKompress                text        1  avgt   15   0.011          sec/op
CompressionBenchmarks.rawDeflateDecompressionFromKompress             model3D        1  avgt   15   0.000          sec/op
CompressionBenchmarks.rawDeflateDecompressionFromKompress         Rainier.bmp        1  avgt   15   0.049 ± 0.002  sec/op
CompressionBenchmarks.rawDeflateDecompressionFromKompress         Maltese.bmp        1  avgt   15   0.145 ± 0.005  sec/op
CompressionBenchmarks.rawDeflateDecompressionFromKompress         Sunrise.bmp        1  avgt   15   0.540 ± 0.005  sec/op
CompressionBenchmarks.rawDeflateDecompressionFromKompress  compressed_MVT.pbf        1  avgt   15   0.002          sec/op
CompressionBenchmarks.rawDeflateDecompressionFromKompress          simpleText        2  avgt   15   0.000          sec/op
CompressionBenchmarks.rawDeflateDecompressionFromKompress                text        2  avgt   15   0.012          sec/op
CompressionBenchmarks.rawDeflateDecompressionFromKompress             model3D        2  avgt   15   0.000          sec/op
CompressionBenchmarks.rawDeflateDecompressionFromKompress         Rainier.bmp        2  avgt   15   0.053          sec/op
CompressionBenchmarks.rawDeflateDecompressionFromKompress         Maltese.bmp        2  avgt   15   0.146 ± 0.001  sec/op
CompressionBenchmarks.rawDeflateDecompressionFromKompress         Sunrise.bmp        2  avgt   15   0.516 ± 0.006  sec/op
CompressionBenchmarks.rawDeflateDecompressionFromKompress  compressed_MVT.pbf        2  avgt   15   0.002          sec/op
CompressionBenchmarks.rawDeflateDecompressionFromKompress          simpleText        3  avgt   15   0.000          sec/op
CompressionBenchmarks.rawDeflateDecompressionFromKompress                text        3  avgt   15   0.011          sec/op
CompressionBenchmarks.rawDeflateDecompressionFromKompress             model3D        3  avgt   15   0.000          sec/op
CompressionBenchmarks.rawDeflateDecompressionFromKompress         Rainier.bmp        3  avgt   15   0.053          sec/op
CompressionBenchmarks.rawDeflateDecompressionFromKompress         Maltese.bmp        3  avgt   15   0.134 ± 0.001  sec/op
CompressionBenchmarks.rawDeflateDecompressionFromKompress         Sunrise.bmp        3  avgt   15   0.512 ± 0.007  sec/op
CompressionBenchmarks.rawDeflateDecompressionFromKompress  compressed_MVT.pbf        3  avgt   15   0.002          sec/op
CompressionBenchmarks.rawDeflateDecompressionFromKompress          simpleText        4  avgt   15   0.000          sec/op
CompressionBenchmarks.rawDeflateDecompressionFromKompress                text        4  avgt   15   0.011          sec/op
CompressionBenchmarks.rawDeflateDecompressionFromKompress             model3D        4  avgt   15   0.000          sec/op
CompressionBenchmarks.rawDeflateDecompressionFromKompress         Rainier.bmp        4  avgt   15   0.052          sec/op
CompressionBenchmarks.rawDeflateDecompressionFromKompress         Maltese.bmp        4  avgt   15   0.129 ± 0.001  sec/op
CompressionBenchmarks.rawDeflateDecompressionFromKompress         Sunrise.bmp        4  avgt   15   0.504 ± 0.005  sec/op
CompressionBenchmarks.rawDeflateDecompressionFromKompress  compressed_MVT.pbf        4  avgt   15   0.002          sec/op
CompressionBenchmarks.rawDeflateDecompressionFromKompress          simpleText        5  avgt   15   0.000          sec/op
CompressionBenchmarks.rawDeflateDecompressionFromKompress                text        5  avgt   15   0.011          sec/op
CompressionBenchmarks.rawDeflateDecompressionFromKompress             model3D        5  avgt   15   0.000          sec/op
CompressionBenchmarks.rawDeflateDecompressionFromKompress         Rainier.bmp        5  avgt   15   0.052          sec/op
CompressionBenchmarks.rawDeflateDecompressionFromKompress         Maltese.bmp        5  avgt   15   0.131 ± 0.003  sec/op
CompressionBenchmarks.rawDeflateDecompressionFromKompress         Sunrise.bmp        5  avgt   15   0.448 ± 0.005  sec/op
CompressionBenchmarks.rawDeflateDecompressionFromKompress  compressed_MVT.pbf        5  avgt   15   0.001          sec/op
CompressionBenchmarks.rawDeflateDecompressionFromKompress          simpleText        6  avgt   15   0.000          sec/op
CompressionBenchmarks.rawDeflateDecompressionFromKompress                text        6  avgt   15   0.010          sec/op
CompressionBenchmarks.rawDeflateDecompressionFromKompress             model3D        6  avgt   15   0.000          sec/op
CompressionBenchmarks.rawDeflateDecompressionFromKompress         Rainier.bmp        6  avgt   15   0.047 ± 0.001  sec/op
CompressionBenchmarks.rawDeflateDecompressionFromKompress         Maltese.bmp        6  avgt   15   0.114 ± 0.001  sec/op
CompressionBenchmarks.rawDeflateDecompressionFromKompress         Sunrise.bmp        6  avgt   15   0.445 ± 0.005  sec/op
CompressionBenchmarks.rawDeflateDecompressionFromKompress  compressed_MVT.pbf        6  avgt   15   0.001          sec/op
CompressionBenchmarks.rawDeflateDecompressionFromKompress          simpleText        7  avgt   15   0.000          sec/op
CompressionBenchmarks.rawDeflateDecompressionFromKompress                text        7  avgt   15   0.010          sec/op
CompressionBenchmarks.rawDeflateDecompressionFromKompress             model3D        7  avgt   15   0.000          sec/op
CompressionBenchmarks.rawDeflateDecompressionFromKompress         Rainier.bmp        7  avgt   15   0.047          sec/op
CompressionBenchmarks.rawDeflateDecompressionFromKompress         Maltese.bmp        7  avgt   15   0.114 ± 0.001  sec/op
CompressionBenchmarks.rawDeflateDecompressionFromKompress         Sunrise.bmp        7  avgt   15   0.446 ± 0.004  sec/op
CompressionBenchmarks.rawDeflateDecompressionFromKompress  compressed_MVT.pbf        7  avgt   15   0.001          sec/op
CompressionBenchmarks.rawDeflateDecompressionFromKompress          simpleText        8  avgt   15   0.000          sec/op
CompressionBenchmarks.rawDeflateDecompressionFromKompress                text        8  avgt   15   0.010          sec/op
CompressionBenchmarks.rawDeflateDecompressionFromKompress             model3D        8  avgt   15   0.000          sec/op
CompressionBenchmarks.rawDeflateDecompressionFromKompress         Rainier.bmp        8  avgt   15   0.047          sec/op
CompressionBenchmarks.rawDeflateDecompressionFromKompress         Maltese.bmp        8  avgt   15   0.114 ± 0.001  sec/op
CompressionBenchmarks.rawDeflateDecompressionFromKompress         Sunrise.bmp        8  avgt   15   0.448 ± 0.008  sec/op
CompressionBenchmarks.rawDeflateDecompressionFromKompress  compressed_MVT.pbf        8  avgt   15   0.001          sec/op
CompressionBenchmarks.rawDeflateDecompressionFromKompress          simpleText        9  avgt   15   0.000          sec/op
CompressionBenchmarks.rawDeflateDecompressionFromKompress                text        9  avgt   15   0.010          sec/op
CompressionBenchmarks.rawDeflateDecompressionFromKompress             model3D        9  avgt   15   0.000          sec/op
CompressionBenchmarks.rawDeflateDecompressionFromKompress         Rainier.bmp        9  avgt   15   0.047 ± 0.001  sec/op
CompressionBenchmarks.rawDeflateDecompressionFromKompress         Maltese.bmp        9  avgt   15   0.114 ± 0.001  sec/op
CompressionBenchmarks.rawDeflateDecompressionFromKompress         Sunrise.bmp        9  avgt   15   0.444 ± 0.005  sec/op
CompressionBenchmarks.rawDeflateDecompressionFromKompress  compressed_MVT.pbf        9  avgt   15   0.001          sec/op

Analysing benchmark results is not always trivial,
please refer to https://github.com/Kotlin/kotlinx-benchmark/tree/master?tab=readme-ov-file#analyzing-results for details.


BUILD SUCCESSFUL in 1h 12m 38s
31 actionable tasks: 3 executed, 28 up-to-date
Configuration cache entry stored.
