WARNING: A restricted method in java.lang.System has been called
WARNING: java.lang.System::load has been called by net.rubygrapefruit.platform.internal.NativeLibraryLoader in an unnamed module (file:/home/rafael/.gradle/wrapper/dists/gradle-9.5.0-bin/bvnork1r7n8i6kp5cnkibsc9q/gradle-9.5.0/lib/native-platform-0.22-milestone-29.jar)
WARNING: Use --enable-native-access=ALL-UNNAMED to avoid a warning for callers in this module
WARNING: Restricted methods will be blocked in a future release unless native access is enabled

Starting a Gradle Daemon (subsequent builds will be faster)
Calculating task graph as no cached configuration is available for tasks: :kflate:benchmarkAll
Configuration 'wasmJsBenchmarkNpmAggregated' was resolved during configuration time.
This is a build performance and scalability issue.
See https://github.com/gradle/gradle/issues/2298
Run with --info for a stacktrace.
Configuration 'wasmJsNpmAggregated' was resolved during configuration time.
This is a build performance and scalability issue.
See https://github.com/gradle/gradle/issues/2298
Run with --info for a stacktrace.
Configuration 'wasmJsTestNpmAggregated' was resolved during configuration time.
This is a build performance and scalability issue.
See https://github.com/gradle/gradle/issues/2298
Run with --info for a stacktrace.
Configuration 'wasmJsWasmJsBenchmarkBenchmarkNpmAggregated' was resolved during configuration time.
This is a build performance and scalability issue.
See https://github.com/gradle/gradle/issues/2298
Run with --info for a stacktrace.
> Task :kflate:prepareBenchmarkAll UP-TO-DATE
> Task :kflate:kmpPartiallyResolvedDependenciesChecker
> Task :kflate:checkKotlinGradlePluginConfigurationErrors SKIPPED
> Task :kflate:compileKotlinJvm
> Task :kflate:compileJvmMainJava NO-SOURCE
> Task :kflate:jvmProcessResources NO-SOURCE
> Task :kflate:processJvmMainResources SKIPPED
> Task :kflate:jvmMainClasses
> Task :kflate:jvmJar
> Task :kflate:compileBenchmarkKotlinJvm
> Task :kflate:compileJvmBenchmarkJava NO-SOURCE
> Task :kflate:jvmBenchmarkProcessResources NO-SOURCE
> Task :kflate:processJvmBenchmarkResources SKIPPED
> Task :kflate:jvmBenchmarkClasses

> Task :kflate:jvmBenchmarkBenchmarkGenerate
Analyzing 10 files from /mnt/Arquivos/MyProjects/KFlate-pr30/kflate/build/classes/kotlin/jvm/benchmark
Analyzing 0 files from /mnt/Arquivos/MyProjects/KFlate-pr30/kflate/build/classes/java/jvmBenchmark
Analyzing 0 files from /mnt/Arquivos/MyProjects/KFlate-pr30/kflate/build/processedResources/jvm/benchmark
Writing out Java source to /mnt/Arquivos/MyProjects/KFlate-pr30/kflate/build/benchmarks/jvmBenchmark/sources and resources to /mnt/Arquivos/MyProjects/KFlate-pr30/kflate/build/benchmarks/jvmBenchmark/resources

> Task :kflate:jvmBenchmarkBenchmarkCompile

> Task :kflate:jvmBenchmarkBenchmark
Running 'main' benchmarks for 'jvmBenchmark'

… com.rafambn.kflate.benchmark.CompressionBenchmarks.rawDeflateCompression | corpus=simpleText

BENCHMARK_CORPUS library=KFlate name=simpleText originalBytes=100 originalMiB=0.0 operationMiB=0.0 rawBytes=84 rawRatio=0.84
Warm-up 1: ≈ 10⁻⁴ s/op
Warm-up 2: ≈ 10⁻⁵ s/op
Warm-up 3: ≈ 10⁻⁵ s/op
Warm-up 4: ≈ 10⁻⁵ s/op
Warm-up 5: ≈ 10⁻⁵ s/op
Warm-up 6: ≈ 10⁻⁵ s/op
Warm-up 7: ≈ 10⁻⁵ s/op
Warm-up 8: ≈ 10⁻⁵ s/op
Iteration 1: ≈ 10⁻⁵ s/op
Iteration 2: ≈ 10⁻⁵ s/op
Iteration 3: ≈ 10⁻⁵ s/op
Iteration 4: ≈ 10⁻⁵ s/op
Iteration 5: ≈ 10⁻⁵ s/op
Iteration 6: ≈ 10⁻⁵ s/op
Iteration 7: ≈ 10⁻⁵ s/op
Iteration 8: ≈ 10⁻⁵ s/op
Iteration 9: ≈ 10⁻⁵ s/op
Iteration 10: ≈ 10⁻⁵ s/op
Iteration 11: ≈ 10⁻⁵ s/op
Iteration 12: ≈ 10⁻⁵ s/op
Iteration 13: ≈ 10⁻⁵ s/op
Iteration 14: ≈ 10⁻⁵ s/op
Iteration 15: ≈ 10⁻⁵ s/op

BENCHMARK_CORPUS library=KFlate name=simpleText originalBytes=100 originalMiB=0.0 operationMiB=0.0 rawBytes=84 rawRatio=0.84
Warm-up 1: ≈ 10⁻⁴ s/op
Warm-up 2: ≈ 10⁻⁵ s/op
Warm-up 3: ≈ 10⁻⁵ s/op
Warm-up 4: ≈ 10⁻⁵ s/op
Warm-up 5: ≈ 10⁻⁵ s/op
Warm-up 6: ≈ 10⁻⁵ s/op
Warm-up 7: ≈ 10⁻⁵ s/op
Warm-up 8: ≈ 10⁻⁵ s/op
Iteration 1: ≈ 10⁻⁵ s/op
Iteration 2: ≈ 10⁻⁵ s/op
Iteration 3: ≈ 10⁻⁵ s/op
Iteration 4: ≈ 10⁻⁵ s/op
Iteration 5: ≈ 10⁻⁵ s/op
Iteration 6: ≈ 10⁻⁵ s/op
Iteration 7: ≈ 10⁻⁵ s/op
Iteration 8: ≈ 10⁻⁵ s/op
Iteration 9: ≈ 10⁻⁵ s/op
Iteration 10: ≈ 10⁻⁵ s/op
Iteration 11: ≈ 10⁻⁵ s/op
Iteration 12: ≈ 10⁻⁵ s/op
Iteration 13: ≈ 10⁻⁵ s/op
Iteration 14: ≈ 10⁻⁵ s/op
Iteration 15: ≈ 10⁻⁵ s/op

BENCHMARK_CORPUS library=KFlate name=simpleText originalBytes=100 originalMiB=0.0 operationMiB=0.0 rawBytes=84 rawRatio=0.84
Warm-up 1: ≈ 10⁻⁵ s/op
Warm-up 2: ≈ 10⁻⁵ s/op
Warm-up 3: ≈ 10⁻⁵ s/op
Warm-up 4: ≈ 10⁻⁵ s/op
Warm-up 5: ≈ 10⁻⁵ s/op
Warm-up 6: ≈ 10⁻⁵ s/op
Warm-up 7: ≈ 10⁻⁵ s/op
Warm-up 8: ≈ 10⁻⁵ s/op
Iteration 1: ≈ 10⁻⁵ s/op
Iteration 2: ≈ 10⁻⁵ s/op
Iteration 3: ≈ 10⁻⁵ s/op
Iteration 4: ≈ 10⁻⁵ s/op
Iteration 5: ≈ 10⁻⁵ s/op
Iteration 6: ≈ 10⁻⁵ s/op
Iteration 7: ≈ 10⁻⁵ s/op
Iteration 8: ≈ 10⁻⁵ s/op
Iteration 9: ≈ 10⁻⁵ s/op
Iteration 10: ≈ 10⁻⁵ s/op
Iteration 11: ≈ 10⁻⁵ s/op
Iteration 12: ≈ 10⁻⁵ s/op
Iteration 13: ≈ 10⁻⁵ s/op
Iteration 14: ≈ 10⁻⁵ s/op
Iteration 15: ≈ 10⁻⁵ s/op

  Success: ≈ 10⁻⁵ s/op

… com.rafambn.kflate.benchmark.CompressionBenchmarks.rawDeflateCompression | corpus=text

BENCHMARK_CORPUS library=KFlate name=text originalBytes=1232923 originalMiB=1.1758 operationMiB=1.1758 rawBytes=523365 rawRatio=0.4244
Warm-up 1: 0.051 s/op
Warm-up 2: 0.050 s/op
Warm-up 3: 0.050 s/op
Warm-up 4: 0.050 s/op
Warm-up 5: 0.050 s/op
Warm-up 6: 0.050 s/op
Warm-up 7: 0.050 s/op
Warm-up 8: 0.050 s/op
Iteration 1: 0.050 s/op
Iteration 2: 0.050 s/op
Iteration 3: 0.048 s/op
Iteration 4: 0.045 s/op
Iteration 5: 0.045 s/op
Iteration 6: 0.046 s/op
Iteration 7: 0.045 s/op
Iteration 8: 0.045 s/op
Iteration 9: 0.045 s/op
Iteration 10: 0.045 s/op
Iteration 11: 0.045 s/op
Iteration 12: 0.045 s/op
Iteration 13: 0.045 s/op
Iteration 14: 0.045 s/op
Iteration 15: 0.045 s/op

BENCHMARK_CORPUS library=KFlate name=text originalBytes=1232923 originalMiB=1.1758 operationMiB=1.1758 rawBytes=523365 rawRatio=0.4244
Warm-up 1: 0.050 s/op
Warm-up 2: 0.049 s/op
Warm-up 3: 0.049 s/op
Warm-up 4: 0.050 s/op
Warm-up 5: 0.050 s/op
Warm-up 6: 0.050 s/op
Warm-up 7: 0.049 s/op
Warm-up 8: 0.045 s/op
Iteration 1: 0.045 s/op
Iteration 2: 0.049 s/op
Iteration 3: 0.049 s/op
Iteration 4: 0.047 s/op
Iteration 5: 0.045 s/op
Iteration 6: 0.045 s/op
Iteration 7: 0.045 s/op
Iteration 8: 0.045 s/op
Iteration 9: 0.045 s/op
Iteration 10: 0.045 s/op
Iteration 11: 0.045 s/op
Iteration 12: 0.045 s/op
Iteration 13: 0.046 s/op
Iteration 14: 0.045 s/op
Iteration 15: 0.045 s/op

BENCHMARK_CORPUS library=KFlate name=text originalBytes=1232923 originalMiB=1.1758 operationMiB=1.1758 rawBytes=523365 rawRatio=0.4244
Warm-up 1: 0.046 s/op
Warm-up 2: 0.046 s/op
Warm-up 3: 0.045 s/op
Warm-up 4: 0.046 s/op
Warm-up 5: 0.046 s/op
Warm-up 6: 0.046 s/op
Warm-up 7: 0.045 s/op
Warm-up 8: 0.045 s/op
Iteration 1: 0.045 s/op
Iteration 2: 0.045 s/op
Iteration 3: 0.045 s/op
Iteration 4: 0.045 s/op
Iteration 5: 0.045 s/op
Iteration 6: 0.045 s/op
Iteration 7: 0.045 s/op
Iteration 8: 0.045 s/op
Iteration 9: 0.045 s/op
Iteration 10: 0.045 s/op
Iteration 11: 0.045 s/op
Iteration 12: 0.045 s/op
Iteration 13: 0.045 s/op
Iteration 14: 0.045 s/op
Iteration 15: 0.045 s/op

  Success: 0.046 ±(99.9%) 0.001 s/op [Average]
  (min, avg, max) = (0.045, 0.046, 0.050), stdev = 0.001
  CI (99.9%): [0.045, 0.046] (assumes normal distribution)

… com.rafambn.kflate.benchmark.CompressionBenchmarks.rawDeflateCompression | corpus=model3D

BENCHMARK_CORPUS library=KFlate name=model3D originalBytes=2478 originalMiB=0.0023 operationMiB=0.0023 rawBytes=2166 rawRatio=0.874
Warm-up 1: ≈ 10⁻⁴ s/op
Warm-up 2: ≈ 10⁻⁴ s/op
Warm-up 3: ≈ 10⁻⁴ s/op
Warm-up 4: ≈ 10⁻⁴ s/op
Warm-up 5: ≈ 10⁻⁴ s/op
Warm-up 6: ≈ 10⁻⁴ s/op
Warm-up 7: ≈ 10⁻⁴ s/op
Warm-up 8: ≈ 10⁻⁴ s/op
Iteration 1: ≈ 10⁻⁴ s/op
Iteration 2: ≈ 10⁻⁴ s/op
Iteration 3: ≈ 10⁻⁴ s/op
Iteration 4: ≈ 10⁻⁴ s/op
Iteration 5: ≈ 10⁻⁴ s/op
Iteration 6: ≈ 10⁻⁴ s/op
Iteration 7: ≈ 10⁻⁴ s/op
Iteration 8: ≈ 10⁻⁴ s/op
Iteration 9: ≈ 10⁻⁴ s/op
Iteration 10: ≈ 10⁻⁴ s/op
Iteration 11: ≈ 10⁻⁴ s/op
Iteration 12: ≈ 10⁻⁴ s/op
Iteration 13: ≈ 10⁻⁴ s/op
Iteration 14: ≈ 10⁻⁴ s/op
Iteration 15: ≈ 10⁻⁴ s/op

BENCHMARK_CORPUS library=KFlate name=model3D originalBytes=2478 originalMiB=0.0023 operationMiB=0.0023 rawBytes=2166 rawRatio=0.874
Warm-up 1: ≈ 10⁻⁴ s/op
Warm-up 2: ≈ 10⁻⁴ s/op
Warm-up 3: ≈ 10⁻⁴ s/op
Warm-up 4: ≈ 10⁻⁴ s/op
Warm-up 5: ≈ 10⁻⁴ s/op
Warm-up 6: ≈ 10⁻⁴ s/op
Warm-up 7: ≈ 10⁻⁴ s/op
Warm-up 8: ≈ 10⁻⁴ s/op
Iteration 1: ≈ 10⁻⁴ s/op
Iteration 2: ≈ 10⁻⁴ s/op
Iteration 3: ≈ 10⁻⁴ s/op
Iteration 4: ≈ 10⁻⁴ s/op
Iteration 5: ≈ 10⁻⁴ s/op
Iteration 6: ≈ 10⁻⁴ s/op
Iteration 7: ≈ 10⁻⁴ s/op
Iteration 8: ≈ 10⁻⁴ s/op
Iteration 9: ≈ 10⁻⁴ s/op
Iteration 10: ≈ 10⁻⁴ s/op
Iteration 11: ≈ 10⁻⁴ s/op
Iteration 12: ≈ 10⁻⁴ s/op
Iteration 13: ≈ 10⁻⁴ s/op
Iteration 14: ≈ 10⁻⁴ s/op
Iteration 15: ≈ 10⁻⁴ s/op

BENCHMARK_CORPUS library=KFlate name=model3D originalBytes=2478 originalMiB=0.0023 operationMiB=0.0023 rawBytes=2166 rawRatio=0.874
Warm-up 1: ≈ 10⁻⁴ s/op
Warm-up 2: ≈ 10⁻⁴ s/op
Warm-up 3: ≈ 10⁻⁴ s/op
Warm-up 4: ≈ 10⁻⁴ s/op
Warm-up 5: ≈ 10⁻⁴ s/op
Warm-up 6: ≈ 10⁻⁴ s/op
Warm-up 7: ≈ 10⁻⁴ s/op
Warm-up 8: ≈ 10⁻⁴ s/op
Iteration 1: ≈ 10⁻⁴ s/op
Iteration 2: ≈ 10⁻⁴ s/op
Iteration 3: ≈ 10⁻⁴ s/op
Iteration 4: ≈ 10⁻⁴ s/op
Iteration 5: ≈ 10⁻⁴ s/op
Iteration 6: ≈ 10⁻⁴ s/op
Iteration 7: ≈ 10⁻⁴ s/op
Iteration 8: ≈ 10⁻⁴ s/op
Iteration 9: ≈ 10⁻⁴ s/op
Iteration 10: ≈ 10⁻⁴ s/op
Iteration 11: ≈ 10⁻⁴ s/op
Iteration 12: ≈ 10⁻⁴ s/op
Iteration 13: ≈ 10⁻⁴ s/op
Iteration 14: ≈ 10⁻⁴ s/op
Iteration 15: ≈ 10⁻⁴ s/op

  Success: ≈ 10⁻⁴ s/op

… com.rafambn.kflate.benchmark.CompressionBenchmarks.rawDeflateCompression | corpus=Rainier.bmp

BENCHMARK_CORPUS library=KFlate name=Rainier.bmp originalBytes=6220854 originalMiB=5.9326 operationMiB=5.9326 rawBytes=3199784 rawRatio=0.5143
Warm-up 1: 0.100 s/op
Warm-up 2: 0.103 s/op
Warm-up 3: 0.100 s/op
Warm-up 4: 0.100 s/op
Warm-up 5: 0.100 s/op
Warm-up 6: 0.100 s/op
Warm-up 7: 0.100 s/op
Warm-up 8: 0.100 s/op
Iteration 1: 0.100 s/op
Iteration 2: 0.100 s/op
Iteration 3: 0.100 s/op
Iteration 4: 0.100 s/op
Iteration 5: 0.099 s/op
Iteration 6: 0.100 s/op
Iteration 7: 0.098 s/op
Iteration 8: 0.087 s/op
Iteration 9: 0.087 s/op
Iteration 10: 0.087 s/op
Iteration 11: 0.087 s/op
Iteration 12: 0.087 s/op
Iteration 13: 0.087 s/op
Iteration 14: 0.091 s/op
Iteration 15: 0.098 s/op

BENCHMARK_CORPUS library=KFlate name=Rainier.bmp originalBytes=6220854 originalMiB=5.9326 operationMiB=5.9326 rawBytes=3199784 rawRatio=0.5143
Warm-up 1: 0.099 s/op
Warm-up 2: 0.098 s/op
Warm-up 3: 0.102 s/op
Warm-up 4: 0.096 s/op
Warm-up 5: 0.097 s/op
Warm-up 6: 0.095 s/op
Warm-up 7: 0.086 s/op
Warm-up 8: 0.085 s/op
Iteration 1: 0.085 s/op
Iteration 2: 0.085 s/op
Iteration 3: 0.086 s/op
Iteration 4: 0.086 s/op
Iteration 5: 0.087 s/op
Iteration 6: 0.087 s/op
Iteration 7: 0.088 s/op
Iteration 8: 0.090 s/op
Iteration 9: 0.087 s/op
Iteration 10: 0.088 s/op
Iteration 11: 0.100 s/op
Iteration 12: 0.102 s/op
Iteration 13: 0.099 s/op
Iteration 14: 0.098 s/op
Iteration 15: 0.092 s/op

BENCHMARK_CORPUS library=KFlate name=Rainier.bmp originalBytes=6220854 originalMiB=5.9326 operationMiB=5.9326 rawBytes=3199784 rawRatio=0.5143
Warm-up 1: 0.101 s/op
Warm-up 2: 0.094 s/op
Warm-up 3: 0.086 s/op
Warm-up 4: 0.086 s/op
Warm-up 5: 0.086 s/op
Warm-up 6: 0.086 s/op
Warm-up 7: 0.086 s/op
Warm-up 8: 0.086 s/op
Iteration 1: 0.086 s/op
Iteration 2: 0.086 s/op
Iteration 3: 0.085 s/op
Iteration 4: 0.086 s/op
Iteration 5: 0.085 s/op
Iteration 6: 0.085 s/op
Iteration 7: 0.086 s/op
Iteration 8: 0.085 s/op
Iteration 9: 0.086 s/op
Iteration 10: 0.089 s/op
Iteration 11: 0.097 s/op
Iteration 12: 0.097 s/op
Iteration 13: 0.085 s/op
Iteration 14: 0.085 s/op
Iteration 15: 0.085 s/op

  Success: 0.091 ±(99.9%) 0.003 s/op [Average]
  (min, avg, max) = (0.085, 0.091, 0.102), stdev = 0.006
  CI (99.9%): [0.087, 0.094] (assumes normal distribution)

… com.rafambn.kflate.benchmark.CompressionBenchmarks.rawDeflateCompression | corpus=Maltese.bmp

BENCHMARK_CORPUS library=KFlate name=Maltese.bmp originalBytes=16427390 originalMiB=15.6663 operationMiB=15.6663 rawBytes=6758938 rawRatio=0.4114
Warm-up 1: 0.373 s/op
Warm-up 2: 0.361 s/op
Warm-up 3: 0.360 s/op
Warm-up 4: 0.359 s/op
Warm-up 5: 0.360 s/op
Warm-up 6: 0.359 s/op
Warm-up 7: 0.359 s/op
Warm-up 8: 0.358 s/op
Iteration 1: 0.359 s/op
Iteration 2: 0.358 s/op
Iteration 3: 0.359 s/op
Iteration 4: 0.359 s/op
Iteration 5: 0.359 s/op
Iteration 6: 0.360 s/op
Iteration 7: 0.363 s/op
Iteration 8: 0.359 s/op
Iteration 9: 0.359 s/op
Iteration 10: 0.381 s/op
Iteration 11: 0.406 s/op
Iteration 12: 0.405 s/op
Iteration 13: 0.376 s/op
Iteration 14: 0.360 s/op
Iteration 15: 0.387 s/op

BENCHMARK_CORPUS library=KFlate name=Maltese.bmp originalBytes=16427390 originalMiB=15.6663 operationMiB=15.6663 rawBytes=6758938 rawRatio=0.4114
Warm-up 1: 0.368 s/op
Warm-up 2: 0.362 s/op
Warm-up 3: 0.364 s/op
Warm-up 4: 0.365 s/op
Warm-up 5: 0.368 s/op
Warm-up 6: 0.361 s/op
Warm-up 7: 0.359 s/op
Warm-up 8: 0.358 s/op
Iteration 1: 0.358 s/op
Iteration 2: 0.358 s/op
Iteration 3: 0.358 s/op
Iteration 4: 0.358 s/op
Iteration 5: 0.358 s/op
Iteration 6: 0.358 s/op
Iteration 7: 0.359 s/op
Iteration 8: 0.358 s/op
Iteration 9: 0.359 s/op
Iteration 10: 0.358 s/op
Iteration 11: 0.389 s/op
Iteration 12: 0.405 s/op
Iteration 13: 0.404 s/op
Iteration 14: 0.405 s/op
Iteration 15: 0.404 s/op

BENCHMARK_CORPUS library=KFlate name=Maltese.bmp originalBytes=16427390 originalMiB=15.6663 operationMiB=15.6663 rawBytes=6758938 rawRatio=0.4114
Warm-up 1: 0.369 s/op
Warm-up 2: 0.362 s/op
Warm-up 3: 0.388 s/op
Warm-up 4: 0.406 s/op
Warm-up 5: 0.374 s/op
Warm-up 6: 0.358 s/op
Warm-up 7: 0.359 s/op
Warm-up 8: 0.359 s/op
Iteration 1: 0.362 s/op
Iteration 2: 0.360 s/op
Iteration 3: 0.358 s/op
Iteration 4: 0.358 s/op
Iteration 5: 0.359 s/op
Iteration 6: 0.358 s/op
Iteration 7: 0.358 s/op
Iteration 8: 0.358 s/op
Iteration 9: 0.359 s/op
Iteration 10: 0.359 s/op
Iteration 11: 0.359 s/op
Iteration 12: 0.359 s/op
Iteration 13: 0.359 s/op
Iteration 14: 0.360 s/op
Iteration 15: 0.364 s/op

  Success: 0.367 ±(99.9%) 0.009 s/op [Average]
  (min, avg, max) = (0.358, 0.367, 0.406), stdev = 0.016
  CI (99.9%): [0.359, 0.376] (assumes normal distribution)

… com.rafambn.kflate.benchmark.CompressionBenchmarks.rawDeflateCompression | corpus=Sunrise.bmp

BENCHMARK_CORPUS library=KFlate name=Sunrise.bmp originalBytes=52344054 originalMiB=49.9191 operationMiB=49.9191 rawBytes=25817354 rawRatio=0.4932
Warm-up 1: 1.277 s/op
Warm-up 2: 1.237 s/op
Warm-up 3: 1.239 s/op
Warm-up 4: 1.242 s/op
Warm-up 5: 1.234 s/op
Warm-up 6: 1.233 s/op
Warm-up 7: 1.394 s/op
Warm-up 8: 1.405 s/op
Iteration 1: 1.395 s/op
Iteration 2: 1.398 s/op
Iteration 3: 1.393 s/op
Iteration 4: 1.394 s/op
Iteration 5: 1.226 s/op
Iteration 6: 1.228 s/op
Iteration 7: 1.230 s/op
Iteration 8: 1.237 s/op
Iteration 9: 1.231 s/op
Iteration 10: 1.231 s/op
Iteration 11: 1.233 s/op
Iteration 12: 1.235 s/op
Iteration 13: 1.258 s/op
Iteration 14: 1.402 s/op
Iteration 15: 1.393 s/op

BENCHMARK_CORPUS library=KFlate name=Sunrise.bmp originalBytes=52344054 originalMiB=49.9191 operationMiB=49.9191 rawBytes=25817354 rawRatio=0.4932
Warm-up 1: 1.460 s/op
Warm-up 2: 1.452 s/op
Warm-up 3: 1.471 s/op
Warm-up 4: 1.432 s/op
Warm-up 5: 1.391 s/op
Warm-up 6: 1.392 s/op
Warm-up 7: 1.388 s/op
Warm-up 8: 1.388 s/op
Iteration 1: 1.393 s/op
Iteration 2: 1.388 s/op
Iteration 3: 1.385 s/op
Iteration 4: 1.392 s/op
Iteration 5: 1.402 s/op
Iteration 6: 1.383 s/op
Iteration 7: 1.390 s/op
Iteration 8: 1.403 s/op
Iteration 9: 1.415 s/op
Iteration 10: 1.428 s/op
Iteration 11: 1.411 s/op
Iteration 12: 1.415 s/op
Iteration 13: 1.419 s/op
Iteration 14: 1.411 s/op
Iteration 15: 1.411 s/op

BENCHMARK_CORPUS library=KFlate name=Sunrise.bmp originalBytes=52344054 originalMiB=49.9191 operationMiB=49.9191 rawBytes=25817354 rawRatio=0.4932
Warm-up 1: 1.270 s/op
Warm-up 2: 1.257 s/op
Warm-up 3: 1.262 s/op
Warm-up 4: 1.260 s/op
Warm-up 5: 1.240 s/op
Warm-up 6: 1.244 s/op
Warm-up 7: 1.251 s/op
Warm-up 8: 1.252 s/op
Iteration 1: 1.253 s/op
Iteration 2: 1.254 s/op
Iteration 3: 1.255 s/op
Iteration 4: 1.254 s/op
Iteration 5: 1.246 s/op
Iteration 6: 1.246 s/op
Iteration 7: 1.243 s/op
Iteration 8: 1.256 s/op
Iteration 9: 1.246 s/op
Iteration 10: 1.247 s/op
Iteration 11: 1.254 s/op
Iteration 12: 1.250 s/op
Iteration 13: 1.254 s/op
Iteration 14: 1.250 s/op
Iteration 15: 1.248 s/op

  Success: 1.317 ±(99.9%) 0.042 s/op [Average]
  (min, avg, max) = (1.226, 1.317, 1.428), stdev = 0.080
  CI (99.9%): [1.276, 1.359] (assumes normal distribution)

… com.rafambn.kflate.benchmark.CompressionBenchmarks.rawDeflateCompression | corpus=compressed_MVT.pbf

BENCHMARK_CORPUS library=KFlate name=compressed_MVT.pbf originalBytes=146224 originalMiB=0.1394 operationMiB=0.1394 rawBytes=93980 rawRatio=0.6427
Warm-up 1: 0.003 s/op
Warm-up 2: 0.003 s/op
Warm-up 3: 0.003 s/op
Warm-up 4: 0.003 s/op
Warm-up 5: 0.003 s/op
Warm-up 6: 0.003 s/op
Warm-up 7: 0.003 s/op
Warm-up 8: 0.003 s/op
Iteration 1: 0.003 s/op
Iteration 2: 0.003 s/op
Iteration 3: 0.003 s/op
Iteration 4: 0.003 s/op
Iteration 5: 0.003 s/op
Iteration 6: 0.003 s/op
Iteration 7: 0.003 s/op
Iteration 8: 0.003 s/op
Iteration 9: 0.003 s/op
Iteration 10: 0.003 s/op
Iteration 11: 0.003 s/op
Iteration 12: 0.003 s/op
Iteration 13: 0.003 s/op
Iteration 14: 0.003 s/op
Iteration 15: 0.003 s/op

BENCHMARK_CORPUS library=KFlate name=compressed_MVT.pbf originalBytes=146224 originalMiB=0.1394 operationMiB=0.1394 rawBytes=93980 rawRatio=0.6427
Warm-up 1: 0.003 s/op
Warm-up 2: 0.003 s/op
Warm-up 3: 0.003 s/op
Warm-up 4: 0.003 s/op
Warm-up 5: 0.003 s/op
Warm-up 6: 0.003 s/op
Warm-up 7: 0.003 s/op
Warm-up 8: 0.003 s/op
Iteration 1: 0.003 s/op
Iteration 2: 0.003 s/op
Iteration 3: 0.003 s/op
Iteration 4: 0.003 s/op
Iteration 5: 0.003 s/op
Iteration 6: 0.003 s/op
Iteration 7: 0.003 s/op
Iteration 8: 0.003 s/op
Iteration 9: 0.003 s/op
Iteration 10: 0.003 s/op
Iteration 11: 0.003 s/op
Iteration 12: 0.003 s/op
Iteration 13: 0.003 s/op
Iteration 14: 0.003 s/op
Iteration 15: 0.003 s/op

BENCHMARK_CORPUS library=KFlate name=compressed_MVT.pbf originalBytes=146224 originalMiB=0.1394 operationMiB=0.1394 rawBytes=93980 rawRatio=0.6427
Warm-up 1: 0.003 s/op
Warm-up 2: 0.003 s/op
Warm-up 3: 0.003 s/op
Warm-up 4: 0.003 s/op
Warm-up 5: 0.003 s/op
Warm-up 6: 0.003 s/op
Warm-up 7: 0.003 s/op
Warm-up 8: 0.003 s/op
Iteration 1: 0.003 s/op
Iteration 2: 0.003 s/op
Iteration 3: 0.003 s/op
Iteration 4: 0.003 s/op
Iteration 5: 0.003 s/op
Iteration 6: 0.003 s/op
Iteration 7: 0.003 s/op
Iteration 8: 0.003 s/op
Iteration 9: 0.003 s/op
Iteration 10: 0.003 s/op
Iteration 11: 0.003 s/op
Iteration 12: 0.003 s/op
Iteration 13: 0.003 s/op
Iteration 14: 0.003 s/op
Iteration 15: 0.003 s/op

  Success: 0.003 ±(99.9%) 0.001 s/op [Average]
  (min, avg, max) = (0.003, 0.003, 0.003), stdev = 0.001
  CI (99.9%): [0.003, 0.003] (assumes normal distribution)

… com.rafambn.kflate.benchmark.CompressionBenchmarks.rawDeflateDecompressionFromKFlate | corpus=simpleText

BENCHMARK_CORPUS library=KFlate name=simpleText originalBytes=100 originalMiB=0.0 operationMiB=0.0 rawBytes=84 rawRatio=0.84
Warm-up 1: ≈ 10⁻⁵ s/op
Warm-up 2: ≈ 10⁻⁶ s/op
Warm-up 3: ≈ 10⁻⁶ s/op
Warm-up 4: ≈ 10⁻⁶ s/op
Warm-up 5: ≈ 10⁻⁶ s/op
Warm-up 6: ≈ 10⁻⁶ s/op
Warm-up 7: ≈ 10⁻⁶ s/op
Warm-up 8: ≈ 10⁻⁶ s/op
Iteration 1: ≈ 10⁻⁶ s/op
Iteration 2: ≈ 10⁻⁶ s/op
Iteration 3: ≈ 10⁻⁶ s/op
Iteration 4: ≈ 10⁻⁶ s/op
Iteration 5: ≈ 10⁻⁶ s/op
Iteration 6: ≈ 10⁻⁶ s/op
Iteration 7: ≈ 10⁻⁶ s/op
Iteration 8: ≈ 10⁻⁶ s/op
Iteration 9: ≈ 10⁻⁶ s/op
Iteration 10: ≈ 10⁻⁶ s/op
Iteration 11: ≈ 10⁻⁶ s/op
Iteration 12: ≈ 10⁻⁶ s/op
Iteration 13: ≈ 10⁻⁶ s/op
Iteration 14: ≈ 10⁻⁶ s/op
Iteration 15: ≈ 10⁻⁶ s/op

BENCHMARK_CORPUS library=KFlate name=simpleText originalBytes=100 originalMiB=0.0 operationMiB=0.0 rawBytes=84 rawRatio=0.84
Warm-up 1: ≈ 10⁻⁵ s/op
Warm-up 2: ≈ 10⁻⁶ s/op
Warm-up 3: ≈ 10⁻⁶ s/op
Warm-up 4: ≈ 10⁻⁶ s/op
Warm-up 5: ≈ 10⁻⁶ s/op
Warm-up 6: ≈ 10⁻⁶ s/op
Warm-up 7: ≈ 10⁻⁶ s/op
Warm-up 8: ≈ 10⁻⁶ s/op
Iteration 1: ≈ 10⁻⁶ s/op
Iteration 2: ≈ 10⁻⁶ s/op
Iteration 3: ≈ 10⁻⁶ s/op
Iteration 4: ≈ 10⁻⁶ s/op
Iteration 5: ≈ 10⁻⁶ s/op
Iteration 6: ≈ 10⁻⁶ s/op
Iteration 7: ≈ 10⁻⁶ s/op
Iteration 8: ≈ 10⁻⁶ s/op
Iteration 9: ≈ 10⁻⁶ s/op
Iteration 10: ≈ 10⁻⁶ s/op
Iteration 11: ≈ 10⁻⁶ s/op
Iteration 12: ≈ 10⁻⁶ s/op
Iteration 13: ≈ 10⁻⁶ s/op
Iteration 14: ≈ 10⁻⁶ s/op
Iteration 15: ≈ 10⁻⁶ s/op

BENCHMARK_CORPUS library=KFlate name=simpleText originalBytes=100 originalMiB=0.0 operationMiB=0.0 rawBytes=84 rawRatio=0.84
Warm-up 1: ≈ 10⁻⁵ s/op
Warm-up 2: ≈ 10⁻⁶ s/op
Warm-up 3: ≈ 10⁻⁶ s/op
Warm-up 4: ≈ 10⁻⁶ s/op
Warm-up 5: ≈ 10⁻⁶ s/op
Warm-up 6: ≈ 10⁻⁶ s/op
Warm-up 7: ≈ 10⁻⁶ s/op
Warm-up 8: ≈ 10⁻⁶ s/op
Iteration 1: ≈ 10⁻⁶ s/op
Iteration 2: ≈ 10⁻⁶ s/op
Iteration 3: ≈ 10⁻⁶ s/op
Iteration 4: ≈ 10⁻⁶ s/op
Iteration 5: ≈ 10⁻⁶ s/op
Iteration 6: ≈ 10⁻⁶ s/op
Iteration 7: ≈ 10⁻⁶ s/op
Iteration 8: ≈ 10⁻⁶ s/op
Iteration 9: ≈ 10⁻⁶ s/op
Iteration 10: ≈ 10⁻⁶ s/op
Iteration 11: ≈ 10⁻⁶ s/op
Iteration 12: ≈ 10⁻⁶ s/op
Iteration 13: ≈ 10⁻⁶ s/op
Iteration 14: ≈ 10⁻⁶ s/op
Iteration 15: ≈ 10⁻⁶ s/op

  Success: ≈ 10⁻⁶ s/op

… com.rafambn.kflate.benchmark.CompressionBenchmarks.rawDeflateDecompressionFromKFlate | corpus=text

BENCHMARK_CORPUS library=KFlate name=text originalBytes=1232923 originalMiB=1.1758 operationMiB=1.1758 rawBytes=523365 rawRatio=0.4244
Warm-up 1: 0.008 s/op
Warm-up 2: 0.007 s/op
Warm-up 3: 0.007 s/op
Warm-up 4: 0.007 s/op
Warm-up 5: 0.007 s/op
Warm-up 6: 0.007 s/op
Warm-up 7: 0.007 s/op
Warm-up 8: 0.007 s/op
Iteration 1: 0.008 s/op
Iteration 2: 0.007 s/op
Iteration 3: 0.008 s/op
Iteration 4: 0.008 s/op
Iteration 5: 0.008 s/op
Iteration 6: 0.008 s/op
Iteration 7: 0.008 s/op
Iteration 8: 0.007 s/op
Iteration 9: 0.008 s/op
Iteration 10: 0.008 s/op
Iteration 11: 0.008 s/op
Iteration 12: 0.008 s/op
Iteration 13: 0.008 s/op
Iteration 14: 0.007 s/op
Iteration 15: 0.007 s/op

BENCHMARK_CORPUS library=KFlate name=text originalBytes=1232923 originalMiB=1.1758 operationMiB=1.1758 rawBytes=523365 rawRatio=0.4244
Warm-up 1: 0.008 s/op
Warm-up 2: 0.007 s/op
Warm-up 3: 0.007 s/op
Warm-up 4: 0.007 s/op
Warm-up 5: 0.007 s/op
Warm-up 6: 0.007 s/op
Warm-up 7: 0.007 s/op
Warm-up 8: 0.007 s/op
Iteration 1: 0.007 s/op
Iteration 2: 0.007 s/op
Iteration 3: 0.008 s/op
Iteration 4: 0.008 s/op
Iteration 5: 0.008 s/op
Iteration 6: 0.008 s/op
Iteration 7: 0.008 s/op
Iteration 8: 0.008 s/op
Iteration 9: 0.008 s/op
Iteration 10: 0.008 s/op
Iteration 11: 0.008 s/op
Iteration 12: 0.008 s/op
Iteration 13: 0.008 s/op
Iteration 14: 0.008 s/op
Iteration 15: 0.008 s/op

BENCHMARK_CORPUS library=KFlate name=text originalBytes=1232923 originalMiB=1.1758 operationMiB=1.1758 rawBytes=523365 rawRatio=0.4244
Warm-up 1: 0.008 s/op
Warm-up 2: 0.007 s/op
Warm-up 3: 0.007 s/op
Warm-up 4: 0.007 s/op
Warm-up 5: 0.007 s/op
Warm-up 6: 0.007 s/op
Warm-up 7: 0.007 s/op
Warm-up 8: 0.007 s/op
Iteration 1: 0.007 s/op
Iteration 2: 0.007 s/op
Iteration 3: 0.007 s/op
Iteration 4: 0.007 s/op
Iteration 5: 0.008 s/op
Iteration 6: 0.008 s/op
Iteration 7: 0.008 s/op
Iteration 8: 0.008 s/op
Iteration 9: 0.008 s/op
Iteration 10: 0.008 s/op
Iteration 11: 0.007 s/op
Iteration 12: 0.007 s/op
Iteration 13: 0.007 s/op
Iteration 14: 0.008 s/op
Iteration 15: 0.008 s/op

  Success: 0.008 ±(99.9%) 0.001 s/op [Average]
  (min, avg, max) = (0.007, 0.008, 0.008), stdev = 0.001
  CI (99.9%): [0.007, 0.008] (assumes normal distribution)

… com.rafambn.kflate.benchmark.CompressionBenchmarks.rawDeflateDecompressionFromKFlate | corpus=model3D

BENCHMARK_CORPUS library=KFlate name=model3D originalBytes=2478 originalMiB=0.0023 operationMiB=0.0023 rawBytes=2166 rawRatio=0.874
Warm-up 1: ≈ 10⁻⁵ s/op
Warm-up 2: ≈ 10⁻⁵ s/op
Warm-up 3: ≈ 10⁻⁵ s/op
Warm-up 4: ≈ 10⁻⁵ s/op
Warm-up 5: ≈ 10⁻⁵ s/op
Warm-up 6: ≈ 10⁻⁵ s/op
Warm-up 7: ≈ 10⁻⁵ s/op
Warm-up 8: ≈ 10⁻⁵ s/op
Iteration 1: ≈ 10⁻⁵ s/op
Iteration 2: ≈ 10⁻⁵ s/op
Iteration 3: ≈ 10⁻⁵ s/op
Iteration 4: ≈ 10⁻⁵ s/op
Iteration 5: ≈ 10⁻⁵ s/op
Iteration 6: ≈ 10⁻⁵ s/op
Iteration 7: ≈ 10⁻⁵ s/op
Iteration 8: ≈ 10⁻⁵ s/op
Iteration 9: ≈ 10⁻⁵ s/op
Iteration 10: ≈ 10⁻⁵ s/op
Iteration 11: ≈ 10⁻⁵ s/op
Iteration 12: ≈ 10⁻⁵ s/op
Iteration 13: ≈ 10⁻⁵ s/op
Iteration 14: ≈ 10⁻⁵ s/op
Iteration 15: ≈ 10⁻⁵ s/op

BENCHMARK_CORPUS library=KFlate name=model3D originalBytes=2478 originalMiB=0.0023 operationMiB=0.0023 rawBytes=2166 rawRatio=0.874
Warm-up 1: ≈ 10⁻⁵ s/op
Warm-up 2: ≈ 10⁻⁵ s/op
Warm-up 3: ≈ 10⁻⁵ s/op
Warm-up 4: ≈ 10⁻⁵ s/op
Warm-up 5: ≈ 10⁻⁵ s/op
Warm-up 6: ≈ 10⁻⁵ s/op
Warm-up 7: ≈ 10⁻⁵ s/op
Warm-up 8: ≈ 10⁻⁵ s/op
Iteration 1: ≈ 10⁻⁵ s/op
Iteration 2: ≈ 10⁻⁵ s/op
Iteration 3: ≈ 10⁻⁵ s/op
Iteration 4: ≈ 10⁻⁵ s/op
Iteration 5: ≈ 10⁻⁵ s/op
Iteration 6: ≈ 10⁻⁵ s/op
Iteration 7: ≈ 10⁻⁵ s/op
Iteration 8: ≈ 10⁻⁵ s/op
Iteration 9: ≈ 10⁻⁵ s/op
Iteration 10: ≈ 10⁻⁵ s/op
Iteration 11: ≈ 10⁻⁵ s/op
Iteration 12: ≈ 10⁻⁵ s/op
Iteration 13: ≈ 10⁻⁵ s/op
Iteration 14: ≈ 10⁻⁵ s/op
Iteration 15: ≈ 10⁻⁵ s/op

BENCHMARK_CORPUS library=KFlate name=model3D originalBytes=2478 originalMiB=0.0023 operationMiB=0.0023 rawBytes=2166 rawRatio=0.874
Warm-up 1: ≈ 10⁻⁵ s/op
Warm-up 2: ≈ 10⁻⁵ s/op
Warm-up 3: ≈ 10⁻⁵ s/op
Warm-up 4: ≈ 10⁻⁵ s/op
Warm-up 5: ≈ 10⁻⁵ s/op
Warm-up 6: ≈ 10⁻⁵ s/op
Warm-up 7: ≈ 10⁻⁵ s/op
Warm-up 8: ≈ 10⁻⁵ s/op
Iteration 1: ≈ 10⁻⁵ s/op
Iteration 2: ≈ 10⁻⁵ s/op
Iteration 3: ≈ 10⁻⁵ s/op
Iteration 4: ≈ 10⁻⁵ s/op
Iteration 5: ≈ 10⁻⁵ s/op
Iteration 6: ≈ 10⁻⁵ s/op
Iteration 7: ≈ 10⁻⁵ s/op
Iteration 8: ≈ 10⁻⁵ s/op
Iteration 9: ≈ 10⁻⁵ s/op
Iteration 10: ≈ 10⁻⁵ s/op
Iteration 11: ≈ 10⁻⁵ s/op
Iteration 12: ≈ 10⁻⁵ s/op
Iteration 13: ≈ 10⁻⁵ s/op
Iteration 14: ≈ 10⁻⁵ s/op
Iteration 15: ≈ 10⁻⁵ s/op

  Success: ≈ 10⁻⁵ s/op

… com.rafambn.kflate.benchmark.CompressionBenchmarks.rawDeflateDecompressionFromKFlate | corpus=Rainier.bmp

BENCHMARK_CORPUS library=KFlate name=Rainier.bmp originalBytes=6220854 originalMiB=5.9326 operationMiB=5.9326 rawBytes=3199784 rawRatio=0.5143
Warm-up 1: 0.042 s/op
Warm-up 2: 0.041 s/op
Warm-up 3: 0.041 s/op
Warm-up 4: 0.041 s/op
Warm-up 5: 0.041 s/op
Warm-up 6: 0.041 s/op
Warm-up 7: 0.041 s/op
Warm-up 8: 0.041 s/op
Iteration 1: 0.039 s/op
Iteration 2: 0.037 s/op
Iteration 3: 0.037 s/op
Iteration 4: 0.039 s/op
Iteration 5: 0.041 s/op
Iteration 6: 0.041 s/op
Iteration 7: 0.041 s/op
Iteration 8: 0.041 s/op
Iteration 9: 0.041 s/op
Iteration 10: 0.041 s/op
Iteration 11: 0.041 s/op
Iteration 12: 0.041 s/op
Iteration 13: 0.041 s/op
Iteration 14: 0.041 s/op
Iteration 15: 0.041 s/op

BENCHMARK_CORPUS library=KFlate name=Rainier.bmp originalBytes=6220854 originalMiB=5.9326 operationMiB=5.9326 rawBytes=3199784 rawRatio=0.5143
Warm-up 1: 0.040 s/op
Warm-up 2: 0.041 s/op
Warm-up 3: 0.042 s/op
Warm-up 4: 0.041 s/op
Warm-up 5: 0.041 s/op
Warm-up 6: 0.041 s/op
Warm-up 7: 0.038 s/op
Warm-up 8: 0.037 s/op
Iteration 1: 0.037 s/op
Iteration 2: 0.037 s/op
Iteration 3: 0.037 s/op
Iteration 4: 0.037 s/op
Iteration 5: 0.039 s/op
Iteration 6: 0.041 s/op
Iteration 7: 0.041 s/op
Iteration 8: 0.041 s/op
Iteration 9: 0.041 s/op
Iteration 10: 0.041 s/op
Iteration 11: 0.040 s/op
Iteration 12: 0.041 s/op
Iteration 13: 0.040 s/op
Iteration 14: 0.037 s/op
Iteration 15: 0.037 s/op

BENCHMARK_CORPUS library=KFlate name=Rainier.bmp originalBytes=6220854 originalMiB=5.9326 operationMiB=5.9326 rawBytes=3199784 rawRatio=0.5143
Warm-up 1: 0.043 s/op
Warm-up 2: 0.041 s/op
Warm-up 3: 0.041 s/op
Warm-up 4: 0.041 s/op
Warm-up 5: 0.041 s/op
Warm-up 6: 0.042 s/op
Warm-up 7: 0.042 s/op
Warm-up 8: 0.041 s/op
Iteration 1: 0.041 s/op
Iteration 2: 0.041 s/op
Iteration 3: 0.044 s/op
Iteration 4: 0.041 s/op
Iteration 5: 0.041 s/op
Iteration 6: 0.041 s/op
Iteration 7: 0.041 s/op
Iteration 8: 0.041 s/op
Iteration 9: 0.041 s/op
Iteration 10: 0.041 s/op
Iteration 11: 0.041 s/op
Iteration 12: 0.038 s/op
Iteration 13: 0.037 s/op
Iteration 14: 0.038 s/op
Iteration 15: 0.037 s/op

  Success: 0.040 ±(99.9%) 0.001 s/op [Average]
  (min, avg, max) = (0.037, 0.040, 0.044), stdev = 0.002
  CI (99.9%): [0.039, 0.041] (assumes normal distribution)

… com.rafambn.kflate.benchmark.CompressionBenchmarks.rawDeflateDecompressionFromKFlate | corpus=Maltese.bmp

BENCHMARK_CORPUS library=KFlate name=Maltese.bmp originalBytes=16427390 originalMiB=15.6663 operationMiB=15.6663 rawBytes=6758938 rawRatio=0.4114
Warm-up 1: 0.097 s/op
Warm-up 2: 0.085 s/op
Warm-up 3: 0.091 s/op
Warm-up 4: 0.096 s/op
Warm-up 5: 0.096 s/op
Warm-up 6: 0.096 s/op
Warm-up 7: 0.088 s/op
Warm-up 8: 0.085 s/op
Iteration 1: 0.086 s/op
Iteration 2: 0.094 s/op
Iteration 3: 0.094 s/op
Iteration 4: 0.096 s/op
Iteration 5: 0.094 s/op
Iteration 6: 0.096 s/op
Iteration 7: 0.092 s/op
Iteration 8: 0.085 s/op
Iteration 9: 0.093 s/op
Iteration 10: 0.096 s/op
Iteration 11: 0.096 s/op
Iteration 12: 0.096 s/op
Iteration 13: 0.096 s/op
Iteration 14: 0.087 s/op
Iteration 15: 0.092 s/op

BENCHMARK_CORPUS library=KFlate name=Maltese.bmp originalBytes=16427390 originalMiB=15.6663 operationMiB=15.6663 rawBytes=6758938 rawRatio=0.4114
Warm-up 1: 0.104 s/op
Warm-up 2: 0.086 s/op
Warm-up 3: 0.094 s/op
Warm-up 4: 0.088 s/op
Warm-up 5: 0.097 s/op
Warm-up 6: 0.095 s/op
Warm-up 7: 0.096 s/op
Warm-up 8: 0.088 s/op
Iteration 1: 0.085 s/op
Iteration 2: 0.086 s/op
Iteration 3: 0.092 s/op
Iteration 4: 0.097 s/op
Iteration 5: 0.086 s/op
Iteration 6: 0.095 s/op
Iteration 7: 0.096 s/op
Iteration 8: 0.096 s/op
Iteration 9: 0.096 s/op
Iteration 10: 0.096 s/op
Iteration 11: 0.097 s/op
Iteration 12: 0.096 s/op
Iteration 13: 0.096 s/op
Iteration 14: 0.096 s/op
Iteration 15: 0.095 s/op

BENCHMARK_CORPUS library=KFlate name=Maltese.bmp originalBytes=16427390 originalMiB=15.6663 operationMiB=15.6663 rawBytes=6758938 rawRatio=0.4114
Warm-up 1: 0.099 s/op
Warm-up 2: 0.095 s/op
Warm-up 3: 0.094 s/op
Warm-up 4: 0.095 s/op
Warm-up 5: 0.095 s/op
Warm-up 6: 0.093 s/op
Warm-up 7: 0.094 s/op
Warm-up 8: 0.095 s/op
Iteration 1: 0.095 s/op
Iteration 2: 0.094 s/op
Iteration 3: 0.086 s/op
Iteration 4: 0.086 s/op
Iteration 5: 0.086 s/op
Iteration 6: 0.086 s/op
Iteration 7: 0.085 s/op
Iteration 8: 0.086 s/op
Iteration 9: 0.085 s/op
Iteration 10: 0.086 s/op
Iteration 11: 0.086 s/op
Iteration 12: 0.086 s/op
Iteration 13: 0.086 s/op
Iteration 14: 0.086 s/op
Iteration 15: 0.086 s/op

  Success: 0.091 ±(99.9%) 0.003 s/op [Average]
  (min, avg, max) = (0.085, 0.091, 0.097), stdev = 0.005
  CI (99.9%): [0.089, 0.094] (assumes normal distribution)

… com.rafambn.kflate.benchmark.CompressionBenchmarks.rawDeflateDecompressionFromKFlate | corpus=Sunrise.bmp

BENCHMARK_CORPUS library=KFlate name=Sunrise.bmp originalBytes=52344054 originalMiB=49.9191 operationMiB=49.9191 rawBytes=25817354 rawRatio=0.4932
Warm-up 1: 0.345 s/op
Warm-up 2: 0.340 s/op
Warm-up 3: 0.340 s/op
Warm-up 4: 0.353 s/op
Warm-up 5: 0.385 s/op
Warm-up 6: 0.386 s/op
Warm-up 7: 0.383 s/op
Warm-up 8: 0.381 s/op
Iteration 1: 0.383 s/op
Iteration 2: 0.383 s/op
Iteration 3: 0.385 s/op
Iteration 4: 0.381 s/op
Iteration 5: 0.382 s/op
Iteration 6: 0.339 s/op
Iteration 7: 0.352 s/op
Iteration 8: 0.381 s/op
Iteration 9: 0.381 s/op
Iteration 10: 0.384 s/op
Iteration 11: 0.378 s/op
Iteration 12: 0.352 s/op
Iteration 13: 0.380 s/op
Iteration 14: 0.381 s/op
Iteration 15: 0.381 s/op

BENCHMARK_CORPUS library=KFlate name=Sunrise.bmp originalBytes=52344054 originalMiB=49.9191 operationMiB=49.9191 rawBytes=25817354 rawRatio=0.4932
Warm-up 1: 0.386 s/op
Warm-up 2: 0.382 s/op
Warm-up 3: 0.382 s/op
Warm-up 4: 0.382 s/op
Warm-up 5: 0.384 s/op
Warm-up 6: 0.382 s/op
Warm-up 7: 0.384 s/op
Warm-up 8: 0.382 s/op
Iteration 1: 0.381 s/op
Iteration 2: 0.382 s/op
Iteration 3: 0.381 s/op
Iteration 4: 0.374 s/op
Iteration 5: 0.376 s/op
Iteration 6: 0.378 s/op
Iteration 7: 0.377 s/op
Iteration 8: 0.377 s/op
Iteration 9: 0.377 s/op
Iteration 10: 0.377 s/op
Iteration 11: 0.350 s/op
Iteration 12: 0.376 s/op
Iteration 13: 0.376 s/op
Iteration 14: 0.376 s/op
Iteration 15: 0.374 s/op

BENCHMARK_CORPUS library=KFlate name=Sunrise.bmp originalBytes=52344054 originalMiB=49.9191 operationMiB=49.9191 rawBytes=25817354 rawRatio=0.4932
Warm-up 1: 0.360 s/op
Warm-up 2: 0.377 s/op
Warm-up 3: 0.361 s/op
Warm-up 4: 0.376 s/op
Warm-up 5: 0.376 s/op
Warm-up 6: 0.359 s/op
Warm-up 7: 0.334 s/op
Warm-up 8: 0.333 s/op
Iteration 1: 0.334 s/op
Iteration 2: 0.334 s/op
Iteration 3: 0.333 s/op
Iteration 4: 0.335 s/op
Iteration 5: 0.334 s/op
Iteration 6: 0.334 s/op
Iteration 7: 0.335 s/op
Iteration 8: 0.334 s/op
Iteration 9: 0.334 s/op
Iteration 10: 0.362 s/op
Iteration 11: 0.376 s/op
Iteration 12: 0.380 s/op
Iteration 13: 0.376 s/op
Iteration 14: 0.377 s/op
Iteration 15: 0.376 s/op

  Success: 0.367 ±(99.9%) 0.010 s/op [Average]
  (min, avg, max) = (0.333, 0.367, 0.385), stdev = 0.019
  CI (99.9%): [0.357, 0.377] (assumes normal distribution)

… com.rafambn.kflate.benchmark.CompressionBenchmarks.rawDeflateDecompressionFromKFlate | corpus=compressed_MVT.pbf

BENCHMARK_CORPUS library=KFlate name=compressed_MVT.pbf originalBytes=146224 originalMiB=0.1394 operationMiB=0.1394 rawBytes=93980 rawRatio=0.6427
Warm-up 1: 0.001 s/op
Warm-up 2: 0.001 s/op
Warm-up 3: 0.001 s/op
Warm-up 4: 0.001 s/op
Warm-up 5: 0.001 s/op
Warm-up 6: 0.001 s/op
Warm-up 7: 0.001 s/op
Warm-up 8: 0.001 s/op
Iteration 1: 0.001 s/op
Iteration 2: 0.001 s/op
Iteration 3: 0.001 s/op
Iteration 4: 0.001 s/op
Iteration 5: 0.001 s/op
Iteration 6: 0.001 s/op
Iteration 7: 0.001 s/op
Iteration 8: 0.001 s/op
Iteration 9: 0.001 s/op
Iteration 10: 0.001 s/op
Iteration 11: 0.001 s/op
Iteration 12: 0.001 s/op
Iteration 13: 0.001 s/op
Iteration 14: 0.001 s/op
Iteration 15: 0.001 s/op

BENCHMARK_CORPUS library=KFlate name=compressed_MVT.pbf originalBytes=146224 originalMiB=0.1394 operationMiB=0.1394 rawBytes=93980 rawRatio=0.6427
Warm-up 1: 0.001 s/op
Warm-up 2: 0.001 s/op
Warm-up 3: 0.001 s/op
Warm-up 4: 0.001 s/op
Warm-up 5: 0.001 s/op
Warm-up 6: 0.001 s/op
Warm-up 7: 0.001 s/op
Warm-up 8: 0.001 s/op
Iteration 1: 0.001 s/op
Iteration 2: 0.001 s/op
Iteration 3: 0.001 s/op
Iteration 4: 0.001 s/op
Iteration 5: 0.001 s/op
Iteration 6: 0.001 s/op
Iteration 7: 0.001 s/op
Iteration 8: 0.001 s/op
Iteration 9: 0.001 s/op
Iteration 10: 0.001 s/op
Iteration 11: 0.001 s/op
Iteration 12: 0.001 s/op
Iteration 13: 0.001 s/op
Iteration 14: 0.001 s/op
Iteration 15: 0.001 s/op

BENCHMARK_CORPUS library=KFlate name=compressed_MVT.pbf originalBytes=146224 originalMiB=0.1394 operationMiB=0.1394 rawBytes=93980 rawRatio=0.6427
Warm-up 1: 0.001 s/op
Warm-up 2: 0.001 s/op
Warm-up 3: 0.001 s/op
Warm-up 4: 0.001 s/op
Warm-up 5: 0.001 s/op
Warm-up 6: 0.001 s/op
Warm-up 7: 0.001 s/op
Warm-up 8: 0.001 s/op
Iteration 1: 0.001 s/op
Iteration 2: 0.001 s/op
Iteration 3: 0.001 s/op
Iteration 4: 0.001 s/op
Iteration 5: 0.001 s/op
Iteration 6: 0.001 s/op
Iteration 7: 0.001 s/op
Iteration 8: 0.001 s/op
Iteration 9: 0.001 s/op
Iteration 10: 0.001 s/op
Iteration 11: 0.001 s/op
Iteration 12: 0.001 s/op
Iteration 13: 0.001 s/op
Iteration 14: 0.001 s/op
Iteration 15: 0.001 s/op

  Success: 0.001 ±(99.9%) 0.001 s/op [Average]
  (min, avg, max) = (0.001, 0.001, 0.001), stdev = 0.001
  CI (99.9%): [0.001, 0.001] (assumes normal distribution)

… com.rafambn.kflate.benchmark.CompressionBenchmarks.rawDeflateDecompressionFromKompress | corpus=simpleText

BENCHMARK_CORPUS library=KFlate name=simpleText originalBytes=100 originalMiB=0.0 operationMiB=0.0 rawBytes=84 rawRatio=0.84
Warm-up 1: ≈ 10⁻⁵ s/op
Warm-up 2: ≈ 10⁻⁶ s/op
Warm-up 3: ≈ 10⁻⁶ s/op
Warm-up 4: ≈ 10⁻⁶ s/op
Warm-up 5: ≈ 10⁻⁶ s/op
Warm-up 6: ≈ 10⁻⁶ s/op
Warm-up 7: ≈ 10⁻⁶ s/op
Warm-up 8: ≈ 10⁻⁶ s/op
Iteration 1: ≈ 10⁻⁶ s/op
Iteration 2: ≈ 10⁻⁶ s/op
Iteration 3: ≈ 10⁻⁶ s/op
Iteration 4: ≈ 10⁻⁶ s/op
Iteration 5: ≈ 10⁻⁶ s/op
Iteration 6: ≈ 10⁻⁶ s/op
Iteration 7: ≈ 10⁻⁶ s/op
Iteration 8: ≈ 10⁻⁶ s/op
Iteration 9: ≈ 10⁻⁶ s/op
Iteration 10: ≈ 10⁻⁶ s/op
Iteration 11: ≈ 10⁻⁶ s/op
Iteration 12: ≈ 10⁻⁶ s/op
Iteration 13: ≈ 10⁻⁶ s/op
Iteration 14: ≈ 10⁻⁶ s/op
Iteration 15: ≈ 10⁻⁶ s/op

BENCHMARK_CORPUS library=KFlate name=simpleText originalBytes=100 originalMiB=0.0 operationMiB=0.0 rawBytes=84 rawRatio=0.84
Warm-up 1: ≈ 10⁻⁵ s/op
Warm-up 2: ≈ 10⁻⁶ s/op
Warm-up 3: ≈ 10⁻⁶ s/op
Warm-up 4: ≈ 10⁻⁶ s/op
Warm-up 5: ≈ 10⁻⁶ s/op
Warm-up 6: ≈ 10⁻⁶ s/op
Warm-up 7: ≈ 10⁻⁶ s/op
Warm-up 8: ≈ 10⁻⁶ s/op
Iteration 1: ≈ 10⁻⁶ s/op
Iteration 2: ≈ 10⁻⁶ s/op
Iteration 3: ≈ 10⁻⁶ s/op
Iteration 4: ≈ 10⁻⁶ s/op
Iteration 5: ≈ 10⁻⁶ s/op
Iteration 6: ≈ 10⁻⁶ s/op
Iteration 7: ≈ 10⁻⁶ s/op
Iteration 8: ≈ 10⁻⁶ s/op
Iteration 9: ≈ 10⁻⁶ s/op
Iteration 10: ≈ 10⁻⁶ s/op
Iteration 11: ≈ 10⁻⁶ s/op
Iteration 12: ≈ 10⁻⁶ s/op
Iteration 13: ≈ 10⁻⁶ s/op
Iteration 14: ≈ 10⁻⁶ s/op
Iteration 15: ≈ 10⁻⁶ s/op

BENCHMARK_CORPUS library=KFlate name=simpleText originalBytes=100 originalMiB=0.0 operationMiB=0.0 rawBytes=84 rawRatio=0.84
Warm-up 1: ≈ 10⁻⁵ s/op
Warm-up 2: ≈ 10⁻⁶ s/op
Warm-up 3: ≈ 10⁻⁶ s/op
Warm-up 4: ≈ 10⁻⁶ s/op
Warm-up 5: ≈ 10⁻⁶ s/op
Warm-up 6: ≈ 10⁻⁶ s/op
Warm-up 7: ≈ 10⁻⁶ s/op
Warm-up 8: ≈ 10⁻⁶ s/op
Iteration 1: ≈ 10⁻⁶ s/op
Iteration 2: ≈ 10⁻⁶ s/op
Iteration 3: ≈ 10⁻⁶ s/op
Iteration 4: ≈ 10⁻⁶ s/op
Iteration 5: ≈ 10⁻⁶ s/op
Iteration 6: ≈ 10⁻⁶ s/op
Iteration 7: ≈ 10⁻⁶ s/op
Iteration 8: ≈ 10⁻⁶ s/op
Iteration 9: ≈ 10⁻⁶ s/op
Iteration 10: ≈ 10⁻⁶ s/op
Iteration 11: ≈ 10⁻⁶ s/op
Iteration 12: ≈ 10⁻⁶ s/op
Iteration 13: ≈ 10⁻⁶ s/op
Iteration 14: ≈ 10⁻⁶ s/op
Iteration 15: ≈ 10⁻⁶ s/op

  Success: ≈ 10⁻⁶ s/op

… com.rafambn.kflate.benchmark.CompressionBenchmarks.rawDeflateDecompressionFromKompress | corpus=text

BENCHMARK_CORPUS library=KFlate name=text originalBytes=1232923 originalMiB=1.1758 operationMiB=1.1758 rawBytes=523365 rawRatio=0.4244
Warm-up 1: 0.009 s/op
Warm-up 2: 0.008 s/op
Warm-up 3: 0.007 s/op
Warm-up 4: 0.007 s/op
Warm-up 5: 0.007 s/op
Warm-up 6: 0.007 s/op
Warm-up 7: 0.007 s/op
Warm-up 8: 0.007 s/op
Iteration 1: 0.007 s/op
Iteration 2: 0.007 s/op
Iteration 3: 0.008 s/op
Iteration 4: 0.007 s/op
Iteration 5: 0.007 s/op
Iteration 6: 0.007 s/op
Iteration 7: 0.007 s/op
Iteration 8: 0.007 s/op
Iteration 9: 0.007 s/op
Iteration 10: 0.007 s/op
Iteration 11: 0.007 s/op
Iteration 12: 0.008 s/op
Iteration 13: 0.008 s/op
Iteration 14: 0.008 s/op
Iteration 15: 0.008 s/op

BENCHMARK_CORPUS library=KFlate name=text originalBytes=1232923 originalMiB=1.1758 operationMiB=1.1758 rawBytes=523365 rawRatio=0.4244
Warm-up 1: 0.008 s/op
Warm-up 2: 0.008 s/op
Warm-up 3: 0.008 s/op
Warm-up 4: 0.008 s/op
Warm-up 5: 0.008 s/op
Warm-up 6: 0.008 s/op
Warm-up 7: 0.008 s/op
Warm-up 8: 0.007 s/op
Iteration 1: 0.007 s/op
Iteration 2: 0.007 s/op
Iteration 3: 0.007 s/op
Iteration 4: 0.007 s/op
Iteration 5: 0.007 s/op
Iteration 6: 0.007 s/op
Iteration 7: 0.007 s/op
Iteration 8: 0.007 s/op
Iteration 9: 0.007 s/op
Iteration 10: 0.007 s/op
Iteration 11: 0.007 s/op
Iteration 12: 0.007 s/op
Iteration 13: 0.007 s/op
Iteration 14: 0.007 s/op
Iteration 15: 0.007 s/op

BENCHMARK_CORPUS library=KFlate name=text originalBytes=1232923 originalMiB=1.1758 operationMiB=1.1758 rawBytes=523365 rawRatio=0.4244
Warm-up 1: 0.008 s/op
Warm-up 2: 0.007 s/op
Warm-up 3: 0.007 s/op
Warm-up 4: 0.007 s/op
Warm-up 5: 0.007 s/op
Warm-up 6: 0.007 s/op
Warm-up 7: 0.007 s/op
Warm-up 8: 0.007 s/op
Iteration 1: 0.007 s/op
Iteration 2: 0.007 s/op
Iteration 3: 0.007 s/op
Iteration 4: 0.008 s/op
Iteration 5: 0.008 s/op
Iteration 6: 0.008 s/op
Iteration 7: 0.008 s/op
Iteration 8: 0.008 s/op
Iteration 9: 0.008 s/op
Iteration 10: 0.008 s/op
Iteration 11: 0.007 s/op
Iteration 12: 0.007 s/op
Iteration 13: 0.007 s/op
Iteration 14: 0.008 s/op
Iteration 15: 0.008 s/op

  Success: 0.007 ±(99.9%) 0.001 s/op [Average]
  (min, avg, max) = (0.007, 0.007, 0.008), stdev = 0.001
  CI (99.9%): [0.007, 0.008] (assumes normal distribution)

… com.rafambn.kflate.benchmark.CompressionBenchmarks.rawDeflateDecompressionFromKompress | corpus=model3D

BENCHMARK_CORPUS library=KFlate name=model3D originalBytes=2478 originalMiB=0.0023 operationMiB=0.0023 rawBytes=2166 rawRatio=0.874
Warm-up 1: ≈ 10⁻⁵ s/op
Warm-up 2: ≈ 10⁻⁵ s/op
Warm-up 3: ≈ 10⁻⁵ s/op
Warm-up 4: ≈ 10⁻⁵ s/op
Warm-up 5: ≈ 10⁻⁵ s/op
Warm-up 6: ≈ 10⁻⁵ s/op
Warm-up 7: ≈ 10⁻⁵ s/op
Warm-up 8: ≈ 10⁻⁵ s/op
Iteration 1: ≈ 10⁻⁵ s/op
Iteration 2: ≈ 10⁻⁵ s/op
Iteration 3: ≈ 10⁻⁵ s/op
Iteration 4: ≈ 10⁻⁵ s/op
Iteration 5: ≈ 10⁻⁵ s/op
Iteration 6: ≈ 10⁻⁵ s/op
Iteration 7: ≈ 10⁻⁵ s/op
Iteration 8: ≈ 10⁻⁵ s/op
Iteration 9: ≈ 10⁻⁵ s/op
Iteration 10: ≈ 10⁻⁵ s/op
Iteration 11: ≈ 10⁻⁵ s/op
Iteration 12: ≈ 10⁻⁵ s/op
Iteration 13: ≈ 10⁻⁵ s/op
Iteration 14: ≈ 10⁻⁵ s/op
Iteration 15: ≈ 10⁻⁵ s/op

BENCHMARK_CORPUS library=KFlate name=model3D originalBytes=2478 originalMiB=0.0023 operationMiB=0.0023 rawBytes=2166 rawRatio=0.874
Warm-up 1: ≈ 10⁻⁵ s/op
Warm-up 2: ≈ 10⁻⁵ s/op
Warm-up 3: ≈ 10⁻⁵ s/op
Warm-up 4: ≈ 10⁻⁵ s/op
Warm-up 5: ≈ 10⁻⁵ s/op
Warm-up 6: ≈ 10⁻⁵ s/op
Warm-up 7: ≈ 10⁻⁵ s/op
Warm-up 8: ≈ 10⁻⁵ s/op
Iteration 1: ≈ 10⁻⁵ s/op
Iteration 2: ≈ 10⁻⁵ s/op
Iteration 3: ≈ 10⁻⁵ s/op
Iteration 4: ≈ 10⁻⁵ s/op
Iteration 5: ≈ 10⁻⁵ s/op
Iteration 6: ≈ 10⁻⁵ s/op
Iteration 7: ≈ 10⁻⁵ s/op
Iteration 8: ≈ 10⁻⁵ s/op
Iteration 9: ≈ 10⁻⁵ s/op
Iteration 10: ≈ 10⁻⁵ s/op
Iteration 11: ≈ 10⁻⁵ s/op
Iteration 12: ≈ 10⁻⁵ s/op
Iteration 13: ≈ 10⁻⁵ s/op
Iteration 14: ≈ 10⁻⁵ s/op
Iteration 15: ≈ 10⁻⁵ s/op

BENCHMARK_CORPUS library=KFlate name=model3D originalBytes=2478 originalMiB=0.0023 operationMiB=0.0023 rawBytes=2166 rawRatio=0.874
Warm-up 1: ≈ 10⁻⁵ s/op
Warm-up 2: ≈ 10⁻⁵ s/op
Warm-up 3: ≈ 10⁻⁵ s/op
Warm-up 4: ≈ 10⁻⁵ s/op
Warm-up 5: ≈ 10⁻⁵ s/op
Warm-up 6: ≈ 10⁻⁵ s/op
Warm-up 7: ≈ 10⁻⁵ s/op
Warm-up 8: ≈ 10⁻⁵ s/op
Iteration 1: ≈ 10⁻⁵ s/op
Iteration 2: ≈ 10⁻⁵ s/op
Iteration 3: ≈ 10⁻⁵ s/op
Iteration 4: ≈ 10⁻⁵ s/op
Iteration 5: ≈ 10⁻⁵ s/op
Iteration 6: ≈ 10⁻⁵ s/op
Iteration 7: ≈ 10⁻⁵ s/op
Iteration 8: ≈ 10⁻⁵ s/op
Iteration 9: ≈ 10⁻⁵ s/op
Iteration 10: ≈ 10⁻⁵ s/op
Iteration 11: ≈ 10⁻⁵ s/op
Iteration 12: ≈ 10⁻⁵ s/op
Iteration 13: ≈ 10⁻⁵ s/op
Iteration 14: ≈ 10⁻⁵ s/op
Iteration 15: ≈ 10⁻⁵ s/op

  Success: ≈ 10⁻⁵ s/op

… com.rafambn.kflate.benchmark.CompressionBenchmarks.rawDeflateDecompressionFromKompress | corpus=Rainier.bmp

BENCHMARK_CORPUS library=KFlate name=Rainier.bmp originalBytes=6220854 originalMiB=5.9326 operationMiB=5.9326 rawBytes=3199784 rawRatio=0.5143
Warm-up 1: 0.037 s/op
Warm-up 2: 0.035 s/op
Warm-up 3: 0.039 s/op
Warm-up 4: 0.040 s/op
Warm-up 5: 0.040 s/op
Warm-up 6: 0.038 s/op
Warm-up 7: 0.035 s/op
Warm-up 8: 0.035 s/op
Iteration 1: 0.039 s/op
Iteration 2: 0.040 s/op
Iteration 3: 0.040 s/op
Iteration 4: 0.039 s/op
Iteration 5: 0.038 s/op
Iteration 6: 0.040 s/op
Iteration 7: 0.040 s/op
Iteration 8: 0.040 s/op
Iteration 9: 0.040 s/op
Iteration 10: 0.038 s/op
Iteration 11: 0.036 s/op
Iteration 12: 0.039 s/op
Iteration 13: 0.040 s/op
Iteration 14: 0.040 s/op
Iteration 15: 0.040 s/op

BENCHMARK_CORPUS library=KFlate name=Rainier.bmp originalBytes=6220854 originalMiB=5.9326 operationMiB=5.9326 rawBytes=3199784 rawRatio=0.5143
Warm-up 1: 0.039 s/op
Warm-up 2: 0.034 s/op
Warm-up 3: 0.034 s/op
Warm-up 4: 0.034 s/op
Warm-up 5: 0.034 s/op
Warm-up 6: 0.037 s/op
Warm-up 7: 0.034 s/op
Warm-up 8: 0.038 s/op
Iteration 1: 0.034 s/op
Iteration 2: 0.035 s/op
Iteration 3: 0.037 s/op
Iteration 4: 0.038 s/op
Iteration 5: 0.038 s/op
Iteration 6: 0.038 s/op
Iteration 7: 0.035 s/op
Iteration 8: 0.035 s/op
Iteration 9: 0.035 s/op
Iteration 10: 0.037 s/op
Iteration 11: 0.038 s/op
Iteration 12: 0.038 s/op
Iteration 13: 0.035 s/op
Iteration 14: 0.034 s/op
Iteration 15: 0.034 s/op

BENCHMARK_CORPUS library=KFlate name=Rainier.bmp originalBytes=6220854 originalMiB=5.9326 operationMiB=5.9326 rawBytes=3199784 rawRatio=0.5143
Warm-up 1: 0.041 s/op
Warm-up 2: 0.039 s/op
Warm-up 3: 0.038 s/op
Warm-up 4: 0.039 s/op
Warm-up 5: 0.036 s/op
Warm-up 6: 0.039 s/op
Warm-up 7: 0.036 s/op
Warm-up 8: 0.038 s/op
Iteration 1: 0.038 s/op
Iteration 2: 0.036 s/op
Iteration 3: 0.035 s/op
Iteration 4: 0.035 s/op
Iteration 5: 0.037 s/op
Iteration 6: 0.037 s/op
Iteration 7: 0.035 s/op
Iteration 8: 0.035 s/op
Iteration 9: 0.035 s/op
Iteration 10: 0.036 s/op
Iteration 11: 0.035 s/op
Iteration 12: 0.035 s/op
Iteration 13: 0.035 s/op
Iteration 14: 0.035 s/op
Iteration 15: 0.036 s/op

  Success: 0.037 ±(99.9%) 0.001 s/op [Average]
  (min, avg, max) = (0.034, 0.037, 0.040), stdev = 0.002
  CI (99.9%): [0.036, 0.038] (assumes normal distribution)

… com.rafambn.kflate.benchmark.CompressionBenchmarks.rawDeflateDecompressionFromKompress | corpus=Maltese.bmp

BENCHMARK_CORPUS library=KFlate name=Maltese.bmp originalBytes=16427390 originalMiB=15.6663 operationMiB=15.6663 rawBytes=6758938 rawRatio=0.4114
Warm-up 1: 0.105 s/op
Warm-up 2: 0.099 s/op
Warm-up 3: 0.100 s/op
Warm-up 4: 0.098 s/op
Warm-up 5: 0.089 s/op
Warm-up 6: 0.089 s/op
Warm-up 7: 0.099 s/op
Warm-up 8: 0.099 s/op
Iteration 1: 0.098 s/op
Iteration 2: 0.098 s/op
Iteration 3: 0.100 s/op
Iteration 4: 0.098 s/op
Iteration 5: 0.088 s/op
Iteration 6: 0.089 s/op
Iteration 7: 0.088 s/op
Iteration 8: 0.088 s/op
Iteration 9: 0.089 s/op
Iteration 10: 0.088 s/op
Iteration 11: 0.092 s/op
Iteration 12: 0.099 s/op
Iteration 13: 0.099 s/op
Iteration 14: 0.099 s/op
Iteration 15: 0.099 s/op

BENCHMARK_CORPUS library=KFlate name=Maltese.bmp originalBytes=16427390 originalMiB=15.6663 operationMiB=15.6663 rawBytes=6758938 rawRatio=0.4114
Warm-up 1: 0.114 s/op
Warm-up 2: 0.100 s/op
Warm-up 3: 0.100 s/op
Warm-up 4: 0.101 s/op
Warm-up 5: 0.099 s/op
Warm-up 6: 0.098 s/op
Warm-up 7: 0.097 s/op
Warm-up 8: 0.100 s/op
Iteration 1: 0.100 s/op
Iteration 2: 0.100 s/op
Iteration 3: 0.100 s/op
Iteration 4: 0.099 s/op
Iteration 5: 0.099 s/op
Iteration 6: 0.100 s/op
Iteration 7: 0.099 s/op
Iteration 8: 0.099 s/op
Iteration 9: 0.099 s/op
Iteration 10: 0.099 s/op
Iteration 11: 0.099 s/op
Iteration 12: 0.099 s/op
Iteration 13: 0.099 s/op
Iteration 14: 0.099 s/op
Iteration 15: 0.099 s/op

BENCHMARK_CORPUS library=KFlate name=Maltese.bmp originalBytes=16427390 originalMiB=15.6663 operationMiB=15.6663 rawBytes=6758938 rawRatio=0.4114
Warm-up 1: 0.105 s/op
Warm-up 2: 0.102 s/op
Warm-up 3: 0.099 s/op
Warm-up 4: 0.092 s/op
Warm-up 5: 0.090 s/op
Warm-up 6: 0.090 s/op
Warm-up 7: 0.090 s/op
Warm-up 8: 0.092 s/op
Iteration 1: 0.092 s/op
Iteration 2: 0.091 s/op
Iteration 3: 0.091 s/op
Iteration 4: 0.100 s/op
Iteration 5: 0.109 s/op
Iteration 6: 0.100 s/op
Iteration 7: 0.097 s/op
Iteration 8: 0.094 s/op
Iteration 9: 0.093 s/op
Iteration 10: 0.090 s/op
Iteration 11: 0.090 s/op
Iteration 12: 0.091 s/op
Iteration 13: 0.095 s/op
Iteration 14: 0.091 s/op
Iteration 15: 0.091 s/op

  Success: 0.096 ±(99.9%) 0.003 s/op [Average]
  (min, avg, max) = (0.088, 0.096, 0.109), stdev = 0.005
  CI (99.9%): [0.093, 0.099] (assumes normal distribution)

… com.rafambn.kflate.benchmark.CompressionBenchmarks.rawDeflateDecompressionFromKompress | corpus=Sunrise.bmp

BENCHMARK_CORPUS library=KFlate name=Sunrise.bmp originalBytes=52344054 originalMiB=49.9191 operationMiB=49.9191 rawBytes=25817354 rawRatio=0.4932
Warm-up 1: 0.388 s/op
Warm-up 2: 0.391 s/op
Warm-up 3: 0.392 s/op
Warm-up 4: 0.392 s/op
Warm-up 5: 0.392 s/op
Warm-up 6: 0.391 s/op
Warm-up 7: 0.391 s/op
Warm-up 8: 0.391 s/op
Iteration 1: 0.391 s/op
Iteration 2: 0.392 s/op
Iteration 3: 0.396 s/op
Iteration 4: 0.392 s/op
Iteration 5: 0.391 s/op
Iteration 6: 0.392 s/op
Iteration 7: 0.392 s/op
Iteration 8: 0.397 s/op
Iteration 9: 0.396 s/op
Iteration 10: 0.396 s/op
Iteration 11: 0.398 s/op
Iteration 12: 0.396 s/op
Iteration 13: 0.398 s/op
Iteration 14: 0.408 s/op
Iteration 15: 0.381 s/op

BENCHMARK_CORPUS library=KFlate name=Sunrise.bmp originalBytes=52344054 originalMiB=49.9191 operationMiB=49.9191 rawBytes=25817354 rawRatio=0.4932
Warm-up 1: 0.366 s/op
Warm-up 2: 0.366 s/op
Warm-up 3: 0.407 s/op
Warm-up 4: 0.409 s/op
Warm-up 5: 0.407 s/op
Warm-up 6: 0.407 s/op
Warm-up 7: 0.403 s/op
Warm-up 8: 0.399 s/op
Iteration 1: 0.399 s/op
Iteration 2: 0.401 s/op
Iteration 3: 0.399 s/op
Iteration 4: 0.352 s/op
Iteration 5: 0.368 s/op
Iteration 6: 0.399 s/op
Iteration 7: 0.403 s/op
Iteration 8: 0.399 s/op
Iteration 9: 0.398 s/op
Iteration 10: 0.399 s/op
Iteration 11: 0.394 s/op
Iteration 12: 0.397 s/op
Iteration 13: 0.399 s/op
Iteration 14: 0.398 s/op
Iteration 15: 0.397 s/op

BENCHMARK_CORPUS library=KFlate name=Sunrise.bmp originalBytes=52344054 originalMiB=49.9191 operationMiB=49.9191 rawBytes=25817354 rawRatio=0.4932
Warm-up 1: 0.416 s/op
Warm-up 2: 0.396 s/op
Warm-up 3: 0.365 s/op
Warm-up 4: 0.394 s/op
Warm-up 5: 0.394 s/op
Warm-up 6: 0.394 s/op
Warm-up 7: 0.393 s/op
Warm-up 8: 0.393 s/op
Iteration 1: 0.394 s/op
Iteration 2: 0.394 s/op
Iteration 3: 0.400 s/op
Iteration 4: 0.395 s/op
Iteration 5: 0.391 s/op
Iteration 6: 0.391 s/op
Iteration 7: 0.391 s/op
Iteration 8: 0.419 s/op
Iteration 9: 0.374 s/op
Iteration 10: 0.369 s/op
Iteration 11: 0.363 s/op
Iteration 12: 0.390 s/op
Iteration 13: 0.393 s/op
Iteration 14: 0.394 s/op
Iteration 15: 0.393 s/op

  Success: 0.393 ±(99.9%) 0.006 s/op [Average]
  (min, avg, max) = (0.352, 0.393, 0.419), stdev = 0.012
  CI (99.9%): [0.387, 0.399] (assumes normal distribution)

… com.rafambn.kflate.benchmark.CompressionBenchmarks.rawDeflateDecompressionFromKompress | corpus=compressed_MVT.pbf

BENCHMARK_CORPUS library=KFlate name=compressed_MVT.pbf originalBytes=146224 originalMiB=0.1394 operationMiB=0.1394 rawBytes=93980 rawRatio=0.6427
Warm-up 1: 0.001 s/op
Warm-up 2: 0.001 s/op
Warm-up 3: 0.001 s/op
Warm-up 4: 0.001 s/op
Warm-up 5: 0.001 s/op
Warm-up 6: 0.001 s/op
Warm-up 7: 0.001 s/op
Warm-up 8: 0.001 s/op
Iteration 1: 0.001 s/op
Iteration 2: 0.001 s/op
Iteration 3: 0.001 s/op
Iteration 4: 0.001 s/op
Iteration 5: 0.001 s/op
Iteration 6: 0.001 s/op
Iteration 7: 0.001 s/op
Iteration 8: 0.001 s/op
Iteration 9: 0.001 s/op
Iteration 10: 0.001 s/op
Iteration 11: 0.001 s/op
Iteration 12: 0.001 s/op
Iteration 13: 0.001 s/op
Iteration 14: 0.001 s/op
Iteration 15: 0.001 s/op

BENCHMARK_CORPUS library=KFlate name=compressed_MVT.pbf originalBytes=146224 originalMiB=0.1394 operationMiB=0.1394 rawBytes=93980 rawRatio=0.6427
Warm-up 1: 0.001 s/op
Warm-up 2: 0.001 s/op
Warm-up 3: 0.001 s/op
Warm-up 4: 0.001 s/op
Warm-up 5: 0.001 s/op
Warm-up 6: 0.001 s/op
Warm-up 7: 0.001 s/op
Warm-up 8: 0.001 s/op
Iteration 1: 0.001 s/op
Iteration 2: 0.001 s/op
Iteration 3: 0.001 s/op
Iteration 4: 0.001 s/op
Iteration 5: 0.001 s/op
Iteration 6: 0.001 s/op
Iteration 7: 0.001 s/op
Iteration 8: 0.001 s/op
Iteration 9: 0.001 s/op
Iteration 10: 0.001 s/op
Iteration 11: 0.001 s/op
Iteration 12: 0.001 s/op
Iteration 13: 0.001 s/op
Iteration 14: 0.001 s/op
Iteration 15: 0.001 s/op

BENCHMARK_CORPUS library=KFlate name=compressed_MVT.pbf originalBytes=146224 originalMiB=0.1394 operationMiB=0.1394 rawBytes=93980 rawRatio=0.6427
Warm-up 1: 0.001 s/op
Warm-up 2: 0.001 s/op
Warm-up 3: 0.001 s/op
Warm-up 4: 0.001 s/op
Warm-up 5: 0.001 s/op
Warm-up 6: 0.001 s/op
Warm-up 7: 0.001 s/op
Warm-up 8: 0.001 s/op
Iteration 1: 0.001 s/op
Iteration 2: 0.001 s/op
Iteration 3: 0.001 s/op
Iteration 4: 0.001 s/op
Iteration 5: 0.001 s/op
Iteration 6: 0.001 s/op
Iteration 7: 0.001 s/op
Iteration 8: 0.001 s/op
Iteration 9: 0.001 s/op
Iteration 10: 0.001 s/op
Iteration 11: 0.001 s/op
Iteration 12: 0.001 s/op
Iteration 13: 0.001 s/op
Iteration 14: 0.001 s/op
Iteration 15: 0.001 s/op

  Success: 0.001 ±(99.9%) 0.001 s/op [Average]
  (min, avg, max) = (0.001, 0.001, 0.001), stdev = 0.001
  CI (99.9%): [0.001, 0.001] (assumes normal distribution)

… com.rafambn.kflate.benchmark.KompressBaselineBenchmarks.rawDeflateCompression | corpus=simpleText

BENCHMARK_BASELINE_CORPUS library=Kompress name=simpleText originalBytes=100 originalMiB=0.0 operationMiB=0.0 rawBytes=84 rawRatio=0.84
Warm-up 1: ≈ 10⁻⁵ s/op
Warm-up 2: ≈ 10⁻⁵ s/op
Warm-up 3: ≈ 10⁻⁵ s/op
Warm-up 4: ≈ 10⁻⁵ s/op
Warm-up 5: ≈ 10⁻⁵ s/op
Warm-up 6: ≈ 10⁻⁵ s/op
Warm-up 7: ≈ 10⁻⁵ s/op
Warm-up 8: ≈ 10⁻⁵ s/op
Iteration 1: ≈ 10⁻⁵ s/op
Iteration 2: ≈ 10⁻⁵ s/op
Iteration 3: ≈ 10⁻⁵ s/op
Iteration 4: ≈ 10⁻⁵ s/op
Iteration 5: ≈ 10⁻⁵ s/op
Iteration 6: ≈ 10⁻⁵ s/op
Iteration 7: ≈ 10⁻⁵ s/op
Iteration 8: ≈ 10⁻⁵ s/op
Iteration 9: ≈ 10⁻⁵ s/op
Iteration 10: ≈ 10⁻⁵ s/op
Iteration 11: ≈ 10⁻⁵ s/op
Iteration 12: ≈ 10⁻⁵ s/op
Iteration 13: ≈ 10⁻⁵ s/op
Iteration 14: ≈ 10⁻⁵ s/op
Iteration 15: ≈ 10⁻⁵ s/op

BENCHMARK_BASELINE_CORPUS library=Kompress name=simpleText originalBytes=100 originalMiB=0.0 operationMiB=0.0 rawBytes=84 rawRatio=0.84
Warm-up 1: ≈ 10⁻⁵ s/op
Warm-up 2: ≈ 10⁻⁵ s/op
Warm-up 3: ≈ 10⁻⁵ s/op
Warm-up 4: ≈ 10⁻⁵ s/op
Warm-up 5: ≈ 10⁻⁵ s/op
Warm-up 6: ≈ 10⁻⁵ s/op
Warm-up 7: ≈ 10⁻⁵ s/op
Warm-up 8: ≈ 10⁻⁵ s/op
Iteration 1: ≈ 10⁻⁵ s/op
Iteration 2: ≈ 10⁻⁵ s/op
Iteration 3: ≈ 10⁻⁵ s/op
Iteration 4: ≈ 10⁻⁵ s/op
Iteration 5: ≈ 10⁻⁵ s/op
Iteration 6: ≈ 10⁻⁵ s/op
Iteration 7: ≈ 10⁻⁵ s/op
Iteration 8: ≈ 10⁻⁵ s/op
Iteration 9: ≈ 10⁻⁵ s/op
Iteration 10: ≈ 10⁻⁵ s/op
Iteration 11: ≈ 10⁻⁵ s/op
Iteration 12: ≈ 10⁻⁵ s/op
Iteration 13: ≈ 10⁻⁵ s/op
Iteration 14: ≈ 10⁻⁵ s/op
Iteration 15: ≈ 10⁻⁵ s/op

BENCHMARK_BASELINE_CORPUS library=Kompress name=simpleText originalBytes=100 originalMiB=0.0 operationMiB=0.0 rawBytes=84 rawRatio=0.84
Warm-up 1: ≈ 10⁻⁵ s/op
Warm-up 2: ≈ 10⁻⁵ s/op
Warm-up 3: ≈ 10⁻⁵ s/op
Warm-up 4: ≈ 10⁻⁵ s/op
Warm-up 5: ≈ 10⁻⁵ s/op
Warm-up 6: ≈ 10⁻⁵ s/op
Warm-up 7: ≈ 10⁻⁵ s/op
Warm-up 8: ≈ 10⁻⁵ s/op
Iteration 1: ≈ 10⁻⁵ s/op
Iteration 2: ≈ 10⁻⁵ s/op
Iteration 3: ≈ 10⁻⁵ s/op
Iteration 4: ≈ 10⁻⁵ s/op
Iteration 5: ≈ 10⁻⁵ s/op
Iteration 6: ≈ 10⁻⁵ s/op
Iteration 7: ≈ 10⁻⁵ s/op
Iteration 8: ≈ 10⁻⁵ s/op
Iteration 9: ≈ 10⁻⁵ s/op
Iteration 10: ≈ 10⁻⁵ s/op
Iteration 11: ≈ 10⁻⁵ s/op
Iteration 12: ≈ 10⁻⁵ s/op
Iteration 13: ≈ 10⁻⁵ s/op
Iteration 14: ≈ 10⁻⁵ s/op
Iteration 15: ≈ 10⁻⁵ s/op

  Success: ≈ 10⁻⁵ s/op

… com.rafambn.kflate.benchmark.KompressBaselineBenchmarks.rawDeflateCompression | corpus=text

BENCHMARK_BASELINE_CORPUS library=Kompress name=text originalBytes=1232923 originalMiB=1.1758 operationMiB=1.1758 rawBytes=505318 rawRatio=0.4098
Warm-up 1: 0.054 s/op
Warm-up 2: 0.053 s/op
Warm-up 3: 0.053 s/op
Warm-up 4: 0.053 s/op
Warm-up 5: 0.053 s/op
Warm-up 6: 0.053 s/op
Warm-up 7: 0.053 s/op
Warm-up 8: 0.054 s/op
Iteration 1: 0.053 s/op
Iteration 2: 0.053 s/op
Iteration 3: 0.053 s/op
Iteration 4: 0.053 s/op
Iteration 5: 0.053 s/op
Iteration 6: 0.054 s/op
Iteration 7: 0.053 s/op
Iteration 8: 0.053 s/op
Iteration 9: 0.053 s/op
Iteration 10: 0.053 s/op
Iteration 11: 0.053 s/op
Iteration 12: 0.053 s/op
Iteration 13: 0.053 s/op
Iteration 14: 0.054 s/op
Iteration 15: 0.053 s/op

BENCHMARK_BASELINE_CORPUS library=Kompress name=text originalBytes=1232923 originalMiB=1.1758 operationMiB=1.1758 rawBytes=505318 rawRatio=0.4098
Warm-up 1: 0.053 s/op
Warm-up 2: 0.053 s/op
Warm-up 3: 0.053 s/op
Warm-up 4: 0.053 s/op
Warm-up 5: 0.053 s/op
Warm-up 6: 0.053 s/op
Warm-up 7: 0.053 s/op
Warm-up 8: 0.053 s/op
Iteration 1: 0.054 s/op
Iteration 2: 0.054 s/op
Iteration 3: 0.053 s/op
Iteration 4: 0.053 s/op
Iteration 5: 0.053 s/op
Iteration 6: 0.053 s/op
Iteration 7: 0.054 s/op
Iteration 8: 0.053 s/op
Iteration 9: 0.053 s/op
Iteration 10: 0.053 s/op
Iteration 11: 0.053 s/op
Iteration 12: 0.051 s/op
Iteration 13: 0.051 s/op
Iteration 14: 0.051 s/op
Iteration 15: 0.051 s/op

BENCHMARK_BASELINE_CORPUS library=Kompress name=text originalBytes=1232923 originalMiB=1.1758 operationMiB=1.1758 rawBytes=505318 rawRatio=0.4098
Warm-up 1: 0.051 s/op
Warm-up 2: 0.051 s/op
Warm-up 3: 0.051 s/op
Warm-up 4: 0.051 s/op
Warm-up 5: 0.051 s/op
Warm-up 6: 0.051 s/op
Warm-up 7: 0.051 s/op
Warm-up 8: 0.051 s/op
Iteration 1: 0.051 s/op
Iteration 2: 0.051 s/op
Iteration 3: 0.053 s/op
Iteration 4: 0.051 s/op
Iteration 5: 0.051 s/op
Iteration 6: 0.051 s/op
Iteration 7: 0.051 s/op
Iteration 8: 0.050 s/op
Iteration 9: 0.051 s/op
Iteration 10: 0.051 s/op
Iteration 11: 0.052 s/op
Iteration 12: 0.051 s/op
Iteration 13: 0.051 s/op
Iteration 14: 0.051 s/op
Iteration 15: 0.051 s/op

  Success: 0.052 ±(99.9%) 0.001 s/op [Average]
  (min, avg, max) = (0.050, 0.052, 0.054), stdev = 0.001
  CI (99.9%): [0.052, 0.053] (assumes normal distribution)

… com.rafambn.kflate.benchmark.KompressBaselineBenchmarks.rawDeflateCompression | corpus=model3D

BENCHMARK_BASELINE_CORPUS library=Kompress name=model3D originalBytes=2478 originalMiB=0.0023 operationMiB=0.0023 rawBytes=2149 rawRatio=0.8672
Warm-up 1: ≈ 10⁻⁵ s/op
Warm-up 2: ≈ 10⁻⁵ s/op
Warm-up 3: ≈ 10⁻⁵ s/op
Warm-up 4: ≈ 10⁻⁵ s/op
Warm-up 5: ≈ 10⁻⁵ s/op
Warm-up 6: ≈ 10⁻⁵ s/op
Warm-up 7: ≈ 10⁻⁵ s/op
Warm-up 8: ≈ 10⁻⁵ s/op
Iteration 1: ≈ 10⁻⁵ s/op
Iteration 2: ≈ 10⁻⁵ s/op
Iteration 3: ≈ 10⁻⁵ s/op
Iteration 4: ≈ 10⁻⁵ s/op
Iteration 5: ≈ 10⁻⁵ s/op
Iteration 6: ≈ 10⁻⁵ s/op
Iteration 7: ≈ 10⁻⁵ s/op
Iteration 8: ≈ 10⁻⁵ s/op
Iteration 9: ≈ 10⁻⁵ s/op
Iteration 10: ≈ 10⁻⁵ s/op
Iteration 11: ≈ 10⁻⁵ s/op
Iteration 12: ≈ 10⁻⁵ s/op
Iteration 13: ≈ 10⁻⁵ s/op
Iteration 14: ≈ 10⁻⁵ s/op
Iteration 15: ≈ 10⁻⁵ s/op

BENCHMARK_BASELINE_CORPUS library=Kompress name=model3D originalBytes=2478 originalMiB=0.0023 operationMiB=0.0023 rawBytes=2149 rawRatio=0.8672
Warm-up 1: ≈ 10⁻⁵ s/op
Warm-up 2: ≈ 10⁻⁵ s/op
Warm-up 3: ≈ 10⁻⁵ s/op
Warm-up 4: ≈ 10⁻⁵ s/op
Warm-up 5: ≈ 10⁻⁵ s/op
Warm-up 6: ≈ 10⁻⁵ s/op
Warm-up 7: ≈ 10⁻⁵ s/op
Warm-up 8: ≈ 10⁻⁵ s/op
Iteration 1: ≈ 10⁻⁵ s/op
Iteration 2: ≈ 10⁻⁵ s/op
Iteration 3: ≈ 10⁻⁵ s/op
Iteration 4: ≈ 10⁻⁵ s/op
Iteration 5: ≈ 10⁻⁵ s/op
Iteration 6: ≈ 10⁻⁵ s/op
Iteration 7: ≈ 10⁻⁵ s/op
Iteration 8: ≈ 10⁻⁵ s/op
Iteration 9: ≈ 10⁻⁵ s/op
Iteration 10: ≈ 10⁻⁵ s/op
Iteration 11: ≈ 10⁻⁵ s/op
Iteration 12: ≈ 10⁻⁵ s/op
Iteration 13: ≈ 10⁻⁵ s/op
Iteration 14: ≈ 10⁻⁵ s/op
Iteration 15: ≈ 10⁻⁵ s/op

BENCHMARK_BASELINE_CORPUS library=Kompress name=model3D originalBytes=2478 originalMiB=0.0023 operationMiB=0.0023 rawBytes=2149 rawRatio=0.8672
Warm-up 1: ≈ 10⁻⁵ s/op
Warm-up 2: ≈ 10⁻⁵ s/op
Warm-up 3: ≈ 10⁻⁵ s/op
Warm-up 4: ≈ 10⁻⁵ s/op
Warm-up 5: ≈ 10⁻⁵ s/op
Warm-up 6: ≈ 10⁻⁵ s/op
Warm-up 7: ≈ 10⁻⁵ s/op
Warm-up 8: ≈ 10⁻⁵ s/op
Iteration 1: ≈ 10⁻⁵ s/op
Iteration 2: ≈ 10⁻⁵ s/op
Iteration 3: ≈ 10⁻⁵ s/op
Iteration 4: ≈ 10⁻⁵ s/op
Iteration 5: ≈ 10⁻⁵ s/op
Iteration 6: ≈ 10⁻⁵ s/op
Iteration 7: ≈ 10⁻⁵ s/op
Iteration 8: ≈ 10⁻⁵ s/op
Iteration 9: ≈ 10⁻⁵ s/op
Iteration 10: ≈ 10⁻⁵ s/op
Iteration 11: ≈ 10⁻⁵ s/op
Iteration 12: ≈ 10⁻⁵ s/op
Iteration 13: ≈ 10⁻⁵ s/op
Iteration 14: ≈ 10⁻⁵ s/op
Iteration 15: ≈ 10⁻⁵ s/op

  Success: ≈ 10⁻⁵ s/op

… com.rafambn.kflate.benchmark.KompressBaselineBenchmarks.rawDeflateCompression | corpus=Rainier.bmp

BENCHMARK_BASELINE_CORPUS library=Kompress name=Rainier.bmp originalBytes=6220854 originalMiB=5.9326 operationMiB=5.9326 rawBytes=3275337 rawRatio=0.5265
Warm-up 1: 0.105 s/op
Warm-up 2: 0.105 s/op
Warm-up 3: 0.105 s/op
Warm-up 4: 0.105 s/op
Warm-up 5: 0.105 s/op
Warm-up 6: 0.105 s/op
Warm-up 7: 0.104 s/op
Warm-up 8: 0.104 s/op
Iteration 1: 0.104 s/op
Iteration 2: 0.105 s/op
Iteration 3: 0.105 s/op
Iteration 4: 0.104 s/op
Iteration 5: 0.105 s/op
Iteration 6: 0.105 s/op
Iteration 7: 0.104 s/op
Iteration 8: 0.104 s/op
Iteration 9: 0.106 s/op
Iteration 10: 0.105 s/op
Iteration 11: 0.104 s/op
Iteration 12: 0.104 s/op
Iteration 13: 0.104 s/op
Iteration 14: 0.104 s/op
Iteration 15: 0.104 s/op

BENCHMARK_BASELINE_CORPUS library=Kompress name=Rainier.bmp originalBytes=6220854 originalMiB=5.9326 operationMiB=5.9326 rawBytes=3275337 rawRatio=0.5265
Warm-up 1: 0.094 s/op
Warm-up 2: 0.094 s/op
Warm-up 3: 0.094 s/op
Warm-up 4: 0.094 s/op
Warm-up 5: 0.104 s/op
Warm-up 6: 0.105 s/op
Warm-up 7: 0.105 s/op
Warm-up 8: 0.105 s/op
Iteration 1: 0.106 s/op
Iteration 2: 0.103 s/op
Iteration 3: 0.093 s/op
Iteration 4: 0.106 s/op
Iteration 5: 0.106 s/op
Iteration 6: 0.099 s/op
Iteration 7: 0.094 s/op
Iteration 8: 0.094 s/op
Iteration 9: 0.094 s/op
Iteration 10: 0.094 s/op
Iteration 11: 0.095 s/op
Iteration 12: 0.094 s/op
Iteration 13: 0.094 s/op
Iteration 14: 0.094 s/op
Iteration 15: 0.102 s/op

BENCHMARK_BASELINE_CORPUS library=Kompress name=Rainier.bmp originalBytes=6220854 originalMiB=5.9326 operationMiB=5.9326 rawBytes=3275337 rawRatio=0.5265
Warm-up 1: 0.095 s/op
Warm-up 2: 0.094 s/op
Warm-up 3: 0.095 s/op
Warm-up 4: 0.095 s/op
Warm-up 5: 0.104 s/op
Warm-up 6: 0.105 s/op
Warm-up 7: 0.106 s/op
Warm-up 8: 0.106 s/op
Iteration 1: 0.103 s/op
Iteration 2: 0.094 s/op
Iteration 3: 0.094 s/op
Iteration 4: 0.094 s/op
Iteration 5: 0.094 s/op
Iteration 6: 0.094 s/op
Iteration 7: 0.093 s/op
Iteration 8: 0.096 s/op
Iteration 9: 0.094 s/op
Iteration 10: 0.095 s/op
Iteration 11: 0.094 s/op
Iteration 12: 0.094 s/op
Iteration 13: 0.094 s/op
Iteration 14: 0.093 s/op
Iteration 15: 0.093 s/op

  Success: 0.099 ±(99.9%) 0.003 s/op [Average]
  (min, avg, max) = (0.093, 0.099, 0.106), stdev = 0.005
  CI (99.9%): [0.096, 0.102] (assumes normal distribution)

… com.rafambn.kflate.benchmark.KompressBaselineBenchmarks.rawDeflateCompression | corpus=Maltese.bmp

BENCHMARK_BASELINE_CORPUS library=Kompress name=Maltese.bmp originalBytes=16427390 originalMiB=15.6663 operationMiB=15.6663 rawBytes=7096685 rawRatio=0.432
Warm-up 1: 0.400 s/op
Warm-up 2: 0.400 s/op
Warm-up 3: 0.398 s/op
Warm-up 4: 0.398 s/op
Warm-up 5: 0.373 s/op
Warm-up 6: 0.363 s/op
Warm-up 7: 0.360 s/op
Warm-up 8: 0.360 s/op
Iteration 1: 0.360 s/op
Iteration 2: 0.361 s/op
Iteration 3: 0.362 s/op
Iteration 4: 0.376 s/op
Iteration 5: 0.388 s/op
Iteration 6: 0.388 s/op
Iteration 7: 0.388 s/op
Iteration 8: 0.387 s/op
Iteration 9: 0.387 s/op
Iteration 10: 0.387 s/op
Iteration 11: 0.390 s/op
Iteration 12: 0.386 s/op
Iteration 13: 0.360 s/op
Iteration 14: 0.360 s/op
Iteration 15: 0.360 s/op

BENCHMARK_BASELINE_CORPUS library=Kompress name=Maltese.bmp originalBytes=16427390 originalMiB=15.6663 operationMiB=15.6663 rawBytes=7096685 rawRatio=0.432
Warm-up 1: 0.396 s/op
Warm-up 2: 0.396 s/op
Warm-up 3: 0.396 s/op
Warm-up 4: 0.392 s/op
Warm-up 5: 0.361 s/op
Warm-up 6: 0.361 s/op
Warm-up 7: 0.361 s/op
Warm-up 8: 0.361 s/op
Iteration 1: 0.365 s/op
Iteration 2: 0.364 s/op
Iteration 3: 0.363 s/op
Iteration 4: 0.361 s/op
Iteration 5: 0.360 s/op
Iteration 6: 0.362 s/op
Iteration 7: 0.361 s/op
Iteration 8: 0.360 s/op
Iteration 9: 0.360 s/op
Iteration 10: 0.360 s/op
Iteration 11: 0.360 s/op
Iteration 12: 0.360 s/op
Iteration 13: 0.360 s/op
Iteration 14: 0.360 s/op
Iteration 15: 0.360 s/op

BENCHMARK_BASELINE_CORPUS library=Kompress name=Maltese.bmp originalBytes=16427390 originalMiB=15.6663 operationMiB=15.6663 rawBytes=7096685 rawRatio=0.432
Warm-up 1: 0.362 s/op
Warm-up 2: 0.361 s/op
Warm-up 3: 0.362 s/op
Warm-up 4: 0.361 s/op
Warm-up 5: 0.359 s/op
Warm-up 6: 0.359 s/op
Warm-up 7: 0.359 s/op
Warm-up 8: 0.360 s/op
Iteration 1: 0.360 s/op
Iteration 2: 0.361 s/op
Iteration 3: 0.362 s/op
Iteration 4: 0.360 s/op
Iteration 5: 0.360 s/op
Iteration 6: 0.366 s/op
Iteration 7: 0.360 s/op
Iteration 8: 0.363 s/op
Iteration 9: 0.360 s/op
Iteration 10: 0.361 s/op
Iteration 11: 0.389 s/op
Iteration 12: 0.393 s/op
Iteration 13: 0.400 s/op
Iteration 14: 0.360 s/op
Iteration 15: 0.361 s/op

  Success: 0.368 ±(99.9%) 0.007 s/op [Average]
  (min, avg, max) = (0.360, 0.368, 0.400), stdev = 0.013
  CI (99.9%): [0.362, 0.375] (assumes normal distribution)

… com.rafambn.kflate.benchmark.KompressBaselineBenchmarks.rawDeflateCompression | corpus=Sunrise.bmp

BENCHMARK_BASELINE_CORPUS library=Kompress name=Sunrise.bmp originalBytes=52344054 originalMiB=49.9191 operationMiB=49.9191 rawBytes=26698992 rawRatio=0.51
Warm-up 1: 1.148 s/op
Warm-up 2: 1.146 s/op
Warm-up 3: 1.148 s/op
Warm-up 4: 1.147 s/op
Warm-up 5: 1.150 s/op
Warm-up 6: 1.149 s/op
Warm-up 7: 1.148 s/op
Warm-up 8: 1.150 s/op
Iteration 1: 1.146 s/op
Iteration 2: 1.147 s/op
Iteration 3: 1.150 s/op
Iteration 4: 1.149 s/op
Iteration 5: 1.149 s/op
Iteration 6: 1.145 s/op
Iteration 7: 1.150 s/op
Iteration 8: 1.158 s/op
Iteration 9: 1.273 s/op
Iteration 10: 1.291 s/op
Iteration 11: 1.291 s/op
Iteration 12: 1.285 s/op
Iteration 13: 1.166 s/op
Iteration 14: 1.147 s/op
Iteration 15: 1.146 s/op

BENCHMARK_BASELINE_CORPUS library=Kompress name=Sunrise.bmp originalBytes=52344054 originalMiB=49.9191 operationMiB=49.9191 rawBytes=26698992 rawRatio=0.51
Warm-up 1: 1.150 s/op
Warm-up 2: 1.275 s/op
Warm-up 3: 1.287 s/op
Warm-up 4: 1.287 s/op
Warm-up 5: 1.287 s/op
Warm-up 6: 1.295 s/op
Warm-up 7: 1.282 s/op
Warm-up 8: 1.284 s/op
Iteration 1: 1.284 s/op
Iteration 2: 1.288 s/op
Iteration 3: 1.284 s/op
Iteration 4: 1.281 s/op
Iteration 5: 1.284 s/op
Iteration 6: 1.146 s/op
Iteration 7: 1.167 s/op
Iteration 8: 1.159 s/op
Iteration 9: 1.150 s/op
Iteration 10: 1.149 s/op
Iteration 11: 1.147 s/op
Iteration 12: 1.147 s/op
Iteration 13: 1.144 s/op
Iteration 14: 1.147 s/op
Iteration 15: 1.267 s/op

BENCHMARK_BASELINE_CORPUS library=Kompress name=Sunrise.bmp originalBytes=52344054 originalMiB=49.9191 operationMiB=49.9191 rawBytes=26698992 rawRatio=0.51
Warm-up 1: 1.275 s/op
Warm-up 2: 1.275 s/op
Warm-up 3: 1.275 s/op
Warm-up 4: 1.275 s/op
Warm-up 5: 1.277 s/op
Warm-up 6: 1.311 s/op
Warm-up 7: 1.291 s/op
Warm-up 8: 1.277 s/op
Iteration 1: 1.276 s/op
Iteration 2: 1.276 s/op
Iteration 3: 1.276 s/op
Iteration 4: 1.274 s/op
Iteration 5: 1.274 s/op
Iteration 6: 1.157 s/op
Iteration 7: 1.161 s/op
Iteration 8: 1.158 s/op
Iteration 9: 1.149 s/op
Iteration 10: 1.153 s/op
Iteration 11: 1.150 s/op
Iteration 12: 1.152 s/op
Iteration 13: 1.151 s/op
Iteration 14: 1.154 s/op
Iteration 15: 1.151 s/op

  Success: 1.194 ±(99.9%) 0.032 s/op [Average]
  (min, avg, max) = (1.144, 1.194, 1.291), stdev = 0.062
  CI (99.9%): [1.162, 1.227] (assumes normal distribution)

… com.rafambn.kflate.benchmark.KompressBaselineBenchmarks.rawDeflateCompression | corpus=compressed_MVT.pbf

BENCHMARK_BASELINE_CORPUS library=Kompress name=compressed_MVT.pbf originalBytes=146224 originalMiB=0.1394 operationMiB=0.1394 rawBytes=91408 rawRatio=0.6251
Warm-up 1: 0.004 s/op
Warm-up 2: 0.004 s/op
Warm-up 3: 0.004 s/op
Warm-up 4: 0.004 s/op
Warm-up 5: 0.004 s/op
Warm-up 6: 0.004 s/op
Warm-up 7: 0.004 s/op
Warm-up 8: 0.004 s/op
Iteration 1: 0.004 s/op
Iteration 2: 0.004 s/op
Iteration 3: 0.004 s/op
Iteration 4: 0.004 s/op
Iteration 5: 0.004 s/op
Iteration 6: 0.004 s/op
Iteration 7: 0.004 s/op
Iteration 8: 0.004 s/op
Iteration 9: 0.004 s/op
Iteration 10: 0.004 s/op
Iteration 11: 0.004 s/op
Iteration 12: 0.004 s/op
Iteration 13: 0.004 s/op
Iteration 14: 0.004 s/op
Iteration 15: 0.004 s/op

BENCHMARK_BASELINE_CORPUS library=Kompress name=compressed_MVT.pbf originalBytes=146224 originalMiB=0.1394 operationMiB=0.1394 rawBytes=91408 rawRatio=0.6251
Warm-up 1: 0.004 s/op
Warm-up 2: 0.004 s/op
Warm-up 3: 0.004 s/op
Warm-up 4: 0.004 s/op
Warm-up 5: 0.004 s/op
Warm-up 6: 0.004 s/op
Warm-up 7: 0.004 s/op
Warm-up 8: 0.004 s/op
Iteration 1: 0.004 s/op
Iteration 2: 0.004 s/op
Iteration 3: 0.004 s/op
Iteration 4: 0.004 s/op
Iteration 5: 0.004 s/op
Iteration 6: 0.004 s/op
Iteration 7: 0.004 s/op
Iteration 8: 0.004 s/op
Iteration 9: 0.004 s/op
Iteration 10: 0.004 s/op
Iteration 11: 0.004 s/op
Iteration 12: 0.004 s/op
Iteration 13: 0.004 s/op
Iteration 14: 0.004 s/op
Iteration 15: 0.004 s/op

BENCHMARK_BASELINE_CORPUS library=Kompress name=compressed_MVT.pbf originalBytes=146224 originalMiB=0.1394 operationMiB=0.1394 rawBytes=91408 rawRatio=0.6251
Warm-up 1: 0.004 s/op
Warm-up 2: 0.004 s/op
Warm-up 3: 0.004 s/op
Warm-up 4: 0.004 s/op
Warm-up 5: 0.004 s/op
Warm-up 6: 0.004 s/op
Warm-up 7: 0.004 s/op
Warm-up 8: 0.004 s/op
Iteration 1: 0.004 s/op
Iteration 2: 0.004 s/op
Iteration 3: 0.004 s/op
Iteration 4: 0.004 s/op
Iteration 5: 0.004 s/op
Iteration 6: 0.004 s/op
Iteration 7: 0.004 s/op
Iteration 8: 0.004 s/op
Iteration 9: 0.004 s/op
Iteration 10: 0.004 s/op
Iteration 11: 0.004 s/op
Iteration 12: 0.004 s/op
Iteration 13: 0.004 s/op
Iteration 14: 0.004 s/op
Iteration 15: 0.004 s/op

  Success: 0.004 ±(99.9%) 0.001 s/op [Average]
  (min, avg, max) = (0.004, 0.004, 0.004), stdev = 0.001
  CI (99.9%): [0.004, 0.004] (assumes normal distribution)

… com.rafambn.kflate.benchmark.KompressBaselineBenchmarks.rawDeflateDecompressionFromKFlate | corpus=simpleText

BENCHMARK_BASELINE_CORPUS library=Kompress name=simpleText originalBytes=100 originalMiB=0.0 operationMiB=0.0 rawBytes=84 rawRatio=0.84
Warm-up 1: ≈ 10⁻⁶ s/op
Warm-up 2: ≈ 10⁻⁶ s/op
Warm-up 3: ≈ 10⁻⁶ s/op
Warm-up 4: ≈ 10⁻⁶ s/op
Warm-up 5: ≈ 10⁻⁶ s/op
Warm-up 6: ≈ 10⁻⁶ s/op
Warm-up 7: ≈ 10⁻⁶ s/op
Warm-up 8: ≈ 10⁻⁶ s/op
Iteration 1: ≈ 10⁻⁶ s/op
Iteration 2: ≈ 10⁻⁶ s/op
Iteration 3: ≈ 10⁻⁶ s/op
Iteration 4: ≈ 10⁻⁶ s/op
Iteration 5: ≈ 10⁻⁶ s/op
Iteration 6: ≈ 10⁻⁶ s/op
Iteration 7: ≈ 10⁻⁶ s/op
Iteration 8: ≈ 10⁻⁶ s/op
Iteration 9: ≈ 10⁻⁶ s/op
Iteration 10: ≈ 10⁻⁶ s/op
Iteration 11: ≈ 10⁻⁶ s/op
Iteration 12: ≈ 10⁻⁶ s/op
Iteration 13: ≈ 10⁻⁶ s/op
Iteration 14: ≈ 10⁻⁶ s/op
Iteration 15: ≈ 10⁻⁶ s/op

BENCHMARK_BASELINE_CORPUS library=Kompress name=simpleText originalBytes=100 originalMiB=0.0 operationMiB=0.0 rawBytes=84 rawRatio=0.84
Warm-up 1: ≈ 10⁻⁶ s/op
Warm-up 2: ≈ 10⁻⁶ s/op
Warm-up 3: ≈ 10⁻⁶ s/op
Warm-up 4: ≈ 10⁻⁶ s/op
Warm-up 5: ≈ 10⁻⁶ s/op
Warm-up 6: ≈ 10⁻⁶ s/op
Warm-up 7: ≈ 10⁻⁶ s/op
Warm-up 8: ≈ 10⁻⁶ s/op
Iteration 1: ≈ 10⁻⁶ s/op
Iteration 2: ≈ 10⁻⁶ s/op
Iteration 3: ≈ 10⁻⁶ s/op
Iteration 4: ≈ 10⁻⁶ s/op
Iteration 5: ≈ 10⁻⁶ s/op
Iteration 6: ≈ 10⁻⁶ s/op
Iteration 7: ≈ 10⁻⁶ s/op
Iteration 8: ≈ 10⁻⁶ s/op
Iteration 9: ≈ 10⁻⁶ s/op
Iteration 10: ≈ 10⁻⁶ s/op
Iteration 11: ≈ 10⁻⁶ s/op
Iteration 12: ≈ 10⁻⁶ s/op
Iteration 13: ≈ 10⁻⁶ s/op
Iteration 14: ≈ 10⁻⁶ s/op
Iteration 15: ≈ 10⁻⁶ s/op

BENCHMARK_BASELINE_CORPUS library=Kompress name=simpleText originalBytes=100 originalMiB=0.0 operationMiB=0.0 rawBytes=84 rawRatio=0.84
Warm-up 1: ≈ 10⁻⁶ s/op
Warm-up 2: ≈ 10⁻⁶ s/op
Warm-up 3: ≈ 10⁻⁶ s/op
Warm-up 4: ≈ 10⁻⁶ s/op
Warm-up 5: ≈ 10⁻⁶ s/op
Warm-up 6: ≈ 10⁻⁶ s/op
Warm-up 7: ≈ 10⁻⁶ s/op
Warm-up 8: ≈ 10⁻⁶ s/op
Iteration 1: ≈ 10⁻⁶ s/op
Iteration 2: ≈ 10⁻⁶ s/op
Iteration 3: ≈ 10⁻⁶ s/op
Iteration 4: ≈ 10⁻⁶ s/op
Iteration 5: ≈ 10⁻⁶ s/op
Iteration 6: ≈ 10⁻⁶ s/op
Iteration 7: ≈ 10⁻⁶ s/op
Iteration 8: ≈ 10⁻⁶ s/op
Iteration 9: ≈ 10⁻⁶ s/op
Iteration 10: ≈ 10⁻⁶ s/op
Iteration 11: ≈ 10⁻⁶ s/op
Iteration 12: ≈ 10⁻⁶ s/op
Iteration 13: ≈ 10⁻⁶ s/op
Iteration 14: ≈ 10⁻⁶ s/op
Iteration 15: ≈ 10⁻⁶ s/op

  Success: ≈ 10⁻⁶ s/op

… com.rafambn.kflate.benchmark.KompressBaselineBenchmarks.rawDeflateDecompressionFromKFlate | corpus=text

BENCHMARK_BASELINE_CORPUS library=Kompress name=text originalBytes=1232923 originalMiB=1.1758 operationMiB=1.1758 rawBytes=505318 rawRatio=0.4098
Warm-up 1: 0.005 s/op
Warm-up 2: 0.005 s/op
Warm-up 3: 0.004 s/op
Warm-up 4: 0.004 s/op
Warm-up 5: 0.004 s/op
Warm-up 6: 0.004 s/op
Warm-up 7: 0.005 s/op
Warm-up 8: 0.005 s/op
Iteration 1: 0.005 s/op
Iteration 2: 0.005 s/op
Iteration 3: 0.005 s/op
Iteration 4: 0.005 s/op
Iteration 5: 0.005 s/op
Iteration 6: 0.005 s/op
Iteration 7: 0.005 s/op
Iteration 8: 0.005 s/op
Iteration 9: 0.005 s/op
Iteration 10: 0.005 s/op
Iteration 11: 0.005 s/op
Iteration 12: 0.005 s/op
Iteration 13: 0.005 s/op
Iteration 14: 0.005 s/op
Iteration 15: 0.005 s/op

BENCHMARK_BASELINE_CORPUS library=Kompress name=text originalBytes=1232923 originalMiB=1.1758 operationMiB=1.1758 rawBytes=505318 rawRatio=0.4098
Warm-up 1: 0.005 s/op
Warm-up 2: 0.005 s/op
Warm-up 3: 0.005 s/op
Warm-up 4: 0.005 s/op
Warm-up 5: 0.005 s/op
Warm-up 6: 0.005 s/op
Warm-up 7: 0.005 s/op
Warm-up 8: 0.005 s/op
Iteration 1: 0.005 s/op
Iteration 2: 0.005 s/op
Iteration 3: 0.005 s/op
Iteration 4: 0.005 s/op
Iteration 5: 0.005 s/op
Iteration 6: 0.005 s/op
Iteration 7: 0.005 s/op
Iteration 8: 0.005 s/op
Iteration 9: 0.005 s/op
Iteration 10: 0.005 s/op
Iteration 11: 0.005 s/op
Iteration 12: 0.005 s/op
Iteration 13: 0.005 s/op
Iteration 14: 0.005 s/op
Iteration 15: 0.005 s/op

BENCHMARK_BASELINE_CORPUS library=Kompress name=text originalBytes=1232923 originalMiB=1.1758 operationMiB=1.1758 rawBytes=505318 rawRatio=0.4098
Warm-up 1: 0.005 s/op
Warm-up 2: 0.005 s/op
Warm-up 3: 0.004 s/op
Warm-up 4: 0.004 s/op
Warm-up 5: 0.004 s/op
Warm-up 6: 0.004 s/op
Warm-up 7: 0.004 s/op
Warm-up 8: 0.004 s/op
Iteration 1: 0.004 s/op
Iteration 2: 0.005 s/op
Iteration 3: 0.005 s/op
Iteration 4: 0.005 s/op
Iteration 5: 0.004 s/op
Iteration 6: 0.004 s/op
Iteration 7: 0.005 s/op
Iteration 8: 0.005 s/op
Iteration 9: 0.004 s/op
Iteration 10: 0.004 s/op
Iteration 11: 0.004 s/op
Iteration 12: 0.004 s/op
Iteration 13: 0.004 s/op
Iteration 14: 0.005 s/op
Iteration 15: 0.005 s/op

  Success: 0.005 ±(99.9%) 0.001 s/op [Average]
  (min, avg, max) = (0.004, 0.005, 0.005), stdev = 0.001
  CI (99.9%): [0.005, 0.005] (assumes normal distribution)

… com.rafambn.kflate.benchmark.KompressBaselineBenchmarks.rawDeflateDecompressionFromKFlate | corpus=model3D

BENCHMARK_BASELINE_CORPUS library=Kompress name=model3D originalBytes=2478 originalMiB=0.0023 operationMiB=0.0023 rawBytes=2149 rawRatio=0.8672
Warm-up 1: ≈ 10⁻⁵ s/op
Warm-up 2: ≈ 10⁻⁵ s/op
Warm-up 3: ≈ 10⁻⁵ s/op
Warm-up 4: ≈ 10⁻⁵ s/op
Warm-up 5: ≈ 10⁻⁵ s/op
Warm-up 6: ≈ 10⁻⁵ s/op
Warm-up 7: ≈ 10⁻⁵ s/op
Warm-up 8: ≈ 10⁻⁵ s/op
Iteration 1: ≈ 10⁻⁵ s/op
Iteration 2: ≈ 10⁻⁵ s/op
Iteration 3: ≈ 10⁻⁵ s/op
Iteration 4: ≈ 10⁻⁵ s/op
Iteration 5: ≈ 10⁻⁵ s/op
Iteration 6: ≈ 10⁻⁵ s/op
Iteration 7: ≈ 10⁻⁵ s/op
Iteration 8: ≈ 10⁻⁵ s/op
Iteration 9: ≈ 10⁻⁵ s/op
Iteration 10: ≈ 10⁻⁵ s/op
Iteration 11: ≈ 10⁻⁵ s/op
Iteration 12: ≈ 10⁻⁵ s/op
Iteration 13: ≈ 10⁻⁵ s/op
Iteration 14: ≈ 10⁻⁵ s/op
Iteration 15: ≈ 10⁻⁵ s/op

BENCHMARK_BASELINE_CORPUS library=Kompress name=model3D originalBytes=2478 originalMiB=0.0023 operationMiB=0.0023 rawBytes=2149 rawRatio=0.8672
Warm-up 1: ≈ 10⁻⁵ s/op
Warm-up 2: ≈ 10⁻⁵ s/op
Warm-up 3: ≈ 10⁻⁵ s/op
Warm-up 4: ≈ 10⁻⁵ s/op
Warm-up 5: ≈ 10⁻⁵ s/op
Warm-up 6: ≈ 10⁻⁵ s/op
Warm-up 7: ≈ 10⁻⁵ s/op
Warm-up 8: ≈ 10⁻⁵ s/op
Iteration 1: ≈ 10⁻⁵ s/op
Iteration 2: ≈ 10⁻⁵ s/op
Iteration 3: ≈ 10⁻⁵ s/op
Iteration 4: ≈ 10⁻⁵ s/op
Iteration 5: ≈ 10⁻⁵ s/op
Iteration 6: ≈ 10⁻⁵ s/op
Iteration 7: ≈ 10⁻⁵ s/op
Iteration 8: ≈ 10⁻⁵ s/op
Iteration 9: ≈ 10⁻⁵ s/op
Iteration 10: ≈ 10⁻⁵ s/op
Iteration 11: ≈ 10⁻⁵ s/op
Iteration 12: ≈ 10⁻⁵ s/op
Iteration 13: ≈ 10⁻⁵ s/op
Iteration 14: ≈ 10⁻⁵ s/op
Iteration 15: ≈ 10⁻⁵ s/op

BENCHMARK_BASELINE_CORPUS library=Kompress name=model3D originalBytes=2478 originalMiB=0.0023 operationMiB=0.0023 rawBytes=2149 rawRatio=0.8672
Warm-up 1: ≈ 10⁻⁵ s/op
Warm-up 2: ≈ 10⁻⁵ s/op
Warm-up 3: ≈ 10⁻⁵ s/op
Warm-up 4: ≈ 10⁻⁵ s/op
Warm-up 5: ≈ 10⁻⁵ s/op
Warm-up 6: ≈ 10⁻⁵ s/op
Warm-up 7: ≈ 10⁻⁵ s/op
Warm-up 8: ≈ 10⁻⁵ s/op
Iteration 1: ≈ 10⁻⁵ s/op
Iteration 2: ≈ 10⁻⁵ s/op
Iteration 3: ≈ 10⁻⁵ s/op
Iteration 4: ≈ 10⁻⁵ s/op
Iteration 5: ≈ 10⁻⁵ s/op
Iteration 6: ≈ 10⁻⁵ s/op
Iteration 7: ≈ 10⁻⁵ s/op
Iteration 8: ≈ 10⁻⁵ s/op
Iteration 9: ≈ 10⁻⁵ s/op
Iteration 10: ≈ 10⁻⁵ s/op
Iteration 11: ≈ 10⁻⁵ s/op
Iteration 12: ≈ 10⁻⁵ s/op
Iteration 13: ≈ 10⁻⁵ s/op
Iteration 14: ≈ 10⁻⁵ s/op
Iteration 15: ≈ 10⁻⁵ s/op

  Success: ≈ 10⁻⁵ s/op

… com.rafambn.kflate.benchmark.KompressBaselineBenchmarks.rawDeflateDecompressionFromKFlate | corpus=Rainier.bmp

BENCHMARK_BASELINE_CORPUS library=Kompress name=Rainier.bmp originalBytes=6220854 originalMiB=5.9326 operationMiB=5.9326 rawBytes=3275337 rawRatio=0.5265
Warm-up 1: 0.021 s/op
Warm-up 2: 0.019 s/op
Warm-up 3: 0.018 s/op
Warm-up 4: 0.018 s/op
Warm-up 5: 0.018 s/op
Warm-up 6: 0.019 s/op
Warm-up 7: 0.019 s/op
Warm-up 8: 0.019 s/op
Iteration 1: 0.019 s/op
Iteration 2: 0.019 s/op
Iteration 3: 0.019 s/op
Iteration 4: 0.019 s/op
Iteration 5: 0.019 s/op
Iteration 6: 0.020 s/op
Iteration 7: 0.019 s/op
Iteration 8: 0.019 s/op
Iteration 9: 0.019 s/op
Iteration 10: 0.019 s/op
Iteration 11: 0.019 s/op
Iteration 12: 0.018 s/op
Iteration 13: 0.017 s/op
Iteration 14: 0.017 s/op
Iteration 15: 0.018 s/op

BENCHMARK_BASELINE_CORPUS library=Kompress name=Rainier.bmp originalBytes=6220854 originalMiB=5.9326 operationMiB=5.9326 rawBytes=3275337 rawRatio=0.5265
Warm-up 1: 0.018 s/op
Warm-up 2: 0.017 s/op
Warm-up 3: 0.017 s/op
Warm-up 4: 0.018 s/op
Warm-up 5: 0.018 s/op
Warm-up 6: 0.017 s/op
Warm-up 7: 0.017 s/op
Warm-up 8: 0.017 s/op
Iteration 1: 0.017 s/op
Iteration 2: 0.017 s/op
Iteration 3: 0.017 s/op
Iteration 4: 0.017 s/op
Iteration 5: 0.017 s/op
Iteration 6: 0.017 s/op
Iteration 7: 0.017 s/op
Iteration 8: 0.017 s/op
Iteration 9: 0.017 s/op
Iteration 10: 0.018 s/op
Iteration 11: 0.019 s/op
Iteration 12: 0.019 s/op
Iteration 13: 0.019 s/op
Iteration 14: 0.019 s/op
Iteration 15: 0.019 s/op

BENCHMARK_BASELINE_CORPUS library=Kompress name=Rainier.bmp originalBytes=6220854 originalMiB=5.9326 operationMiB=5.9326 rawBytes=3275337 rawRatio=0.5265
Warm-up 1: 0.020 s/op
Warm-up 2: 0.020 s/op
Warm-up 3: 0.019 s/op
Warm-up 4: 0.019 s/op
Warm-up 5: 0.019 s/op
Warm-up 6: 0.019 s/op
Warm-up 7: 0.019 s/op
Warm-up 8: 0.019 s/op
Iteration 1: 0.019 s/op
Iteration 2: 0.019 s/op
Iteration 3: 0.019 s/op
Iteration 4: 0.019 s/op
Iteration 5: 0.019 s/op
Iteration 6: 0.019 s/op
Iteration 7: 0.018 s/op
Iteration 8: 0.017 s/op
Iteration 9: 0.017 s/op
Iteration 10: 0.019 s/op
Iteration 11: 0.019 s/op
Iteration 12: 0.018 s/op
Iteration 13: 0.017 s/op
Iteration 14: 0.017 s/op
Iteration 15: 0.017 s/op

  Success: 0.018 ±(99.9%) 0.001 s/op [Average]
  (min, avg, max) = (0.017, 0.018, 0.020), stdev = 0.001
  CI (99.9%): [0.018, 0.019] (assumes normal distribution)

… com.rafambn.kflate.benchmark.KompressBaselineBenchmarks.rawDeflateDecompressionFromKFlate | corpus=Maltese.bmp

BENCHMARK_BASELINE_CORPUS library=Kompress name=Maltese.bmp originalBytes=16427390 originalMiB=15.6663 operationMiB=15.6663 rawBytes=7096685 rawRatio=0.432
Warm-up 1: 0.062 s/op
Warm-up 2: 0.058 s/op
Warm-up 3: 0.058 s/op
Warm-up 4: 0.058 s/op
Warm-up 5: 0.059 s/op
Warm-up 6: 0.063 s/op
Warm-up 7: 0.063 s/op
Warm-up 8: 0.063 s/op
Iteration 1: 0.063 s/op
Iteration 2: 0.063 s/op
Iteration 3: 0.063 s/op
Iteration 4: 0.063 s/op
Iteration 5: 0.063 s/op
Iteration 6: 0.063 s/op
Iteration 7: 0.063 s/op
Iteration 8: 0.063 s/op
Iteration 9: 0.063 s/op
Iteration 10: 0.063 s/op
Iteration 11: 0.063 s/op
Iteration 12: 0.063 s/op
Iteration 13: 0.063 s/op
Iteration 14: 0.063 s/op
Iteration 15: 0.063 s/op

BENCHMARK_BASELINE_CORPUS library=Kompress name=Maltese.bmp originalBytes=16427390 originalMiB=15.6663 operationMiB=15.6663 rawBytes=7096685 rawRatio=0.432
Warm-up 1: 0.068 s/op
Warm-up 2: 0.064 s/op
Warm-up 3: 0.066 s/op
Warm-up 4: 0.064 s/op
Warm-up 5: 0.064 s/op
Warm-up 6: 0.064 s/op
Warm-up 7: 0.064 s/op
Warm-up 8: 0.064 s/op
Iteration 1: 0.064 s/op
Iteration 2: 0.063 s/op
Iteration 3: 0.064 s/op
Iteration 4: 0.064 s/op
Iteration 5: 0.064 s/op
Iteration 6: 0.064 s/op
Iteration 7: 0.064 s/op
Iteration 8: 0.063 s/op
Iteration 9: 0.063 s/op
Iteration 10: 0.064 s/op
Iteration 11: 0.064 s/op
Iteration 12: 0.064 s/op
Iteration 13: 0.063 s/op
Iteration 14: 0.063 s/op
Iteration 15: 0.063 s/op

BENCHMARK_BASELINE_CORPUS library=Kompress name=Maltese.bmp originalBytes=16427390 originalMiB=15.6663 operationMiB=15.6663 rawBytes=7096685 rawRatio=0.432
Warm-up 1: 0.062 s/op
Warm-up 2: 0.059 s/op
Warm-up 3: 0.058 s/op
Warm-up 4: 0.058 s/op
Warm-up 5: 0.058 s/op
Warm-up 6: 0.059 s/op
Warm-up 7: 0.064 s/op
Warm-up 8: 0.064 s/op
Iteration 1: 0.064 s/op
Iteration 2: 0.064 s/op
Iteration 3: 0.064 s/op
Iteration 4: 0.064 s/op
Iteration 5: 0.064 s/op
Iteration 6: 0.064 s/op
Iteration 7: 0.064 s/op
Iteration 8: 0.064 s/op
Iteration 9: 0.060 s/op
Iteration 10: 0.058 s/op
Iteration 11: 0.058 s/op
Iteration 12: 0.058 s/op
Iteration 13: 0.058 s/op
Iteration 14: 0.058 s/op
Iteration 15: 0.058 s/op

  Success: 0.063 ±(99.9%) 0.001 s/op [Average]
  (min, avg, max) = (0.058, 0.063, 0.064), stdev = 0.002
  CI (99.9%): [0.062, 0.064] (assumes normal distribution)

… com.rafambn.kflate.benchmark.KompressBaselineBenchmarks.rawDeflateDecompressionFromKFlate | corpus=Sunrise.bmp

BENCHMARK_BASELINE_CORPUS library=Kompress name=Sunrise.bmp originalBytes=52344054 originalMiB=49.9191 operationMiB=49.9191 rawBytes=26698992 rawRatio=0.51
Warm-up 1: 0.234 s/op
Warm-up 2: 0.227 s/op
Warm-up 3: 0.226 s/op
Warm-up 4: 0.230 s/op
Warm-up 5: 0.223 s/op
Warm-up 6: 0.225 s/op
Warm-up 7: 0.225 s/op
Warm-up 8: 0.210 s/op
Iteration 1: 0.209 s/op
Iteration 2: 0.211 s/op
Iteration 3: 0.209 s/op
Iteration 4: 0.209 s/op
Iteration 5: 0.209 s/op
Iteration 6: 0.210 s/op
Iteration 7: 0.209 s/op
Iteration 8: 0.210 s/op
Iteration 9: 0.209 s/op
Iteration 10: 0.209 s/op
Iteration 11: 0.209 s/op
Iteration 12: 0.212 s/op
Iteration 13: 0.208 s/op
Iteration 14: 0.210 s/op
Iteration 15: 0.209 s/op

BENCHMARK_BASELINE_CORPUS library=Kompress name=Sunrise.bmp originalBytes=52344054 originalMiB=49.9191 operationMiB=49.9191 rawBytes=26698992 rawRatio=0.51
Warm-up 1: 0.217 s/op
Warm-up 2: 0.212 s/op
Warm-up 3: 0.219 s/op
Warm-up 4: 0.224 s/op
Warm-up 5: 0.225 s/op
Warm-up 6: 0.226 s/op
Warm-up 7: 0.224 s/op
Warm-up 8: 0.225 s/op
Iteration 1: 0.225 s/op
Iteration 2: 0.225 s/op
Iteration 3: 0.225 s/op
Iteration 4: 0.226 s/op
Iteration 5: 0.224 s/op
Iteration 6: 0.226 s/op
Iteration 7: 0.226 s/op
Iteration 8: 0.224 s/op
Iteration 9: 0.225 s/op
Iteration 10: 0.225 s/op
Iteration 11: 0.224 s/op
Iteration 12: 0.227 s/op
Iteration 13: 0.225 s/op
Iteration 14: 0.225 s/op
Iteration 15: 0.226 s/op

BENCHMARK_BASELINE_CORPUS library=Kompress name=Sunrise.bmp originalBytes=52344054 originalMiB=49.9191 operationMiB=49.9191 rawBytes=26698992 rawRatio=0.51
Warm-up 1: 0.217 s/op
Warm-up 2: 0.211 s/op
Warm-up 3: 0.209 s/op
Warm-up 4: 0.211 s/op
Warm-up 5: 0.211 s/op
Warm-up 6: 0.210 s/op
Warm-up 7: 0.209 s/op
Warm-up 8: 0.210 s/op
Iteration 1: 0.226 s/op
Iteration 2: 0.229 s/op
Iteration 3: 0.228 s/op
Iteration 4: 0.229 s/op
Iteration 5: 0.216 s/op
Iteration 6: 0.217 s/op
Iteration 7: 0.209 s/op
Iteration 8: 0.210 s/op
Iteration 9: 0.209 s/op
Iteration 10: 0.210 s/op
Iteration 11: 0.209 s/op
Iteration 12: 0.210 s/op
Iteration 13: 0.208 s/op
Iteration 14: 0.209 s/op
Iteration 15: 0.210 s/op

  Success: 0.217 ±(99.9%) 0.004 s/op [Average]
  (min, avg, max) = (0.208, 0.217, 0.229), stdev = 0.008
  CI (99.9%): [0.212, 0.221] (assumes normal distribution)

… com.rafambn.kflate.benchmark.KompressBaselineBenchmarks.rawDeflateDecompressionFromKFlate | corpus=compressed_MVT.pbf

BENCHMARK_BASELINE_CORPUS library=Kompress name=compressed_MVT.pbf originalBytes=146224 originalMiB=0.1394 operationMiB=0.1394 rawBytes=91408 rawRatio=0.6251
Warm-up 1: 0.001 s/op
Warm-up 2: 0.001 s/op
Warm-up 3: 0.001 s/op
Warm-up 4: 0.001 s/op
Warm-up 5: 0.001 s/op
Warm-up 6: 0.001 s/op
Warm-up 7: 0.001 s/op
Warm-up 8: 0.001 s/op
Iteration 1: 0.001 s/op
Iteration 2: 0.001 s/op
Iteration 3: 0.001 s/op
Iteration 4: 0.001 s/op
Iteration 5: 0.001 s/op
Iteration 6: 0.001 s/op
Iteration 7: 0.001 s/op
Iteration 8: 0.001 s/op
Iteration 9: 0.001 s/op
Iteration 10: 0.001 s/op
Iteration 11: 0.001 s/op
Iteration 12: 0.001 s/op
Iteration 13: 0.001 s/op
Iteration 14: 0.001 s/op
Iteration 15: 0.001 s/op

BENCHMARK_BASELINE_CORPUS library=Kompress name=compressed_MVT.pbf originalBytes=146224 originalMiB=0.1394 operationMiB=0.1394 rawBytes=91408 rawRatio=0.6251
Warm-up 1: 0.001 s/op
Warm-up 2: 0.001 s/op
Warm-up 3: 0.001 s/op
Warm-up 4: 0.001 s/op
Warm-up 5: 0.001 s/op
Warm-up 6: 0.001 s/op
Warm-up 7: 0.001 s/op
Warm-up 8: 0.001 s/op
Iteration 1: 0.001 s/op
Iteration 2: 0.001 s/op
Iteration 3: 0.001 s/op
Iteration 4: 0.001 s/op
Iteration 5: 0.001 s/op
Iteration 6: 0.001 s/op
Iteration 7: 0.001 s/op
Iteration 8: 0.001 s/op
Iteration 9: 0.001 s/op
Iteration 10: 0.001 s/op
Iteration 11: 0.001 s/op
Iteration 12: 0.001 s/op
Iteration 13: 0.001 s/op
Iteration 14: 0.001 s/op
Iteration 15: 0.001 s/op

BENCHMARK_BASELINE_CORPUS library=Kompress name=compressed_MVT.pbf originalBytes=146224 originalMiB=0.1394 operationMiB=0.1394 rawBytes=91408 rawRatio=0.6251
Warm-up 1: 0.001 s/op
Warm-up 2: 0.001 s/op
Warm-up 3: 0.001 s/op
Warm-up 4: 0.001 s/op
Warm-up 5: 0.001 s/op
Warm-up 6: 0.001 s/op
Warm-up 7: 0.001 s/op
Warm-up 8: 0.001 s/op
Iteration 1: 0.001 s/op
Iteration 2: 0.001 s/op
Iteration 3: 0.001 s/op
Iteration 4: 0.001 s/op
Iteration 5: 0.001 s/op
Iteration 6: 0.001 s/op
Iteration 7: 0.001 s/op
Iteration 8: 0.001 s/op
Iteration 9: 0.001 s/op
Iteration 10: 0.001 s/op
Iteration 11: 0.001 s/op
Iteration 12: 0.001 s/op
Iteration 13: 0.001 s/op
Iteration 14: 0.001 s/op
Iteration 15: 0.001 s/op

  Success: 0.001 ±(99.9%) 0.001 s/op [Average]
  (min, avg, max) = (0.001, 0.001, 0.001), stdev = 0.001
  CI (99.9%): [0.001, 0.001] (assumes normal distribution)

… com.rafambn.kflate.benchmark.KompressBaselineBenchmarks.rawDeflateDecompressionFromKompress | corpus=simpleText

BENCHMARK_BASELINE_CORPUS library=Kompress name=simpleText originalBytes=100 originalMiB=0.0 operationMiB=0.0 rawBytes=84 rawRatio=0.84
Warm-up 1: ≈ 10⁻⁶ s/op
Warm-up 2: ≈ 10⁻⁶ s/op
Warm-up 3: ≈ 10⁻⁶ s/op
Warm-up 4: ≈ 10⁻⁶ s/op
Warm-up 5: ≈ 10⁻⁶ s/op
Warm-up 6: ≈ 10⁻⁶ s/op
Warm-up 7: ≈ 10⁻⁶ s/op
Warm-up 8: ≈ 10⁻⁶ s/op
Iteration 1: ≈ 10⁻⁶ s/op
Iteration 2: ≈ 10⁻⁶ s/op
Iteration 3: ≈ 10⁻⁶ s/op
Iteration 4: ≈ 10⁻⁶ s/op
Iteration 5: ≈ 10⁻⁶ s/op
Iteration 6: ≈ 10⁻⁶ s/op
Iteration 7: ≈ 10⁻⁶ s/op
Iteration 8: ≈ 10⁻⁶ s/op
Iteration 9: ≈ 10⁻⁶ s/op
Iteration 10: ≈ 10⁻⁶ s/op
Iteration 11: ≈ 10⁻⁶ s/op
Iteration 12: ≈ 10⁻⁶ s/op
Iteration 13: ≈ 10⁻⁶ s/op
Iteration 14: ≈ 10⁻⁶ s/op
Iteration 15: ≈ 10⁻⁶ s/op

BENCHMARK_BASELINE_CORPUS library=Kompress name=simpleText originalBytes=100 originalMiB=0.0 operationMiB=0.0 rawBytes=84 rawRatio=0.84
Warm-up 1: ≈ 10⁻⁶ s/op
Warm-up 2: ≈ 10⁻⁶ s/op
Warm-up 3: ≈ 10⁻⁶ s/op
Warm-up 4: ≈ 10⁻⁶ s/op
Warm-up 5: ≈ 10⁻⁶ s/op
Warm-up 6: ≈ 10⁻⁶ s/op
Warm-up 7: ≈ 10⁻⁶ s/op
Warm-up 8: ≈ 10⁻⁶ s/op
Iteration 1: ≈ 10⁻⁶ s/op
Iteration 2: ≈ 10⁻⁶ s/op
Iteration 3: ≈ 10⁻⁶ s/op
Iteration 4: ≈ 10⁻⁶ s/op
Iteration 5: ≈ 10⁻⁶ s/op
Iteration 6: ≈ 10⁻⁶ s/op
Iteration 7: ≈ 10⁻⁶ s/op
Iteration 8: ≈ 10⁻⁶ s/op
Iteration 9: ≈ 10⁻⁶ s/op
Iteration 10: ≈ 10⁻⁶ s/op
Iteration 11: ≈ 10⁻⁶ s/op
Iteration 12: ≈ 10⁻⁶ s/op
Iteration 13: ≈ 10⁻⁶ s/op
Iteration 14: ≈ 10⁻⁶ s/op
Iteration 15: ≈ 10⁻⁶ s/op

BENCHMARK_BASELINE_CORPUS library=Kompress name=simpleText originalBytes=100 originalMiB=0.0 operationMiB=0.0 rawBytes=84 rawRatio=0.84
Warm-up 1: ≈ 10⁻⁶ s/op
Warm-up 2: ≈ 10⁻⁶ s/op
Warm-up 3: ≈ 10⁻⁶ s/op
Warm-up 4: ≈ 10⁻⁶ s/op
Warm-up 5: ≈ 10⁻⁶ s/op
Warm-up 6: ≈ 10⁻⁶ s/op
Warm-up 7: ≈ 10⁻⁶ s/op
Warm-up 8: ≈ 10⁻⁶ s/op
Iteration 1: ≈ 10⁻⁶ s/op
Iteration 2: ≈ 10⁻⁶ s/op
Iteration 3: ≈ 10⁻⁶ s/op
Iteration 4: ≈ 10⁻⁶ s/op
Iteration 5: ≈ 10⁻⁶ s/op
Iteration 6: ≈ 10⁻⁶ s/op
Iteration 7: ≈ 10⁻⁶ s/op
Iteration 8: ≈ 10⁻⁶ s/op
Iteration 9: ≈ 10⁻⁶ s/op
Iteration 10: ≈ 10⁻⁶ s/op
Iteration 11: ≈ 10⁻⁶ s/op
Iteration 12: ≈ 10⁻⁶ s/op
Iteration 13: ≈ 10⁻⁶ s/op
Iteration 14: ≈ 10⁻⁶ s/op
Iteration 15: ≈ 10⁻⁶ s/op

  Success: ≈ 10⁻⁶ s/op

… com.rafambn.kflate.benchmark.KompressBaselineBenchmarks.rawDeflateDecompressionFromKompress | corpus=text

BENCHMARK_BASELINE_CORPUS library=Kompress name=text originalBytes=1232923 originalMiB=1.1758 operationMiB=1.1758 rawBytes=505318 rawRatio=0.4098
Warm-up 1: 0.005 s/op
Warm-up 2: 0.005 s/op
Warm-up 3: 0.005 s/op
Warm-up 4: 0.005 s/op
Warm-up 5: 0.005 s/op
Warm-up 6: 0.005 s/op
Warm-up 7: 0.005 s/op
Warm-up 8: 0.005 s/op
Iteration 1: 0.005 s/op
Iteration 2: 0.005 s/op
Iteration 3: 0.005 s/op
Iteration 4: 0.005 s/op
Iteration 5: 0.005 s/op
Iteration 6: 0.005 s/op
Iteration 7: 0.005 s/op
Iteration 8: 0.005 s/op
Iteration 9: 0.005 s/op
Iteration 10: 0.005 s/op
Iteration 11: 0.005 s/op
Iteration 12: 0.005 s/op
Iteration 13: 0.005 s/op
Iteration 14: 0.005 s/op
Iteration 15: 0.005 s/op

BENCHMARK_BASELINE_CORPUS library=Kompress name=text originalBytes=1232923 originalMiB=1.1758 operationMiB=1.1758 rawBytes=505318 rawRatio=0.4098
Warm-up 1: 0.005 s/op
Warm-up 2: 0.005 s/op
Warm-up 3: 0.005 s/op
Warm-up 4: 0.005 s/op
Warm-up 5: 0.005 s/op
Warm-up 6: 0.005 s/op
Warm-up 7: 0.005 s/op
Warm-up 8: 0.005 s/op
Iteration 1: 0.005 s/op
Iteration 2: 0.005 s/op
Iteration 3: 0.005 s/op
Iteration 4: 0.005 s/op
Iteration 5: 0.005 s/op
Iteration 6: 0.005 s/op
Iteration 7: 0.005 s/op
Iteration 8: 0.005 s/op
Iteration 9: 0.005 s/op
Iteration 10: 0.005 s/op
Iteration 11: 0.005 s/op
Iteration 12: 0.005 s/op
Iteration 13: 0.005 s/op
Iteration 14: 0.005 s/op
Iteration 15: 0.005 s/op

BENCHMARK_BASELINE_CORPUS library=Kompress name=text originalBytes=1232923 originalMiB=1.1758 operationMiB=1.1758 rawBytes=505318 rawRatio=0.4098
Warm-up 1: 0.005 s/op
Warm-up 2: 0.005 s/op
Warm-up 3: 0.005 s/op
Warm-up 4: 0.005 s/op
Warm-up 5: 0.005 s/op
Warm-up 6: 0.005 s/op
Warm-up 7: 0.005 s/op
Warm-up 8: 0.005 s/op
Iteration 1: 0.005 s/op
Iteration 2: 0.005 s/op
Iteration 3: 0.005 s/op
Iteration 4: 0.005 s/op
Iteration 5: 0.005 s/op
Iteration 6: 0.005 s/op
Iteration 7: 0.005 s/op
Iteration 8: 0.005 s/op
Iteration 9: 0.005 s/op
Iteration 10: 0.005 s/op
Iteration 11: 0.005 s/op
Iteration 12: 0.005 s/op
Iteration 13: 0.005 s/op
Iteration 14: 0.005 s/op
Iteration 15: 0.005 s/op

  Success: 0.005 ±(99.9%) 0.001 s/op [Average]
  (min, avg, max) = (0.005, 0.005, 0.005), stdev = 0.001
  CI (99.9%): [0.005, 0.005] (assumes normal distribution)

… com.rafambn.kflate.benchmark.KompressBaselineBenchmarks.rawDeflateDecompressionFromKompress | corpus=model3D

BENCHMARK_BASELINE_CORPUS library=Kompress name=model3D originalBytes=2478 originalMiB=0.0023 operationMiB=0.0023 rawBytes=2149 rawRatio=0.8672
Warm-up 1: ≈ 10⁻⁵ s/op
Warm-up 2: ≈ 10⁻⁵ s/op
Warm-up 3: ≈ 10⁻⁵ s/op
Warm-up 4: ≈ 10⁻⁵ s/op
Warm-up 5: ≈ 10⁻⁵ s/op
Warm-up 6: ≈ 10⁻⁵ s/op
Warm-up 7: ≈ 10⁻⁵ s/op
Warm-up 8: ≈ 10⁻⁵ s/op
Iteration 1: ≈ 10⁻⁵ s/op
Iteration 2: ≈ 10⁻⁵ s/op
Iteration 3: ≈ 10⁻⁵ s/op
Iteration 4: ≈ 10⁻⁵ s/op
Iteration 5: ≈ 10⁻⁵ s/op
Iteration 6: ≈ 10⁻⁵ s/op
Iteration 7: ≈ 10⁻⁵ s/op
Iteration 8: ≈ 10⁻⁵ s/op
Iteration 9: ≈ 10⁻⁵ s/op
Iteration 10: ≈ 10⁻⁵ s/op
Iteration 11: ≈ 10⁻⁵ s/op
Iteration 12: ≈ 10⁻⁵ s/op
Iteration 13: ≈ 10⁻⁵ s/op
Iteration 14: ≈ 10⁻⁵ s/op
Iteration 15: ≈ 10⁻⁵ s/op

BENCHMARK_BASELINE_CORPUS library=Kompress name=model3D originalBytes=2478 originalMiB=0.0023 operationMiB=0.0023 rawBytes=2149 rawRatio=0.8672
Warm-up 1: ≈ 10⁻⁵ s/op
Warm-up 2: ≈ 10⁻⁵ s/op
Warm-up 3: ≈ 10⁻⁵ s/op
Warm-up 4: ≈ 10⁻⁵ s/op
Warm-up 5: ≈ 10⁻⁵ s/op
Warm-up 6: ≈ 10⁻⁵ s/op
Warm-up 7: ≈ 10⁻⁵ s/op
Warm-up 8: ≈ 10⁻⁵ s/op
Iteration 1: ≈ 10⁻⁵ s/op
Iteration 2: ≈ 10⁻⁵ s/op
Iteration 3: ≈ 10⁻⁵ s/op
Iteration 4: ≈ 10⁻⁵ s/op
Iteration 5: ≈ 10⁻⁵ s/op
Iteration 6: ≈ 10⁻⁵ s/op
Iteration 7: ≈ 10⁻⁵ s/op
Iteration 8: ≈ 10⁻⁵ s/op
Iteration 9: ≈ 10⁻⁵ s/op
Iteration 10: ≈ 10⁻⁵ s/op
Iteration 11: ≈ 10⁻⁵ s/op
Iteration 12: ≈ 10⁻⁵ s/op
Iteration 13: ≈ 10⁻⁵ s/op
Iteration 14: ≈ 10⁻⁵ s/op
Iteration 15: ≈ 10⁻⁵ s/op

BENCHMARK_BASELINE_CORPUS library=Kompress name=model3D originalBytes=2478 originalMiB=0.0023 operationMiB=0.0023 rawBytes=2149 rawRatio=0.8672
Warm-up 1: ≈ 10⁻⁵ s/op
Warm-up 2: ≈ 10⁻⁵ s/op
Warm-up 3: ≈ 10⁻⁵ s/op
Warm-up 4: ≈ 10⁻⁵ s/op
Warm-up 5: ≈ 10⁻⁵ s/op
Warm-up 6: ≈ 10⁻⁵ s/op
Warm-up 7: ≈ 10⁻⁵ s/op
Warm-up 8: ≈ 10⁻⁵ s/op
Iteration 1: ≈ 10⁻⁵ s/op
Iteration 2: ≈ 10⁻⁵ s/op
Iteration 3: ≈ 10⁻⁵ s/op
Iteration 4: ≈ 10⁻⁵ s/op
Iteration 5: ≈ 10⁻⁵ s/op
Iteration 6: ≈ 10⁻⁵ s/op
Iteration 7: ≈ 10⁻⁵ s/op
Iteration 8: ≈ 10⁻⁵ s/op
Iteration 9: ≈ 10⁻⁵ s/op
Iteration 10: ≈ 10⁻⁵ s/op
Iteration 11: ≈ 10⁻⁵ s/op
Iteration 12: ≈ 10⁻⁵ s/op
Iteration 13: ≈ 10⁻⁵ s/op
Iteration 14: ≈ 10⁻⁵ s/op
Iteration 15: ≈ 10⁻⁵ s/op

  Success: ≈ 10⁻⁵ s/op

… com.rafambn.kflate.benchmark.KompressBaselineBenchmarks.rawDeflateDecompressionFromKompress | corpus=Rainier.bmp

BENCHMARK_BASELINE_CORPUS library=Kompress name=Rainier.bmp originalBytes=6220854 originalMiB=5.9326 operationMiB=5.9326 rawBytes=3275337 rawRatio=0.5265
Warm-up 1: 0.017 s/op
Warm-up 2: 0.016 s/op
Warm-up 3: 0.016 s/op
Warm-up 4: 0.016 s/op
Warm-up 5: 0.016 s/op
Warm-up 6: 0.017 s/op
Warm-up 7: 0.018 s/op
Warm-up 8: 0.016 s/op
Iteration 1: 0.017 s/op
Iteration 2: 0.018 s/op
Iteration 3: 0.016 s/op
Iteration 4: 0.017 s/op
Iteration 5: 0.017 s/op
Iteration 6: 0.016 s/op
Iteration 7: 0.016 s/op
Iteration 8: 0.016 s/op
Iteration 9: 0.016 s/op
Iteration 10: 0.016 s/op
Iteration 11: 0.016 s/op
Iteration 12: 0.017 s/op
Iteration 13: 0.016 s/op
Iteration 14: 0.016 s/op
Iteration 15: 0.016 s/op

BENCHMARK_BASELINE_CORPUS library=Kompress name=Rainier.bmp originalBytes=6220854 originalMiB=5.9326 operationMiB=5.9326 rawBytes=3275337 rawRatio=0.5265
Warm-up 1: 0.018 s/op
Warm-up 2: 0.017 s/op
Warm-up 3: 0.017 s/op
Warm-up 4: 0.017 s/op
Warm-up 5: 0.017 s/op
Warm-up 6: 0.016 s/op
Warm-up 7: 0.016 s/op
Warm-up 8: 0.016 s/op
Iteration 1: 0.016 s/op
Iteration 2: 0.016 s/op
Iteration 3: 0.017 s/op
Iteration 4: 0.016 s/op
Iteration 5: 0.016 s/op
Iteration 6: 0.016 s/op
Iteration 7: 0.016 s/op
Iteration 8: 0.016 s/op
Iteration 9: 0.016 s/op
Iteration 10: 0.016 s/op
Iteration 11: 0.016 s/op
Iteration 12: 0.016 s/op
Iteration 13: 0.016 s/op
Iteration 14: 0.016 s/op
Iteration 15: 0.017 s/op

BENCHMARK_BASELINE_CORPUS library=Kompress name=Rainier.bmp originalBytes=6220854 originalMiB=5.9326 operationMiB=5.9326 rawBytes=3275337 rawRatio=0.5265
Warm-up 1: 0.017 s/op
Warm-up 2: 0.017 s/op
Warm-up 3: 0.018 s/op
Warm-up 4: 0.017 s/op
Warm-up 5: 0.017 s/op
Warm-up 6: 0.018 s/op
Warm-up 7: 0.017 s/op
Warm-up 8: 0.017 s/op
Iteration 1: 0.018 s/op
Iteration 2: 0.017 s/op
Iteration 3: 0.017 s/op
Iteration 4: 0.016 s/op
Iteration 5: 0.016 s/op
Iteration 6: 0.016 s/op
Iteration 7: 0.016 s/op
Iteration 8: 0.016 s/op
Iteration 9: 0.016 s/op
Iteration 10: 0.016 s/op
Iteration 11: 0.016 s/op
Iteration 12: 0.016 s/op
Iteration 13: 0.016 s/op
Iteration 14: 0.016 s/op
Iteration 15: 0.016 s/op

  Success: 0.016 ±(99.9%) 0.001 s/op [Average]
  (min, avg, max) = (0.016, 0.016, 0.018), stdev = 0.001
  CI (99.9%): [0.016, 0.017] (assumes normal distribution)

… com.rafambn.kflate.benchmark.KompressBaselineBenchmarks.rawDeflateDecompressionFromKompress | corpus=Maltese.bmp

BENCHMARK_BASELINE_CORPUS library=Kompress name=Maltese.bmp originalBytes=16427390 originalMiB=15.6663 operationMiB=15.6663 rawBytes=7096685 rawRatio=0.432
Warm-up 1: 0.059 s/op
Warm-up 2: 0.056 s/op
Warm-up 3: 0.056 s/op
Warm-up 4: 0.057 s/op
Warm-up 5: 0.056 s/op
Warm-up 6: 0.056 s/op
Warm-up 7: 0.056 s/op
Warm-up 8: 0.058 s/op
Iteration 1: 0.061 s/op
Iteration 2: 0.062 s/op
Iteration 3: 0.061 s/op
Iteration 4: 0.061 s/op
Iteration 5: 0.062 s/op
Iteration 6: 0.061 s/op
Iteration 7: 0.061 s/op
Iteration 8: 0.059 s/op
Iteration 9: 0.056 s/op
Iteration 10: 0.059 s/op
Iteration 11: 0.061 s/op
Iteration 12: 0.061 s/op
Iteration 13: 0.063 s/op
Iteration 14: 0.062 s/op
Iteration 15: 0.062 s/op

BENCHMARK_BASELINE_CORPUS library=Kompress name=Maltese.bmp originalBytes=16427390 originalMiB=15.6663 operationMiB=15.6663 rawBytes=7096685 rawRatio=0.432
Warm-up 1: 0.065 s/op
Warm-up 2: 0.060 s/op
Warm-up 3: 0.060 s/op
Warm-up 4: 0.060 s/op
Warm-up 5: 0.060 s/op
Warm-up 6: 0.060 s/op
Warm-up 7: 0.060 s/op
Warm-up 8: 0.061 s/op
Iteration 1: 0.061 s/op
Iteration 2: 0.062 s/op
Iteration 3: 0.062 s/op
Iteration 4: 0.061 s/op
Iteration 5: 0.061 s/op
Iteration 6: 0.061 s/op
Iteration 7: 0.061 s/op
Iteration 8: 0.061 s/op
Iteration 9: 0.061 s/op
Iteration 10: 0.061 s/op
Iteration 11: 0.061 s/op
Iteration 12: 0.061 s/op
Iteration 13: 0.061 s/op
Iteration 14: 0.061 s/op
Iteration 15: 0.061 s/op

BENCHMARK_BASELINE_CORPUS library=Kompress name=Maltese.bmp originalBytes=16427390 originalMiB=15.6663 operationMiB=15.6663 rawBytes=7096685 rawRatio=0.432
Warm-up 1: 0.065 s/op
Warm-up 2: 0.061 s/op
Warm-up 3: 0.061 s/op
Warm-up 4: 0.061 s/op
Warm-up 5: 0.061 s/op
Warm-up 6: 0.061 s/op
Warm-up 7: 0.061 s/op
Warm-up 8: 0.061 s/op
Iteration 1: 0.061 s/op
Iteration 2: 0.062 s/op
Iteration 3: 0.057 s/op
Iteration 4: 0.056 s/op
Iteration 5: 0.058 s/op
Iteration 6: 0.061 s/op
Iteration 7: 0.060 s/op
Iteration 8: 0.057 s/op
Iteration 9: 0.056 s/op
Iteration 10: 0.061 s/op
Iteration 11: 0.061 s/op
Iteration 12: 0.056 s/op
Iteration 13: 0.056 s/op
Iteration 14: 0.056 s/op
Iteration 15: 0.056 s/op

  Success: 0.060 ±(99.9%) 0.001 s/op [Average]
  (min, avg, max) = (0.056, 0.060, 0.063), stdev = 0.002
  CI (99.9%): [0.059, 0.061] (assumes normal distribution)

… com.rafambn.kflate.benchmark.KompressBaselineBenchmarks.rawDeflateDecompressionFromKompress | corpus=Sunrise.bmp

BENCHMARK_BASELINE_CORPUS library=Kompress name=Sunrise.bmp originalBytes=52344054 originalMiB=49.9191 operationMiB=49.9191 rawBytes=26698992 rawRatio=0.51
Warm-up 1: 0.224 s/op
Warm-up 2: 0.218 s/op
Warm-up 3: 0.215 s/op
Warm-up 4: 0.215 s/op
Warm-up 5: 0.216 s/op
Warm-up 6: 0.216 s/op
Warm-up 7: 0.196 s/op
Warm-up 8: 0.196 s/op
Iteration 1: 0.196 s/op
Iteration 2: 0.196 s/op
Iteration 3: 0.197 s/op
Iteration 4: 0.196 s/op
Iteration 5: 0.196 s/op
Iteration 6: 0.196 s/op
Iteration 7: 0.196 s/op
Iteration 8: 0.196 s/op
Iteration 9: 0.196 s/op
Iteration 10: 0.198 s/op
Iteration 11: 0.197 s/op
Iteration 12: 0.196 s/op
Iteration 13: 0.196 s/op
Iteration 14: 0.196 s/op
Iteration 15: 0.196 s/op

BENCHMARK_BASELINE_CORPUS library=Kompress name=Sunrise.bmp originalBytes=52344054 originalMiB=49.9191 operationMiB=49.9191 rawBytes=26698992 rawRatio=0.51
Warm-up 1: 0.224 s/op
Warm-up 2: 0.218 s/op
Warm-up 3: 0.215 s/op
Warm-up 4: 0.216 s/op
Warm-up 5: 0.215 s/op
Warm-up 6: 0.216 s/op
Warm-up 7: 0.196 s/op
Warm-up 8: 0.196 s/op
Iteration 1: 0.196 s/op
Iteration 2: 0.196 s/op
Iteration 3: 0.196 s/op
Iteration 4: 0.204 s/op
Iteration 5: 0.216 s/op
Iteration 6: 0.215 s/op
Iteration 7: 0.216 s/op
Iteration 8: 0.215 s/op
Iteration 9: 0.216 s/op
Iteration 10: 0.215 s/op
Iteration 11: 0.216 s/op
Iteration 12: 0.200 s/op
Iteration 13: 0.217 s/op
Iteration 14: 0.215 s/op
Iteration 15: 0.216 s/op

BENCHMARK_BASELINE_CORPUS library=Kompress name=Sunrise.bmp originalBytes=52344054 originalMiB=49.9191 operationMiB=49.9191 rawBytes=26698992 rawRatio=0.51
Warm-up 1: 0.221 s/op
Warm-up 2: 0.214 s/op
Warm-up 3: 0.211 s/op
Warm-up 4: 0.196 s/op
Warm-up 5: 0.197 s/op
Warm-up 6: 0.208 s/op
Warm-up 7: 0.211 s/op
Warm-up 8: 0.211 s/op
Iteration 1: 0.210 s/op
Iteration 2: 0.211 s/op
Iteration 3: 0.211 s/op
Iteration 4: 0.210 s/op
Iteration 5: 0.211 s/op
Iteration 6: 0.202 s/op
Iteration 7: 0.196 s/op
Iteration 8: 0.196 s/op
Iteration 9: 0.196 s/op
Iteration 10: 0.195 s/op
Iteration 11: 0.195 s/op
Iteration 12: 0.195 s/op
Iteration 13: 0.195 s/op
Iteration 14: 0.197 s/op
Iteration 15: 0.197 s/op

  Success: 0.202 ±(99.9%) 0.004 s/op [Average]
  (min, avg, max) = (0.195, 0.202, 0.217), stdev = 0.009
  CI (99.9%): [0.198, 0.207] (assumes normal distribution)

… com.rafambn.kflate.benchmark.KompressBaselineBenchmarks.rawDeflateDecompressionFromKompress | corpus=compressed_MVT.pbf

BENCHMARK_BASELINE_CORPUS library=Kompress name=compressed_MVT.pbf originalBytes=146224 originalMiB=0.1394 operationMiB=0.1394 rawBytes=91408 rawRatio=0.6251
Warm-up 1: 0.001 s/op
Warm-up 2: 0.001 s/op
Warm-up 3: 0.001 s/op
Warm-up 4: 0.001 s/op
Warm-up 5: 0.001 s/op
Warm-up 6: 0.001 s/op
Warm-up 7: 0.001 s/op
Warm-up 8: 0.001 s/op
Iteration 1: 0.001 s/op
Iteration 2: 0.001 s/op
Iteration 3: 0.001 s/op
Iteration 4: 0.001 s/op
Iteration 5: 0.001 s/op
Iteration 6: 0.001 s/op
Iteration 7: 0.001 s/op
Iteration 8: 0.001 s/op
Iteration 9: 0.001 s/op
Iteration 10: 0.001 s/op
Iteration 11: 0.001 s/op
Iteration 12: 0.001 s/op
Iteration 13: 0.001 s/op
Iteration 14: 0.001 s/op
Iteration 15: 0.001 s/op

BENCHMARK_BASELINE_CORPUS library=Kompress name=compressed_MVT.pbf originalBytes=146224 originalMiB=0.1394 operationMiB=0.1394 rawBytes=91408 rawRatio=0.6251
Warm-up 1: 0.001 s/op
Warm-up 2: 0.001 s/op
Warm-up 3: 0.001 s/op
Warm-up 4: 0.001 s/op
Warm-up 5: 0.001 s/op
Warm-up 6: 0.001 s/op
Warm-up 7: 0.001 s/op
Warm-up 8: 0.001 s/op
Iteration 1: 0.001 s/op
Iteration 2: 0.001 s/op
Iteration 3: 0.001 s/op
Iteration 4: 0.001 s/op
Iteration 5: 0.001 s/op
Iteration 6: 0.001 s/op
Iteration 7: 0.001 s/op
Iteration 8: 0.001 s/op
Iteration 9: 0.001 s/op
Iteration 10: 0.001 s/op
Iteration 11: 0.001 s/op
Iteration 12: 0.001 s/op
Iteration 13: 0.001 s/op
Iteration 14: 0.001 s/op
Iteration 15: 0.001 s/op

BENCHMARK_BASELINE_CORPUS library=Kompress name=compressed_MVT.pbf originalBytes=146224 originalMiB=0.1394 operationMiB=0.1394 rawBytes=91408 rawRatio=0.6251
Warm-up 1: 0.001 s/op
Warm-up 2: 0.001 s/op
Warm-up 3: 0.001 s/op
Warm-up 4: 0.001 s/op
Warm-up 5: 0.001 s/op
Warm-up 6: 0.001 s/op
Warm-up 7: 0.001 s/op
Warm-up 8: 0.001 s/op
Iteration 1: 0.001 s/op
Iteration 2: 0.001 s/op
Iteration 3: 0.001 s/op
Iteration 4: 0.001 s/op
Iteration 5: 0.001 s/op
Iteration 6: 0.001 s/op
Iteration 7: 0.001 s/op
Iteration 8: 0.001 s/op
Iteration 9: 0.001 s/op
Iteration 10: 0.001 s/op
Iteration 11: 0.001 s/op
Iteration 12: 0.001 s/op
Iteration 13: 0.001 s/op
Iteration 14: 0.001 s/op
Iteration 15: 0.001 s/op

  Success: 0.001 ±(99.9%) 0.001 s/op [Average]
  (min, avg, max) = (0.001, 0.001, 0.001), stdev = 0.001
  CI (99.9%): [0.001, 0.001] (assumes normal distribution)


jvmBenchmark summary:
Benchmark                                                                 (corpus)  Mode  Cnt   Score    Error  Units
CompressionBenchmarks.rawDeflateCompression                             simpleText  avgt   45  ≈ 10⁻⁵            s/op
CompressionBenchmarks.rawDeflateCompression                                   text  avgt   45   0.046 ±  0.001   s/op
CompressionBenchmarks.rawDeflateCompression                                model3D  avgt   45  ≈ 10⁻⁴            s/op
CompressionBenchmarks.rawDeflateCompression                            Rainier.bmp  avgt   45   0.091 ±  0.003   s/op
CompressionBenchmarks.rawDeflateCompression                            Maltese.bmp  avgt   45   0.367 ±  0.009   s/op
CompressionBenchmarks.rawDeflateCompression                            Sunrise.bmp  avgt   45   1.317 ±  0.042   s/op
CompressionBenchmarks.rawDeflateCompression                     compressed_MVT.pbf  avgt   45   0.003 ±  0.001   s/op
CompressionBenchmarks.rawDeflateDecompressionFromKFlate                 simpleText  avgt   45  ≈ 10⁻⁶            s/op
CompressionBenchmarks.rawDeflateDecompressionFromKFlate                       text  avgt   45   0.008 ±  0.001   s/op
CompressionBenchmarks.rawDeflateDecompressionFromKFlate                    model3D  avgt   45  ≈ 10⁻⁵            s/op
CompressionBenchmarks.rawDeflateDecompressionFromKFlate                Rainier.bmp  avgt   45   0.040 ±  0.001   s/op
CompressionBenchmarks.rawDeflateDecompressionFromKFlate                Maltese.bmp  avgt   45   0.091 ±  0.003   s/op
CompressionBenchmarks.rawDeflateDecompressionFromKFlate                Sunrise.bmp  avgt   45   0.367 ±  0.010   s/op
CompressionBenchmarks.rawDeflateDecompressionFromKFlate         compressed_MVT.pbf  avgt   45   0.001 ±  0.001   s/op
CompressionBenchmarks.rawDeflateDecompressionFromKompress               simpleText  avgt   45  ≈ 10⁻⁶            s/op
CompressionBenchmarks.rawDeflateDecompressionFromKompress                     text  avgt   45   0.007 ±  0.001   s/op
CompressionBenchmarks.rawDeflateDecompressionFromKompress                  model3D  avgt   45  ≈ 10⁻⁵            s/op
CompressionBenchmarks.rawDeflateDecompressionFromKompress              Rainier.bmp  avgt   45   0.037 ±  0.001   s/op
CompressionBenchmarks.rawDeflateDecompressionFromKompress              Maltese.bmp  avgt   45   0.096 ±  0.003   s/op
CompressionBenchmarks.rawDeflateDecompressionFromKompress              Sunrise.bmp  avgt   45   0.393 ±  0.006   s/op
CompressionBenchmarks.rawDeflateDecompressionFromKompress       compressed_MVT.pbf  avgt   45   0.001 ±  0.001   s/op
KompressBaselineBenchmarks.rawDeflateCompression                        simpleText  avgt   45  ≈ 10⁻⁵            s/op
KompressBaselineBenchmarks.rawDeflateCompression                              text  avgt   45   0.052 ±  0.001   s/op
KompressBaselineBenchmarks.rawDeflateCompression                           model3D  avgt   45  ≈ 10⁻⁵            s/op
KompressBaselineBenchmarks.rawDeflateCompression                       Rainier.bmp  avgt   45   0.099 ±  0.003   s/op
KompressBaselineBenchmarks.rawDeflateCompression                       Maltese.bmp  avgt   45   0.368 ±  0.007   s/op
KompressBaselineBenchmarks.rawDeflateCompression                       Sunrise.bmp  avgt   45   1.194 ±  0.032   s/op
KompressBaselineBenchmarks.rawDeflateCompression                compressed_MVT.pbf  avgt   45   0.004 ±  0.001   s/op
KompressBaselineBenchmarks.rawDeflateDecompressionFromKFlate            simpleText  avgt   45  ≈ 10⁻⁶            s/op
KompressBaselineBenchmarks.rawDeflateDecompressionFromKFlate                  text  avgt   45   0.005 ±  0.001   s/op
KompressBaselineBenchmarks.rawDeflateDecompressionFromKFlate               model3D  avgt   45  ≈ 10⁻⁵            s/op
KompressBaselineBenchmarks.rawDeflateDecompressionFromKFlate           Rainier.bmp  avgt   45   0.018 ±  0.001   s/op
KompressBaselineBenchmarks.rawDeflateDecompressionFromKFlate           Maltese.bmp  avgt   45   0.063 ±  0.001   s/op
KompressBaselineBenchmarks.rawDeflateDecompressionFromKFlate           Sunrise.bmp  avgt   45   0.217 ±  0.004   s/op
KompressBaselineBenchmarks.rawDeflateDecompressionFromKFlate    compressed_MVT.pbf  avgt   45   0.001 ±  0.001   s/op
KompressBaselineBenchmarks.rawDeflateDecompressionFromKompress          simpleText  avgt   45  ≈ 10⁻⁶            s/op
KompressBaselineBenchmarks.rawDeflateDecompressionFromKompress                text  avgt   45   0.005 ±  0.001   s/op
KompressBaselineBenchmarks.rawDeflateDecompressionFromKompress             model3D  avgt   45  ≈ 10⁻⁵            s/op
KompressBaselineBenchmarks.rawDeflateDecompressionFromKompress         Rainier.bmp  avgt   45   0.016 ±  0.001   s/op
KompressBaselineBenchmarks.rawDeflateDecompressionFromKompress         Maltese.bmp  avgt   45   0.060 ±  0.001   s/op
KompressBaselineBenchmarks.rawDeflateDecompressionFromKompress         Sunrise.bmp  avgt   45   0.202 ±  0.004   s/op
KompressBaselineBenchmarks.rawDeflateDecompressionFromKompress  compressed_MVT.pbf  avgt   45   0.001 ±  0.001   s/op

Analysing benchmark results is not always trivial,
please refer to https://github.com/Kotlin/kotlinx-benchmark/tree/master?tab=readme-ov-file#analyzing-results for details.


> Task :kflate:downloadKotlinNativeDistribution
> Task :kflate:compileKotlinLinuxX64
> Task :kflate:linuxX64ProcessResources NO-SOURCE
> Task :kflate:linuxX64MainKlibrary
> Task :kflate:compileBenchmarkKotlinLinuxX64
> Task :kflate:linuxX64BenchmarkProcessResources NO-SOURCE
> Task :kflate:linuxX64BenchmarkKlibrary
> Task :kflate:linuxX64BenchmarkBenchmarkGenerate
> Task :kflate:compileLinuxX64BenchmarkBenchmarkKotlinLinuxX64
> Task :kflate:linkLinuxX64BenchmarkBenchmarkReleaseExecutableLinuxX64

> Task :kflate:linuxX64BenchmarkBenchmark
Running 'main' benchmarks for 'linuxX64Benchmark'

… com.rafambn.kflate.benchmark.CompressionBenchmarks.rawDeflateCompression | corpus=simpleText
BENCHMARK_CORPUS library=KFlate name=simpleText originalBytes=100 originalMiB=0.0 operationMiB=0.0 rawBytes=84 rawRatio=0.84
Warm-up #0: 0.0000509173 sec/op
Warm-up #1: 0.0000534965 sec/op
Warm-up #2: 0.0000555485 sec/op
Warm-up #3: 0.0000527941 sec/op
Warm-up #4: 0.0000531533 sec/op
Warm-up #5: 0.0000522969 sec/op
Warm-up #6: 0.0000527541 sec/op
Warm-up #7: 0.0000529072 sec/op
Iteration #0: 0.0000576698 sec/op
Iteration #1: 0.0000561128 sec/op
Iteration #2: 0.0000563137 sec/op
Iteration #3: 0.0000591969 sec/op
Iteration #4: 0.0000585034 sec/op
Iteration #5: 0.0000604973 sec/op
Iteration #6: 0.0000600755 sec/op
Iteration #7: 0.0000593308 sec/op
Iteration #8: 0.0000577133 sec/op
Iteration #9: 0.0000587409 sec/op
Iteration #10: 0.0000612338 sec/op
Iteration #11: 0.0000572900 sec/op
Iteration #12: 0.0000575712 sec/op
Iteration #13: 0.0000674266 sec/op
Iteration #14: 0.0000586537 sec/op
  Success:   ~ 0.0000590887 sec/op ±2.3%

… com.rafambn.kflate.benchmark.CompressionBenchmarks.rawDeflateCompression | corpus=text
BENCHMARK_CORPUS library=KFlate name=text originalBytes=1232923 originalMiB=1.1758 operationMiB=1.1758 rawBytes=523365 rawRatio=0.4244
Warm-up #0: 0.0458605 sec/op
Warm-up #1: 0.0459231 sec/op
Warm-up #2: 0.0460225 sec/op
Warm-up #3: 0.0457558 sec/op
Warm-up #4: 0.0456187 sec/op
Warm-up #5: 0.0444471 sec/op
Warm-up #6: 0.0398863 sec/op
Warm-up #7: 0.0400134 sec/op
Iteration #0: 0.0449613 sec/op
Iteration #1: 0.0453797 sec/op
Iteration #2: 0.0453080 sec/op
Iteration #3: 0.0454501 sec/op
Iteration #4: 0.0456738 sec/op
Iteration #5: 0.0454015 sec/op
Iteration #6: 0.0452969 sec/op
Iteration #7: 0.0454277 sec/op
Iteration #8: 0.0454344 sec/op
Iteration #9: 0.0454188 sec/op
Iteration #10: 0.0455981 sec/op
Iteration #11: 0.0449913 sec/op
Iteration #12: 0.0450060 sec/op
Iteration #13: 0.0454116 sec/op
Iteration #14: 0.0451588 sec/op
  Success:   ~ 0.0453279 sec/op ±0.24%

… com.rafambn.kflate.benchmark.CompressionBenchmarks.rawDeflateCompression | corpus=model3D
BENCHMARK_CORPUS library=KFlate name=model3D originalBytes=2478 originalMiB=0.0023 operationMiB=0.0023 rawBytes=2166 rawRatio=0.874
Warm-up #0: 0.000124720 sec/op
Warm-up #1: 0.000134423 sec/op
Warm-up #2: 0.000129806 sec/op
Warm-up #3: 0.000123947 sec/op
Warm-up #4: 0.000125153 sec/op
Warm-up #5: 0.000124786 sec/op
Warm-up #6: 0.000126424 sec/op
Warm-up #7: 0.000131928 sec/op
Iteration #0: 0.000123886 sec/op
Iteration #1: 0.000127736 sec/op
Iteration #2: 0.000125624 sec/op
Iteration #3: 0.000128324 sec/op
Iteration #4: 0.000127115 sec/op
Iteration #5: 0.000127716 sec/op
Iteration #6: 0.000127514 sec/op
Iteration #7: 0.000127797 sec/op
Iteration #8: 0.000127925 sec/op
Iteration #9: 0.000127933 sec/op
Iteration #10: 0.000130427 sec/op
Iteration #11: 0.000131504 sec/op
Iteration #12: 0.000123674 sec/op
Iteration #13: 0.000132074 sec/op
Iteration #14: 0.000132804 sec/op
  Success:   ~ 0.000128137 sec/op ±1.1%

… com.rafambn.kflate.benchmark.CompressionBenchmarks.rawDeflateCompression | corpus=Rainier.bmp
BENCHMARK_CORPUS library=KFlate name=Rainier.bmp originalBytes=6220854 originalMiB=5.9326 operationMiB=5.9326 rawBytes=3199784 rawRatio=0.5143
Warm-up #0: 0.0796411 sec/op
Warm-up #1: 0.0795076 sec/op
Warm-up #2: 0.0807095 sec/op
Warm-up #3: 0.0802957 sec/op
Warm-up #4: 0.0796988 sec/op
Warm-up #5: 0.0796654 sec/op
Warm-up #6: 0.0801522 sec/op
Warm-up #7: 0.0808414 sec/op
Iteration #0: 0.0839704 sec/op
Iteration #1: 0.0809058 sec/op
Iteration #2: 0.0801785 sec/op
Iteration #3: 0.0798600 sec/op
Iteration #4: 0.0800561 sec/op
Iteration #5: 0.0798713 sec/op
Iteration #6: 0.0799099 sec/op
Iteration #7: 0.0798573 sec/op
Iteration #8: 0.0798734 sec/op
Iteration #9: 0.0830478 sec/op
Iteration #10: 0.0798423 sec/op
Iteration #11: 0.0803971 sec/op
Iteration #12: 0.0798503 sec/op
Iteration #13: 0.0796333 sec/op
Iteration #14: 0.0798079 sec/op
  Success:   ~ 0.0804708 sec/op ±0.81%

… com.rafambn.kflate.benchmark.CompressionBenchmarks.rawDeflateCompression | corpus=Maltese.bmp
BENCHMARK_CORPUS library=KFlate name=Maltese.bmp originalBytes=16427390 originalMiB=15.6663 operationMiB=15.6663 rawBytes=6758938 rawRatio=0.4114
Warm-up #0: 0.364519 sec/op
Warm-up #1: 0.361089 sec/op
Warm-up #2: 0.362120 sec/op
Warm-up #3: 0.359835 sec/op
Warm-up #4: 0.359679 sec/op
Warm-up #5: 0.360267 sec/op
Warm-up #6: 0.363440 sec/op
Warm-up #7: 0.360044 sec/op
Iteration #0: 0.359220 sec/op
Iteration #1: 0.360615 sec/op
Iteration #2: 0.359085 sec/op
Iteration #3: 0.358612 sec/op
Iteration #4: 0.360195 sec/op
Iteration #5: 0.362186 sec/op
Iteration #6: 0.361451 sec/op
Iteration #7: 0.359239 sec/op
Iteration #8: 0.359882 sec/op
Iteration #9: 0.357696 sec/op
Iteration #10: 0.358397 sec/op
Iteration #11: 0.359155 sec/op
Iteration #12: 0.356709 sec/op
Iteration #13: 0.377622 sec/op
Iteration #14: 0.357292 sec/op
  Success:   ~ 0.360490 sec/op ±0.70%

… com.rafambn.kflate.benchmark.CompressionBenchmarks.rawDeflateCompression | corpus=Sunrise.bmp
BENCHMARK_CORPUS library=KFlate name=Sunrise.bmp originalBytes=52344054 originalMiB=49.9191 operationMiB=49.9191 rawBytes=25817354 rawRatio=0.4932
Warm-up #0: 1.07196 sec/op
Warm-up #1: 1.07698 sec/op
Warm-up #2: 1.06727 sec/op
Warm-up #3: 1.06513 sec/op
Warm-up #4: 1.06468 sec/op
Warm-up #5: 1.06639 sec/op
Warm-up #6: 1.06586 sec/op
Warm-up #7: 1.07105 sec/op
Iteration #0: 1.06788 sec/op
Iteration #1: 1.06927 sec/op
Iteration #2: 1.06996 sec/op
Iteration #3: 1.07217 sec/op
Iteration #4: 1.07296 sec/op
Iteration #5: 1.07337 sec/op
Iteration #6: 1.07687 sec/op
Iteration #7: 1.07171 sec/op
Iteration #8: 1.07845 sec/op
Iteration #9: 1.07633 sec/op
Iteration #10: 1.07989 sec/op
Iteration #11: 1.07428 sec/op
Iteration #12: 1.06381 sec/op
Iteration #13: 1.06503 sec/op
Iteration #14: 1.07054 sec/op
  Success:   ~ 1.07217 sec/op ±0.22%

… com.rafambn.kflate.benchmark.CompressionBenchmarks.rawDeflateCompression | corpus=compressed_MVT.pbf
BENCHMARK_CORPUS library=KFlate name=compressed_MVT.pbf originalBytes=146224 originalMiB=0.1394 operationMiB=0.1394 rawBytes=93980 rawRatio=0.6427
Warm-up #0: 0.00273049 sec/op
Warm-up #1: 0.00271723 sec/op
Warm-up #2: 0.00274162 sec/op
Warm-up #3: 0.00273414 sec/op
Warm-up #4: 0.00272762 sec/op
Warm-up #5: 0.00273624 sec/op
Warm-up #6: 0.00272675 sec/op
Warm-up #7: 0.00273116 sec/op
Iteration #0: 0.00273196 sec/op
Iteration #1: 0.00273460 sec/op
Iteration #2: 0.00273218 sec/op
Iteration #3: 0.00273341 sec/op
Iteration #4: 0.00273905 sec/op
Iteration #5: 0.00273511 sec/op
Iteration #6: 0.00275987 sec/op
Iteration #7: 0.00274375 sec/op
Iteration #8: 0.00273061 sec/op
Iteration #9: 0.00272882 sec/op
Iteration #10: 0.00273585 sec/op
Iteration #11: 0.00273311 sec/op
Iteration #12: 0.00273573 sec/op
Iteration #13: 0.00273385 sec/op
Iteration #14: 0.00273765 sec/op
  Success:   ~ 0.00273637 sec/op ±0.14%

… com.rafambn.kflate.benchmark.CompressionBenchmarks.rawDeflateDecompressionFromKFlate | corpus=simpleText
BENCHMARK_CORPUS library=KFlate name=simpleText originalBytes=100 originalMiB=0.0 operationMiB=0.0 rawBytes=84 rawRatio=0.84
Warm-up #0: 0.00000128852 sec/op
Warm-up #1: 0.00000177498 sec/op
Warm-up #2: 0.00000179439 sec/op
Warm-up #3: 0.00000179418 sec/op
Warm-up #4: 0.00000177327 sec/op
Warm-up #5: 0.00000171458 sec/op
Warm-up #6: 0.00000171100 sec/op
Warm-up #7: 0.00000170889 sec/op
Iteration #0: 0.00000165304 sec/op
Iteration #1: 0.00000167854 sec/op
Iteration #2: 0.00000167072 sec/op
Iteration #3: 0.00000169135 sec/op
Iteration #4: 0.00000170879 sec/op
Iteration #5: 0.00000170710 sec/op
Iteration #6: 0.00000168933 sec/op
Iteration #7: 0.00000168327 sec/op
Iteration #8: 0.00000168731 sec/op
Iteration #9: 0.00000168994 sec/op
Iteration #10: 0.00000168902 sec/op
Iteration #11: 0.00000169103 sec/op
Iteration #12: 0.00000177099 sec/op
Iteration #13: 0.00000169974 sec/op
Iteration #14: 0.00000168638 sec/op
  Success:   ~ 0.00000169310 sec/op ±0.76%

… com.rafambn.kflate.benchmark.CompressionBenchmarks.rawDeflateDecompressionFromKFlate | corpus=text
BENCHMARK_CORPUS library=KFlate name=text originalBytes=1232923 originalMiB=1.1758 operationMiB=1.1758 rawBytes=523365 rawRatio=0.4244
Warm-up #0: 0.00710111 sec/op
Warm-up #1: 0.00711686 sec/op
Warm-up #2: 0.00713127 sec/op
Warm-up #3: 0.00711610 sec/op
Warm-up #4: 0.00710708 sec/op
Warm-up #5: 0.00712063 sec/op
Warm-up #6: 0.00710880 sec/op
Warm-up #7: 0.00706937 sec/op
Iteration #0: 0.00708061 sec/op
Iteration #1: 0.00708913 sec/op
Iteration #2: 0.00717127 sec/op
Iteration #3: 0.00725748 sec/op
Iteration #4: 0.00721476 sec/op
Iteration #5: 0.00716225 sec/op
Iteration #6: 0.00768831 sec/op
Iteration #7: 0.00826337 sec/op
Iteration #8: 0.00833951 sec/op
Iteration #9: 0.00826613 sec/op
Iteration #10: 0.00830213 sec/op
Iteration #11: 0.00827600 sec/op
Iteration #12: 0.00827264 sec/op
Iteration #13: 0.00826409 sec/op
Iteration #14: 0.00824138 sec/op
  Success:   ~ 0.00779260 sec/op ±3.6%

… com.rafambn.kflate.benchmark.CompressionBenchmarks.rawDeflateDecompressionFromKFlate | corpus=model3D
BENCHMARK_CORPUS library=KFlate name=model3D originalBytes=2478 originalMiB=0.0023 operationMiB=0.0023 rawBytes=2166 rawRatio=0.874
Warm-up #0: 0.0000232414 sec/op
Warm-up #1: 0.0000230769 sec/op
Warm-up #2: 0.0000236307 sec/op
Warm-up #3: 0.0000238799 sec/op
Warm-up #4: 0.0000237676 sec/op
Warm-up #5: 0.0000224429 sec/op
Warm-up #6: 0.0000236745 sec/op
Warm-up #7: 0.0000235335 sec/op
Iteration #0: 0.0000236728 sec/op
Iteration #1: 0.0000237152 sec/op
Iteration #2: 0.0000237191 sec/op
Iteration #3: 0.0000232895 sec/op
Iteration #4: 0.0000205239 sec/op
Iteration #5: 0.0000201643 sec/op
Iteration #6: 0.0000213563 sec/op
Iteration #7: 0.0000199783 sec/op
Iteration #8: 0.0000199340 sec/op
Iteration #9: 0.0000200719 sec/op
Iteration #10: 0.0000202178 sec/op
Iteration #11: 0.0000202230 sec/op
Iteration #12: 0.0000200841 sec/op
Iteration #13: 0.0000201031 sec/op
Iteration #14: 0.0000199150 sec/op
  Success:   ~ 0.0000211312 sec/op ±3.8%

… com.rafambn.kflate.benchmark.CompressionBenchmarks.rawDeflateDecompressionFromKFlate | corpus=Rainier.bmp
BENCHMARK_CORPUS library=KFlate name=Rainier.bmp originalBytes=6220854 originalMiB=5.9326 operationMiB=5.9326 rawBytes=3199784 rawRatio=0.5143
Warm-up #0: 0.0448330 sec/op
Warm-up #1: 0.0448668 sec/op
Warm-up #2: 0.0449040 sec/op
Warm-up #3: 0.0450756 sec/op
Warm-up #4: 0.0448965 sec/op
Warm-up #5: 0.0449630 sec/op
Warm-up #6: 0.0448841 sec/op
Warm-up #7: 0.0446820 sec/op
Iteration #0: 0.0447137 sec/op
Iteration #1: 0.0448600 sec/op
Iteration #2: 0.0447938 sec/op
Iteration #3: 0.0448004 sec/op
Iteration #4: 0.0445410 sec/op
Iteration #5: 0.0443151 sec/op
Iteration #6: 0.0443561 sec/op
Iteration #7: 0.0444381 sec/op
Iteration #8: 0.0442484 sec/op
Iteration #9: 0.0444412 sec/op
Iteration #10: 0.0443814 sec/op
Iteration #11: 0.0444019 sec/op
Iteration #12: 0.0444141 sec/op
Iteration #13: 0.0442587 sec/op
Iteration #14: 0.0444350 sec/op
  Success:   ~ 0.0444933 sec/op ±0.23%

… com.rafambn.kflate.benchmark.CompressionBenchmarks.rawDeflateDecompressionFromKFlate | corpus=Maltese.bmp
BENCHMARK_CORPUS library=KFlate name=Maltese.bmp originalBytes=16427390 originalMiB=15.6663 operationMiB=15.6663 rawBytes=6758938 rawRatio=0.4114
Warm-up #0: 0.0996532 sec/op
Warm-up #1: 0.0994425 sec/op
Warm-up #2: 0.0910803 sec/op
Warm-up #3: 0.0865529 sec/op
Warm-up #4: 0.0859620 sec/op
Warm-up #5: 0.0859507 sec/op
Warm-up #6: 0.0860092 sec/op
Warm-up #7: 0.0873994 sec/op
Iteration #0: 0.0852908 sec/op
Iteration #1: 0.0853146 sec/op
Iteration #2: 0.0852456 sec/op
Iteration #3: 0.0854909 sec/op
Iteration #4: 0.0851817 sec/op
Iteration #5: 0.0851787 sec/op
Iteration #6: 0.0850431 sec/op
Iteration #7: 0.0853852 sec/op
Iteration #8: 0.0859749 sec/op
Iteration #9: 0.0852852 sec/op
Iteration #10: 0.0855384 sec/op
Iteration #11: 0.0854454 sec/op
Iteration #12: 0.0855816 sec/op
Iteration #13: 0.0854345 sec/op
Iteration #14: 0.0853869 sec/op
  Success:   ~ 0.0853852 sec/op ±0.13%

… com.rafambn.kflate.benchmark.CompressionBenchmarks.rawDeflateDecompressionFromKFlate | corpus=Sunrise.bmp
BENCHMARK_CORPUS library=KFlate name=Sunrise.bmp originalBytes=52344054 originalMiB=49.9191 operationMiB=49.9191 rawBytes=25817354 rawRatio=0.4932
Warm-up #0: 0.340092 sec/op
Warm-up #1: 0.337745 sec/op
Warm-up #2: 0.337629 sec/op
Warm-up #3: 0.336490 sec/op
Warm-up #4: 0.337239 sec/op
Warm-up #5: 0.339538 sec/op
Warm-up #6: 0.338525 sec/op
Warm-up #7: 0.339418 sec/op
Iteration #0: 0.348914 sec/op
Iteration #1: 0.389257 sec/op
Iteration #2: 0.386408 sec/op
Iteration #3: 0.355063 sec/op
Iteration #4: 0.390198 sec/op
Iteration #5: 0.391559 sec/op
Iteration #6: 0.390921 sec/op
Iteration #7: 0.391163 sec/op
Iteration #8: 0.389432 sec/op
Iteration #9: 0.389359 sec/op
Iteration #10: 0.389492 sec/op
Iteration #11: 0.389089 sec/op
Iteration #12: 0.388718 sec/op
Iteration #13: 0.389472 sec/op
Iteration #14: 0.389350 sec/op
  Success:   ~ 0.384560 sec/op ±1.8%

… com.rafambn.kflate.benchmark.CompressionBenchmarks.rawDeflateDecompressionFromKFlate | corpus=compressed_MVT.pbf
BENCHMARK_CORPUS library=KFlate name=compressed_MVT.pbf originalBytes=146224 originalMiB=0.1394 operationMiB=0.1394 rawBytes=93980 rawRatio=0.6427
Warm-up #0: 0.00123233 sec/op
Warm-up #1: 0.00111082 sec/op
Warm-up #2: 0.00107213 sec/op
Warm-up #3: 0.00123084 sec/op
Warm-up #4: 0.00122076 sec/op
Warm-up #5: 0.00122245 sec/op
Warm-up #6: 0.00122350 sec/op
Warm-up #7: 0.00121919 sec/op
Iteration #0: 0.00121873 sec/op
Iteration #1: 0.00121964 sec/op
Iteration #2: 0.00116831 sec/op
Iteration #3: 0.00106457 sec/op
Iteration #4: 0.00108679 sec/op
Iteration #5: 0.00126799 sec/op
Iteration #6: 0.00122442 sec/op
Iteration #7: 0.00121461 sec/op
Iteration #8: 0.00121544 sec/op
Iteration #9: 0.00121712 sec/op
Iteration #10: 0.00121604 sec/op
Iteration #11: 0.00122452 sec/op
Iteration #12: 0.00122529 sec/op
Iteration #13: 0.00121856 sec/op
Iteration #14: 0.00121646 sec/op
  Success:   ~ 0.00119990 sec/op ±2.3%

… com.rafambn.kflate.benchmark.CompressionBenchmarks.rawDeflateDecompressionFromKompress | corpus=simpleText
BENCHMARK_CORPUS library=KFlate name=simpleText originalBytes=100 originalMiB=0.0 operationMiB=0.0 rawBytes=84 rawRatio=0.84
Warm-up #0: 0.00000127444 sec/op
Warm-up #1: 0.00000168552 sec/op
Warm-up #2: 0.00000171934 sec/op
Warm-up #3: 0.00000170847 sec/op
Warm-up #4: 0.00000174082 sec/op
Warm-up #5: 0.00000175405 sec/op
Warm-up #6: 0.00000188678 sec/op
Warm-up #7: 0.00000174936 sec/op
Iteration #0: 0.00000167898 sec/op
Iteration #1: 0.00000168972 sec/op
Iteration #2: 0.00000172594 sec/op
Iteration #3: 0.00000172337 sec/op
Iteration #4: 0.00000169997 sec/op
Iteration #5: 0.00000172091 sec/op
Iteration #6: 0.00000166903 sec/op
Iteration #7: 0.00000167119 sec/op
Iteration #8: 0.00000191487 sec/op
Iteration #9: 0.00000179931 sec/op
Iteration #10: 0.00000174743 sec/op
Iteration #11: 0.00000172974 sec/op
Iteration #12: 0.00000175195 sec/op
Iteration #13: 0.00000174941 sec/op
Iteration #14: 0.00000168232 sec/op
  Success:   ~ 0.00000173027 sec/op ±1.8%

… com.rafambn.kflate.benchmark.CompressionBenchmarks.rawDeflateDecompressionFromKompress | corpus=text
BENCHMARK_CORPUS library=KFlate name=text originalBytes=1232923 originalMiB=1.1758 operationMiB=1.1758 rawBytes=523365 rawRatio=0.4244
Warm-up #0: 0.00744694 sec/op
Warm-up #1: 0.00740588 sec/op
Warm-up #2: 0.00744424 sec/op
Warm-up #3: 0.00741615 sec/op
Warm-up #4: 0.00742508 sec/op
Warm-up #5: 0.00744131 sec/op
Warm-up #6: 0.00743336 sec/op
Warm-up #7: 0.00743382 sec/op
Iteration #0: 0.00742590 sec/op
Iteration #1: 0.00740952 sec/op
Iteration #2: 0.00741839 sec/op
Iteration #3: 0.00741093 sec/op
Iteration #4: 0.00741275 sec/op
Iteration #5: 0.00741570 sec/op
Iteration #6: 0.00739304 sec/op
Iteration #7: 0.00748994 sec/op
Iteration #8: 0.00740376 sec/op
Iteration #9: 0.00740622 sec/op
Iteration #10: 0.00741789 sec/op
Iteration #11: 0.00742033 sec/op
Iteration #12: 0.00741839 sec/op
Iteration #13: 0.00741796 sec/op
Iteration #14: 0.00739997 sec/op
  Success:   ~ 0.00741738 sec/op ±0.15%

… com.rafambn.kflate.benchmark.CompressionBenchmarks.rawDeflateDecompressionFromKompress | corpus=model3D
BENCHMARK_CORPUS library=KFlate name=model3D originalBytes=2478 originalMiB=0.0023 operationMiB=0.0023 rawBytes=2166 rawRatio=0.874
Warm-up #0: 0.0000243773 sec/op
Warm-up #1: 0.0000215018 sec/op
Warm-up #2: 0.0000208217 sec/op
Warm-up #3: 0.0000208906 sec/op
Warm-up #4: 0.0000209386 sec/op
Warm-up #5: 0.0000208651 sec/op
Warm-up #6: 0.0000220275 sec/op
Warm-up #7: 0.0000220181 sec/op
Iteration #0: 0.0000197821 sec/op
Iteration #1: 0.0000198490 sec/op
Iteration #2: 0.0000197718 sec/op
Iteration #3: 0.0000197700 sec/op
Iteration #4: 0.0000198450 sec/op
Iteration #5: 0.0000198503 sec/op
Iteration #6: 0.0000203623 sec/op
Iteration #7: 0.0000199720 sec/op
Iteration #8: 0.0000215760 sec/op
Iteration #9: 0.0000236455 sec/op
Iteration #10: 0.0000235001 sec/op
Iteration #11: 0.0000234422 sec/op
Iteration #12: 0.0000213051 sec/op
Iteration #13: 0.0000201897 sec/op
Iteration #14: 0.0000200874 sec/op
  Success:   ~ 0.0000208632 sec/op ±3.6%

… com.rafambn.kflate.benchmark.CompressionBenchmarks.rawDeflateDecompressionFromKompress | corpus=Rainier.bmp
BENCHMARK_CORPUS library=KFlate name=Rainier.bmp originalBytes=6220854 originalMiB=5.9326 operationMiB=5.9326 rawBytes=3199784 rawRatio=0.5143
Warm-up #0: 0.0403450 sec/op
Warm-up #1: 0.0402627 sec/op
Warm-up #2: 0.0402550 sec/op
Warm-up #3: 0.0402759 sec/op
Warm-up #4: 0.0402926 sec/op
Warm-up #5: 0.0403686 sec/op
Warm-up #6: 0.0403441 sec/op
Warm-up #7: 0.0402663 sec/op
Iteration #0: 0.0409313 sec/op
Iteration #1: 0.0408396 sec/op
Iteration #2: 0.0408229 sec/op
Iteration #3: 0.0408174 sec/op
Iteration #4: 0.0409364 sec/op
Iteration #5: 0.0407804 sec/op
Iteration #6: 0.0406822 sec/op
Iteration #7: 0.0410528 sec/op
Iteration #8: 0.0408788 sec/op
Iteration #9: 0.0407937 sec/op
Iteration #10: 0.0408527 sec/op
Iteration #11: 0.0408598 sec/op
Iteration #12: 0.0407252 sec/op
Iteration #13: 0.0407778 sec/op
Iteration #14: 0.0406386 sec/op
  Success:   ~ 0.0408260 sec/op ±0.13%

… com.rafambn.kflate.benchmark.CompressionBenchmarks.rawDeflateDecompressionFromKompress | corpus=Maltese.bmp
BENCHMARK_CORPUS library=KFlate name=Maltese.bmp originalBytes=16427390 originalMiB=15.6663 operationMiB=15.6663 rawBytes=6758938 rawRatio=0.4114
Warm-up #0: 0.100726 sec/op
Warm-up #1: 0.101134 sec/op
Warm-up #2: 0.100329 sec/op
Warm-up #3: 0.100082 sec/op
Warm-up #4: 0.100240 sec/op
Warm-up #5: 0.100469 sec/op
Warm-up #6: 0.100126 sec/op
Warm-up #7: 0.100478 sec/op
Iteration #0: 0.100306 sec/op
Iteration #1: 0.100335 sec/op
Iteration #2: 0.100714 sec/op
Iteration #3: 0.101519 sec/op
Iteration #4: 0.100548 sec/op
Iteration #5: 0.100079 sec/op
Iteration #6: 0.100826 sec/op
Iteration #7: 0.100435 sec/op
Iteration #8: 0.100186 sec/op
Iteration #9: 0.100079 sec/op
Iteration #10: 0.100301 sec/op
Iteration #11: 0.0999596 sec/op
Iteration #12: 0.100251 sec/op
Iteration #13: 0.100389 sec/op
Iteration #14: 0.101939 sec/op
  Success:   ~ 0.100525 sec/op ±0.28%

… com.rafambn.kflate.benchmark.CompressionBenchmarks.rawDeflateDecompressionFromKompress | corpus=Sunrise.bmp
BENCHMARK_CORPUS library=KFlate name=Sunrise.bmp originalBytes=52344054 originalMiB=49.9191 operationMiB=49.9191 rawBytes=25817354 rawRatio=0.4932
Warm-up #0: 0.396210 sec/op
Warm-up #1: 0.396189 sec/op
Warm-up #2: 0.398045 sec/op
Warm-up #3: 0.395420 sec/op
Warm-up #4: 0.394391 sec/op
Warm-up #5: 0.394494 sec/op
Warm-up #6: 0.393925 sec/op
Warm-up #7: 0.393976 sec/op
Iteration #0: 0.393814 sec/op
Iteration #1: 0.394384 sec/op
Iteration #2: 0.394456 sec/op
Iteration #3: 0.397309 sec/op
Iteration #4: 0.396664 sec/op
Iteration #5: 0.397435 sec/op
Iteration #6: 0.393913 sec/op
Iteration #7: 0.396489 sec/op
Iteration #8: 0.402343 sec/op
Iteration #9: 0.401830 sec/op
Iteration #10: 0.402401 sec/op
Iteration #11: 0.401084 sec/op
Iteration #12: 0.400994 sec/op
Iteration #13: 0.400000 sec/op
Iteration #14: 0.403431 sec/op
  Success:   ~ 0.398436 sec/op ±0.44%

… com.rafambn.kflate.benchmark.CompressionBenchmarks.rawDeflateDecompressionFromKompress | corpus=compressed_MVT.pbf
BENCHMARK_CORPUS library=KFlate name=compressed_MVT.pbf originalBytes=146224 originalMiB=0.1394 operationMiB=0.1394 rawBytes=93980 rawRatio=0.6427
Warm-up #0: 0.00110016 sec/op
Warm-up #1: 0.00104971 sec/op
Warm-up #2: 0.00105082 sec/op
Warm-up #3: 0.00105198 sec/op
Warm-up #4: 0.00104883 sec/op
Warm-up #5: 0.00104757 sec/op
Warm-up #6: 0.00104949 sec/op
Warm-up #7: 0.00104707 sec/op
Iteration #0: 0.00105506 sec/op
Iteration #1: 0.00114280 sec/op
Iteration #2: 0.00121197 sec/op
Iteration #3: 0.00121135 sec/op
Iteration #4: 0.00121230 sec/op
Iteration #5: 0.00117910 sec/op
Iteration #6: 0.00107284 sec/op
Iteration #7: 0.00105620 sec/op
Iteration #8: 0.00105038 sec/op
Iteration #9: 0.00105100 sec/op
Iteration #10: 0.00105433 sec/op
Iteration #11: 0.00105562 sec/op
Iteration #12: 0.00105443 sec/op
Iteration #13: 0.00105378 sec/op
Iteration #14: 0.00105370 sec/op
  Success:   ~ 0.00110099 sec/op ±3.1%

… com.rafambn.kflate.benchmark.KompressBaselineBenchmarks.rawDeflateCompression | corpus=simpleText
BENCHMARK_BASELINE_CORPUS library=Kompress name=simpleText originalBytes=100 originalMiB=0.0 operationMiB=0.0 rawBytes=84 rawRatio=0.84
Warm-up #0: 0.0000285763 sec/op
Warm-up #1: 0.0000287587 sec/op
Warm-up #2: 0.0000288000 sec/op
Warm-up #3: 0.0000287977 sec/op
Warm-up #4: 0.0000288519 sec/op
Warm-up #5: 0.0000287767 sec/op
Warm-up #6: 0.0000289872 sec/op
Warm-up #7: 0.0000292800 sec/op
Iteration #0: 0.0000287139 sec/op
Iteration #1: 0.0000286181 sec/op
Iteration #2: 0.0000286779 sec/op
Iteration #3: 0.0000289974 sec/op
Iteration #4: 0.0000293181 sec/op
Iteration #5: 0.0000287101 sec/op
Iteration #6: 0.0000287490 sec/op
Iteration #7: 0.0000286651 sec/op
Iteration #8: 0.0000286667 sec/op
Iteration #9: 0.0000286514 sec/op
Iteration #10: 0.0000288253 sec/op
Iteration #11: 0.0000286152 sec/op
Iteration #12: 0.0000286097 sec/op
Iteration #13: 0.0000286408 sec/op
Iteration #14: 0.0000286706 sec/op
  Success:   ~ 0.0000287419 sec/op ±0.33%

… com.rafambn.kflate.benchmark.KompressBaselineBenchmarks.rawDeflateCompression | corpus=text
BENCHMARK_BASELINE_CORPUS library=Kompress name=text originalBytes=1232923 originalMiB=1.1758 operationMiB=1.1758 rawBytes=505318 rawRatio=0.4098
Warm-up #0: 0.0521720 sec/op
Warm-up #1: 0.0522686 sec/op
Warm-up #2: 0.0523007 sec/op
Warm-up #3: 0.0521303 sec/op
Warm-up #4: 0.0521667 sec/op
Warm-up #5: 0.0521544 sec/op
Warm-up #6: 0.0524847 sec/op
Warm-up #7: 0.0524752 sec/op
Iteration #0: 0.0519955 sec/op
Iteration #1: 0.0522043 sec/op
Iteration #2: 0.0519649 sec/op
Iteration #3: 0.0523249 sec/op
Iteration #4: 0.0527463 sec/op
Iteration #5: 0.0527017 sec/op
Iteration #6: 0.0530294 sec/op
Iteration #7: 0.0529934 sec/op
Iteration #8: 0.0526317 sec/op
Iteration #9: 0.0526254 sec/op
Iteration #10: 0.0525541 sec/op
Iteration #11: 0.0526912 sec/op
Iteration #12: 0.0526576 sec/op
Iteration #13: 0.0525812 sec/op
Iteration #14: 0.0527282 sec/op
  Success:   ~ 0.0525620 sec/op ±0.30%

… com.rafambn.kflate.benchmark.KompressBaselineBenchmarks.rawDeflateCompression | corpus=model3D
BENCHMARK_BASELINE_CORPUS library=Kompress name=model3D originalBytes=2478 originalMiB=0.0023 operationMiB=0.0023 rawBytes=2149 rawRatio=0.8672
Warm-up #0: 0.0000516392 sec/op
Warm-up #1: 0.0000511379 sec/op
Warm-up #2: 0.0000510320 sec/op
Warm-up #3: 0.0000511911 sec/op
Warm-up #4: 0.0000512537 sec/op
Warm-up #5: 0.0000512653 sec/op
Warm-up #6: 0.0000512277 sec/op
Warm-up #7: 0.0000510872 sec/op
Iteration #0: 0.0000510449 sec/op
Iteration #1: 0.0000512511 sec/op
Iteration #2: 0.0000513415 sec/op
Iteration #3: 0.0000510614 sec/op
Iteration #4: 0.0000511001 sec/op
Iteration #5: 0.0000514846 sec/op
Iteration #6: 0.0000512074 sec/op
Iteration #7: 0.0000510882 sec/op
Iteration #8: 0.0000509425 sec/op
Iteration #9: 0.0000509230 sec/op
Iteration #10: 0.0000509871 sec/op
Iteration #11: 0.0000512296 sec/op
Iteration #12: 0.0000512976 sec/op
Iteration #13: 0.0000511591 sec/op
Iteration #14: 0.0000519305 sec/op
  Success:   ~ 0.0000512033 sec/op ±0.25%

… com.rafambn.kflate.benchmark.KompressBaselineBenchmarks.rawDeflateCompression | corpus=Rainier.bmp
BENCHMARK_BASELINE_CORPUS library=Kompress name=Rainier.bmp originalBytes=6220854 originalMiB=5.9326 operationMiB=5.9326 rawBytes=3275337 rawRatio=0.5265
Warm-up #0: 0.104047 sec/op
Warm-up #1: 0.104129 sec/op
Warm-up #2: 0.103424 sec/op
Warm-up #3: 0.103495 sec/op
Warm-up #4: 0.103326 sec/op
Warm-up #5: 0.103339 sec/op
Warm-up #6: 0.103294 sec/op
Warm-up #7: 0.103297 sec/op
Iteration #0: 0.103177 sec/op
Iteration #1: 0.0941925 sec/op
Iteration #2: 0.0922266 sec/op
Iteration #3: 0.0921320 sec/op
Iteration #4: 0.0923283 sec/op
Iteration #5: 0.0922923 sec/op
Iteration #6: 0.0922960 sec/op
Iteration #7: 0.0922242 sec/op
Iteration #8: 0.0921852 sec/op
Iteration #9: 0.0923805 sec/op
Iteration #10: 0.0926110 sec/op
Iteration #11: 0.0926094 sec/op
Iteration #12: 0.0925465 sec/op
Iteration #13: 0.0924795 sec/op
Iteration #14: 0.0925700 sec/op
  Success:   ~ 0.0932167 sec/op ±1.5%

… com.rafambn.kflate.benchmark.KompressBaselineBenchmarks.rawDeflateCompression | corpus=Maltese.bmp
BENCHMARK_BASELINE_CORPUS library=Kompress name=Maltese.bmp originalBytes=16427390 originalMiB=15.6663 operationMiB=15.6663 rawBytes=7096685 rawRatio=0.432
Warm-up #0: 0.392679 sec/op
Warm-up #1: 0.394312 sec/op
Warm-up #2: 0.393001 sec/op
Warm-up #3: 0.393729 sec/op
Warm-up #4: 0.391526 sec/op
Warm-up #5: 0.392900 sec/op
Warm-up #6: 0.394772 sec/op
Warm-up #7: 0.393180 sec/op
Iteration #0: 0.395942 sec/op
Iteration #1: 0.412764 sec/op
Iteration #2: 0.397120 sec/op
Iteration #3: 0.396737 sec/op
Iteration #4: 0.396412 sec/op
Iteration #5: 0.396168 sec/op
Iteration #6: 0.396464 sec/op
Iteration #7: 0.396740 sec/op
Iteration #8: 0.396235 sec/op
Iteration #9: 0.396680 sec/op
Iteration #10: 0.396336 sec/op
Iteration #11: 0.396029 sec/op
Iteration #12: 0.396093 sec/op
Iteration #13: 0.396094 sec/op
Iteration #14: 0.400877 sec/op
  Success:   ~ 0.397779 sec/op ±0.55%

… com.rafambn.kflate.benchmark.KompressBaselineBenchmarks.rawDeflateCompression | corpus=Sunrise.bmp
BENCHMARK_BASELINE_CORPUS library=Kompress name=Sunrise.bmp originalBytes=52344054 originalMiB=49.9191 operationMiB=49.9191 rawBytes=26698992 rawRatio=0.51
Warm-up #0: 1.12968 sec/op
Warm-up #1: 1.13484 sec/op
Warm-up #2: 1.13116 sec/op
Warm-up #3: 1.12946 sec/op
Warm-up #4: 1.13259 sec/op
Warm-up #5: 1.13084 sec/op
Warm-up #6: 1.13313 sec/op
Warm-up #7: 1.14924 sec/op
Iteration #0: 1.14362 sec/op
Iteration #1: 1.13510 sec/op
Iteration #2: 1.13242 sec/op
Iteration #3: 1.13248 sec/op
Iteration #4: 1.13415 sec/op
Iteration #5: 1.13210 sec/op
Iteration #6: 1.13273 sec/op
Iteration #7: 1.13335 sec/op
Iteration #8: 1.13305 sec/op
Iteration #9: 1.13478 sec/op
Iteration #10: 1.13547 sec/op
Iteration #11: 1.13238 sec/op
Iteration #12: 1.16586 sec/op
Iteration #13: 1.14703 sec/op
Iteration #14: 1.13893 sec/op
  Success:   ~ 1.13756 sec/op ±0.40%

… com.rafambn.kflate.benchmark.KompressBaselineBenchmarks.rawDeflateCompression | corpus=compressed_MVT.pbf
BENCHMARK_BASELINE_CORPUS library=Kompress name=compressed_MVT.pbf originalBytes=146224 originalMiB=0.1394 operationMiB=0.1394 rawBytes=91408 rawRatio=0.6251
Warm-up #0: 0.00390743 sec/op
Warm-up #1: 0.00393794 sec/op
Warm-up #2: 0.00393735 sec/op
Warm-up #3: 0.00393686 sec/op
Warm-up #4: 0.00392631 sec/op
Warm-up #5: 0.00393134 sec/op
Warm-up #6: 0.00393179 sec/op
Warm-up #7: 0.00393003 sec/op
Iteration #0: 0.00391617 sec/op
Iteration #1: 0.00391726 sec/op
Iteration #2: 0.00392892 sec/op
Iteration #3: 0.00392440 sec/op
Iteration #4: 0.00394201 sec/op
Iteration #5: 0.00394426 sec/op
Iteration #6: 0.00394360 sec/op
Iteration #7: 0.00392489 sec/op
Iteration #8: 0.00394274 sec/op
Iteration #9: 0.00393182 sec/op
Iteration #10: 0.00418378 sec/op
Iteration #11: 0.00409681 sec/op
Iteration #12: 0.00398739 sec/op
Iteration #13: 0.00396144 sec/op
Iteration #14: 0.00393952 sec/op
  Success:   ~ 0.00396567 sec/op ±0.96%

… com.rafambn.kflate.benchmark.KompressBaselineBenchmarks.rawDeflateDecompressionFromKFlate | corpus=simpleText
BENCHMARK_BASELINE_CORPUS library=Kompress name=simpleText originalBytes=100 originalMiB=0.0 operationMiB=0.0 rawBytes=84 rawRatio=0.84
Warm-up #0: 0.000000778233 sec/op
Warm-up #1: 0.000000913351 sec/op
Warm-up #2: 0.000000918686 sec/op
Warm-up #3: 0.000000918703 sec/op
Warm-up #4: 0.000000924204 sec/op
Warm-up #5: 0.000000940366 sec/op
Warm-up #6: 0.000000953983 sec/op
Warm-up #7: 0.000000970313 sec/op
Iteration #0: 0.000000854239 sec/op
Iteration #1: 0.000000863968 sec/op
Iteration #2: 0.000000873510 sec/op
Iteration #3: 0.000000828988 sec/op
Iteration #4: 0.000000839593 sec/op
Iteration #5: 0.000000824938 sec/op
Iteration #6: 0.000000840970 sec/op
Iteration #7: 0.000000842802 sec/op
Iteration #8: 0.000000837410 sec/op
Iteration #9: 0.000000827103 sec/op
Iteration #10: 0.000000830154 sec/op
Iteration #11: 0.000000847265 sec/op
Iteration #12: 0.000000890847 sec/op
Iteration #13: 0.000000853080 sec/op
Iteration #14: 0.000000861135 sec/op
  Success:   ~ 0.000000847733 sec/op ±1.1%

… com.rafambn.kflate.benchmark.KompressBaselineBenchmarks.rawDeflateDecompressionFromKFlate | corpus=text
BENCHMARK_BASELINE_CORPUS library=Kompress name=text originalBytes=1232923 originalMiB=1.1758 operationMiB=1.1758 rawBytes=505318 rawRatio=0.4098
Warm-up #0: 0.00493860 sec/op
Warm-up #1: 0.00462556 sec/op
Warm-up #2: 0.00458452 sec/op
Warm-up #3: 0.00458251 sec/op
Warm-up #4: 0.00458420 sec/op
Warm-up #5: 0.00472580 sec/op
Warm-up #6: 0.00467597 sec/op
Warm-up #7: 0.00458158 sec/op
Iteration #0: 0.00458040 sec/op
Iteration #1: 0.00458072 sec/op
Iteration #2: 0.00458425 sec/op
Iteration #3: 0.00460618 sec/op
Iteration #4: 0.00458385 sec/op
Iteration #5: 0.00458342 sec/op
Iteration #6: 0.00459051 sec/op
Iteration #7: 0.00459211 sec/op
Iteration #8: 0.00459362 sec/op
Iteration #9: 0.00458905 sec/op
Iteration #10: 0.00459098 sec/op
Iteration #11: 0.00458853 sec/op
Iteration #12: 0.00458410 sec/op
Iteration #13: 0.00459079 sec/op
Iteration #14: 0.00458216 sec/op
  Success:   ~ 0.00458804 sec/op ±0.073%

… com.rafambn.kflate.benchmark.KompressBaselineBenchmarks.rawDeflateDecompressionFromKFlate | corpus=model3D
BENCHMARK_BASELINE_CORPUS library=Kompress name=model3D originalBytes=2478 originalMiB=0.0023 operationMiB=0.0023 rawBytes=2149 rawRatio=0.8672
Warm-up #0: 0.00000848190 sec/op
Warm-up #1: 0.00000867473 sec/op
Warm-up #2: 0.00000863583 sec/op
Warm-up #3: 0.00000865975 sec/op
Warm-up #4: 0.00000872982 sec/op
Warm-up #5: 0.00000868651 sec/op
Warm-up #6: 0.00000868740 sec/op
Warm-up #7: 0.00000870964 sec/op
Iteration #0: 0.00000869910 sec/op
Iteration #1: 0.00000874301 sec/op
Iteration #2: 0.00000872349 sec/op
Iteration #3: 0.00000856979 sec/op
Iteration #4: 0.00000793996 sec/op
Iteration #5: 0.00000794324 sec/op
Iteration #6: 0.00000793808 sec/op
Iteration #7: 0.00000794008 sec/op
Iteration #8: 0.00000793920 sec/op
Iteration #9: 0.00000794177 sec/op
Iteration #10: 0.00000791888 sec/op
Iteration #11: 0.00000793871 sec/op
Iteration #12: 0.00000793434 sec/op
Iteration #13: 0.00000796011 sec/op
Iteration #14: 0.00000792620 sec/op
  Success:   ~ 0.00000813706 sec/op ±2.1%

… com.rafambn.kflate.benchmark.KompressBaselineBenchmarks.rawDeflateDecompressionFromKFlate | corpus=Rainier.bmp
BENCHMARK_BASELINE_CORPUS library=Kompress name=Rainier.bmp originalBytes=6220854 originalMiB=5.9326 operationMiB=5.9326 rawBytes=3275337 rawRatio=0.5265
Warm-up #0: 0.0196263 sec/op
Warm-up #1: 0.0197558 sec/op
Warm-up #2: 0.0199511 sec/op
Warm-up #3: 0.0199498 sec/op
Warm-up #4: 0.0200387 sec/op
Warm-up #5: 0.0198489 sec/op
Warm-up #6: 0.0195656 sec/op
Warm-up #7: 0.0195782 sec/op
Iteration #0: 0.0195731 sec/op
Iteration #1: 0.0195716 sec/op
Iteration #2: 0.0196038 sec/op
Iteration #3: 0.0195793 sec/op
Iteration #4: 0.0196096 sec/op
Iteration #5: 0.0197052 sec/op
Iteration #6: 0.0199080 sec/op
Iteration #7: 0.0195842 sec/op
Iteration #8: 0.0195499 sec/op
Iteration #9: 0.0199194 sec/op
Iteration #10: 0.0197778 sec/op
Iteration #11: 0.0195969 sec/op
Iteration #12: 0.0195601 sec/op
Iteration #13: 0.0195851 sec/op
Iteration #14: 0.0195733 sec/op
  Success:   ~ 0.0196465 sec/op ±0.32%

… com.rafambn.kflate.benchmark.KompressBaselineBenchmarks.rawDeflateDecompressionFromKFlate | corpus=Maltese.bmp
BENCHMARK_BASELINE_CORPUS library=Kompress name=Maltese.bmp originalBytes=16427390 originalMiB=15.6663 operationMiB=15.6663 rawBytes=7096685 rawRatio=0.432
Warm-up #0: 0.0651731 sec/op
Warm-up #1: 0.0648946 sec/op
Warm-up #2: 0.0650077 sec/op
Warm-up #3: 0.0649473 sec/op
Warm-up #4: 0.0649579 sec/op
Warm-up #5: 0.0650077 sec/op
Warm-up #6: 0.0649582 sec/op
Warm-up #7: 0.0650460 sec/op
Iteration #0: 0.0651573 sec/op
Iteration #1: 0.0650532 sec/op
Iteration #2: 0.0651447 sec/op
Iteration #3: 0.0653655 sec/op
Iteration #4: 0.0654034 sec/op
Iteration #5: 0.0654169 sec/op
Iteration #6: 0.0653505 sec/op
Iteration #7: 0.0654408 sec/op
Iteration #8: 0.0655191 sec/op
Iteration #9: 0.0654125 sec/op
Iteration #10: 0.0652974 sec/op
Iteration #11: 0.0652534 sec/op
Iteration #12: 0.0652531 sec/op
Iteration #13: 0.0653877 sec/op
Iteration #14: 0.0654204 sec/op
  Success:   ~ 0.0653250 sec/op ±0.10%

… com.rafambn.kflate.benchmark.KompressBaselineBenchmarks.rawDeflateDecompressionFromKFlate | corpus=Sunrise.bmp
BENCHMARK_BASELINE_CORPUS library=Kompress name=Sunrise.bmp originalBytes=52344054 originalMiB=49.9191 operationMiB=49.9191 rawBytes=26698992 rawRatio=0.51
Warm-up #0: 0.209233 sec/op
Warm-up #1: 0.207394 sec/op
Warm-up #2: 0.208106 sec/op
Warm-up #3: 0.209967 sec/op
Warm-up #4: 0.207477 sec/op
Warm-up #5: 0.207022 sec/op
Warm-up #6: 0.207621 sec/op
Warm-up #7: 0.207208 sec/op
Iteration #0: 0.208126 sec/op
Iteration #1: 0.209900 sec/op
Iteration #2: 0.208333 sec/op
Iteration #3: 0.207443 sec/op
Iteration #4: 0.208560 sec/op
Iteration #5: 0.207540 sec/op
Iteration #6: 0.208472 sec/op
Iteration #7: 0.207406 sec/op
Iteration #8: 0.208491 sec/op
Iteration #9: 0.207382 sec/op
Iteration #10: 0.208261 sec/op
Iteration #11: 0.207559 sec/op
Iteration #12: 0.209661 sec/op
Iteration #13: 0.208132 sec/op
Iteration #14: 0.245213 sec/op
  Success:   ~ 0.210699 sec/op ±2.3%

… com.rafambn.kflate.benchmark.KompressBaselineBenchmarks.rawDeflateDecompressionFromKFlate | corpus=compressed_MVT.pbf
BENCHMARK_BASELINE_CORPUS library=Kompress name=compressed_MVT.pbf originalBytes=146224 originalMiB=0.1394 operationMiB=0.1394 rawBytes=91408 rawRatio=0.6251
Warm-up #0: 0.000641921 sec/op
Warm-up #1: 0.000641576 sec/op
Warm-up #2: 0.000639369 sec/op
Warm-up #3: 0.000639885 sec/op
Warm-up #4: 0.000647180 sec/op
Warm-up #5: 0.000649951 sec/op
Warm-up #6: 0.000640346 sec/op
Warm-up #7: 0.000640839 sec/op
Iteration #0: 0.000640512 sec/op
Iteration #1: 0.000639250 sec/op
Iteration #2: 0.000640838 sec/op
Iteration #3: 0.000640817 sec/op
Iteration #4: 0.000642900 sec/op
Iteration #5: 0.000641928 sec/op
Iteration #6: 0.000640178 sec/op
Iteration #7: 0.000642881 sec/op
Iteration #8: 0.000641276 sec/op
Iteration #9: 0.000640924 sec/op
Iteration #10: 0.000641371 sec/op
Iteration #11: 0.000640250 sec/op
Iteration #12: 0.000640990 sec/op
Iteration #13: 0.000640170 sec/op
Iteration #14: 0.000643060 sec/op
  Success:   ~ 0.000641157 sec/op ±0.088%

… com.rafambn.kflate.benchmark.KompressBaselineBenchmarks.rawDeflateDecompressionFromKompress | corpus=simpleText
BENCHMARK_BASELINE_CORPUS library=Kompress name=simpleText originalBytes=100 originalMiB=0.0 operationMiB=0.0 rawBytes=84 rawRatio=0.84
Warm-up #0: 0.000000796851 sec/op
Warm-up #1: 0.000000944739 sec/op
Warm-up #2: 0.000000941184 sec/op
Warm-up #3: 0.000000943667 sec/op
Warm-up #4: 0.000000941948 sec/op
Warm-up #5: 0.000000956212 sec/op
Warm-up #6: 0.000000932914 sec/op
Warm-up #7: 0.000000933785 sec/op
Iteration #0: 0.000000835347 sec/op
Iteration #1: 0.000000837026 sec/op
Iteration #2: 0.000000820720 sec/op
Iteration #3: 0.000000840841 sec/op
Iteration #4: 0.000000829404 sec/op
Iteration #5: 0.000000863309 sec/op
Iteration #6: 0.000000851472 sec/op
Iteration #7: 0.000000893185 sec/op
Iteration #8: 0.000000882754 sec/op
Iteration #9: 0.000000833638 sec/op
Iteration #10: 0.000000834812 sec/op
Iteration #11: 0.000000832072 sec/op
Iteration #12: 0.000000831571 sec/op
Iteration #13: 0.000000834685 sec/op
Iteration #14: 0.000000832110 sec/op
  Success:   ~ 0.000000843530 sec/op ±1.2%

… com.rafambn.kflate.benchmark.KompressBaselineBenchmarks.rawDeflateDecompressionFromKompress | corpus=text
BENCHMARK_BASELINE_CORPUS library=Kompress name=text originalBytes=1232923 originalMiB=1.1758 operationMiB=1.1758 rawBytes=505318 rawRatio=0.4098
Warm-up #0: 0.00471728 sec/op
Warm-up #1: 0.00468152 sec/op
Warm-up #2: 0.00468231 sec/op
Warm-up #3: 0.00469293 sec/op
Warm-up #4: 0.00468903 sec/op
Warm-up #5: 0.00475242 sec/op
Warm-up #6: 0.00470224 sec/op
Warm-up #7: 0.00474303 sec/op
Iteration #0: 0.00471520 sec/op
Iteration #1: 0.00475472 sec/op
Iteration #2: 0.00475657 sec/op
Iteration #3: 0.00472850 sec/op
Iteration #4: 0.00472774 sec/op
Iteration #5: 0.00480779 sec/op
Iteration #6: 0.00469778 sec/op
Iteration #7: 0.00469020 sec/op
Iteration #8: 0.00469143 sec/op
Iteration #9: 0.00469382 sec/op
Iteration #10: 0.00468788 sec/op
Iteration #11: 0.00469206 sec/op
Iteration #12: 0.00469473 sec/op
Iteration #13: 0.00471961 sec/op
Iteration #14: 0.00474095 sec/op
  Success:   ~ 0.00471993 sec/op ±0.36%

… com.rafambn.kflate.benchmark.KompressBaselineBenchmarks.rawDeflateDecompressionFromKompress | corpus=model3D
BENCHMARK_BASELINE_CORPUS library=Kompress name=model3D originalBytes=2478 originalMiB=0.0023 operationMiB=0.0023 rawBytes=2149 rawRatio=0.8672
Warm-up #0: 0.00000858758 sec/op
Warm-up #1: 0.00000859428 sec/op
Warm-up #2: 0.00000860406 sec/op
Warm-up #3: 0.00000859353 sec/op
Warm-up #4: 0.00000859336 sec/op
Warm-up #5: 0.00000856989 sec/op
Warm-up #6: 0.00000858147 sec/op
Warm-up #7: 0.00000865077 sec/op
Iteration #0: 0.00000856722 sec/op
Iteration #1: 0.00000847924 sec/op
Iteration #2: 0.00000855756 sec/op
Iteration #3: 0.00000873220 sec/op
Iteration #4: 0.00000874855 sec/op
Iteration #5: 0.00000843342 sec/op
Iteration #6: 0.00000850241 sec/op
Iteration #7: 0.00000848820 sec/op
Iteration #8: 0.00000852183 sec/op
Iteration #9: 0.00000853568 sec/op
Iteration #10: 0.00000850854 sec/op
Iteration #11: 0.00000852879 sec/op
Iteration #12: 0.00000848134 sec/op
Iteration #13: 0.00000847204 sec/op
Iteration #14: 0.00000840747 sec/op
  Success:   ~ 0.00000853097 sec/op ±0.56%

… com.rafambn.kflate.benchmark.KompressBaselineBenchmarks.rawDeflateDecompressionFromKompress | corpus=Rainier.bmp
BENCHMARK_BASELINE_CORPUS library=Kompress name=Rainier.bmp originalBytes=6220854 originalMiB=5.9326 operationMiB=5.9326 rawBytes=3275337 rawRatio=0.5265
Warm-up #0: 0.0179132 sec/op
Warm-up #1: 0.0178350 sec/op
Warm-up #2: 0.0178504 sec/op
Warm-up #3: 0.0180889 sec/op
Warm-up #4: 0.0183202 sec/op
Warm-up #5: 0.0183292 sec/op
Warm-up #6: 0.0184635 sec/op
Warm-up #7: 0.0182897 sec/op
Iteration #0: 0.0184460 sec/op
Iteration #1: 0.0179711 sec/op
Iteration #2: 0.0178741 sec/op
Iteration #3: 0.0178944 sec/op
Iteration #4: 0.0179221 sec/op
Iteration #5: 0.0178618 sec/op
Iteration #6: 0.0182763 sec/op
Iteration #7: 0.0178353 sec/op
Iteration #8: 0.0177969 sec/op
Iteration #9: 0.0179044 sec/op
Iteration #10: 0.0178312 sec/op
Iteration #11: 0.0178522 sec/op
Iteration #12: 0.0178722 sec/op
Iteration #13: 0.0178794 sec/op
Iteration #14: 0.0191348 sec/op
  Success:   ~ 0.0180235 sec/op ±01.00%

… com.rafambn.kflate.benchmark.KompressBaselineBenchmarks.rawDeflateDecompressionFromKompress | corpus=Maltese.bmp
BENCHMARK_BASELINE_CORPUS library=Kompress name=Maltese.bmp originalBytes=16427390 originalMiB=15.6663 operationMiB=15.6663 rawBytes=7096685 rawRatio=0.432
Warm-up #0: 0.0622801 sec/op
Warm-up #1: 0.0613409 sec/op
Warm-up #2: 0.0612100 sec/op
Warm-up #3: 0.0581688 sec/op
Warm-up #4: 0.0560612 sec/op
Warm-up #5: 0.0559557 sec/op
Warm-up #6: 0.0558403 sec/op
Warm-up #7: 0.0558455 sec/op
Iteration #0: 0.0559903 sec/op
Iteration #1: 0.0558274 sec/op
Iteration #2: 0.0560148 sec/op
Iteration #3: 0.0558492 sec/op
Iteration #4: 0.0558302 sec/op
Iteration #5: 0.0560173 sec/op
Iteration #6: 0.0558225 sec/op
Iteration #7: 0.0566443 sec/op
Iteration #8: 0.0563904 sec/op
Iteration #9: 0.0559308 sec/op
Iteration #10: 0.0578303 sec/op
Iteration #11: 0.0568106 sec/op
Iteration #12: 0.0562107 sec/op
Iteration #13: 0.0561354 sec/op
Iteration #14: 0.0560146 sec/op
  Success:   ~ 0.0562213 sec/op ±0.48%

… com.rafambn.kflate.benchmark.KompressBaselineBenchmarks.rawDeflateDecompressionFromKompress | corpus=Sunrise.bmp
BENCHMARK_BASELINE_CORPUS library=Kompress name=Sunrise.bmp originalBytes=52344054 originalMiB=49.9191 operationMiB=49.9191 rawBytes=26698992 rawRatio=0.51
Warm-up #0: 0.196080 sec/op
Warm-up #1: 0.194810 sec/op
Warm-up #2: 0.194611 sec/op
Warm-up #3: 0.194782 sec/op
Warm-up #4: 0.194670 sec/op
Warm-up #5: 0.197512 sec/op
Warm-up #6: 0.216389 sec/op
Warm-up #7: 0.216261 sec/op
Iteration #0: 0.217199 sec/op
Iteration #1: 0.216471 sec/op
Iteration #2: 0.219831 sec/op
Iteration #3: 0.228583 sec/op
Iteration #4: 0.217222 sec/op
Iteration #5: 0.216320 sec/op
Iteration #6: 0.217439 sec/op
Iteration #7: 0.216779 sec/op
Iteration #8: 0.217561 sec/op
Iteration #9: 0.216822 sec/op
Iteration #10: 0.218123 sec/op
Iteration #11: 0.217368 sec/op
Iteration #12: 0.217474 sec/op
Iteration #13: 0.216237 sec/op
Iteration #14: 0.217717 sec/op
  Success:   ~ 0.218076 sec/op ±0.70%

… com.rafambn.kflate.benchmark.KompressBaselineBenchmarks.rawDeflateDecompressionFromKompress | corpus=compressed_MVT.pbf
BENCHMARK_BASELINE_CORPUS library=Kompress name=compressed_MVT.pbf originalBytes=146224 originalMiB=0.1394 operationMiB=0.1394 rawBytes=91408 rawRatio=0.6251
Warm-up #0: 0.000686869 sec/op
Warm-up #1: 0.000687566 sec/op
Warm-up #2: 0.000687650 sec/op
Warm-up #3: 0.000690945 sec/op
Warm-up #4: 0.000687595 sec/op
Warm-up #5: 0.000687840 sec/op
Warm-up #6: 0.000687736 sec/op
Warm-up #7: 0.000687687 sec/op
Iteration #0: 0.000687669 sec/op
Iteration #1: 0.000687702 sec/op
Iteration #2: 0.000687525 sec/op
Iteration #3: 0.000691032 sec/op
Iteration #4: 0.000687786 sec/op
Iteration #5: 0.000686730 sec/op
Iteration #6: 0.000692152 sec/op
Iteration #7: 0.000688965 sec/op
Iteration #8: 0.000688376 sec/op
Iteration #9: 0.000688363 sec/op
Iteration #10: 0.000686100 sec/op
Iteration #11: 0.000687831 sec/op
Iteration #12: 0.000686044 sec/op
Iteration #13: 0.000687816 sec/op
Iteration #14: 0.000687461 sec/op
  Success:   ~ 0.000688103 sec/op ±0.12%

linuxX64Benchmark summary:
Benchmark                                                                 (corpus)  Mode  Cnt  Score   Error   Units
CompressionBenchmarks.rawDeflateCompression                             simpleText  avgt   15  0.000          sec/op
CompressionBenchmarks.rawDeflateCompression                                   text  avgt   15  0.045          sec/op
CompressionBenchmarks.rawDeflateCompression                                model3D  avgt   15  0.000          sec/op
CompressionBenchmarks.rawDeflateCompression                            Rainier.bmp  avgt   15  0.080 ± 0.001  sec/op
CompressionBenchmarks.rawDeflateCompression                            Maltese.bmp  avgt   15  0.360 ± 0.003  sec/op
CompressionBenchmarks.rawDeflateCompression                            Sunrise.bmp  avgt   15  1.072 ± 0.002  sec/op
CompressionBenchmarks.rawDeflateCompression                     compressed_MVT.pbf  avgt   15  0.003          sec/op
CompressionBenchmarks.rawDeflateDecompressionFromKFlate                 simpleText  avgt   15  0.000          sec/op
CompressionBenchmarks.rawDeflateDecompressionFromKFlate                       text  avgt   15  0.008          sec/op
CompressionBenchmarks.rawDeflateDecompressionFromKFlate                    model3D  avgt   15  0.000          sec/op
CompressionBenchmarks.rawDeflateDecompressionFromKFlate                Rainier.bmp  avgt   15  0.044          sec/op
CompressionBenchmarks.rawDeflateDecompressionFromKFlate                Maltese.bmp  avgt   15  0.085          sec/op
CompressionBenchmarks.rawDeflateDecompressionFromKFlate                Sunrise.bmp  avgt   15  0.385 ± 0.007  sec/op
CompressionBenchmarks.rawDeflateDecompressionFromKFlate         compressed_MVT.pbf  avgt   15  0.001          sec/op
CompressionBenchmarks.rawDeflateDecompressionFromKompress               simpleText  avgt   15  0.000          sec/op
CompressionBenchmarks.rawDeflateDecompressionFromKompress                     text  avgt   15  0.007          sec/op
CompressionBenchmarks.rawDeflateDecompressionFromKompress                  model3D  avgt   15  0.000          sec/op
CompressionBenchmarks.rawDeflateDecompressionFromKompress              Rainier.bmp  avgt   15  0.041          sec/op
CompressionBenchmarks.rawDeflateDecompressionFromKompress              Maltese.bmp  avgt   15  0.101          sec/op
CompressionBenchmarks.rawDeflateDecompressionFromKompress              Sunrise.bmp  avgt   15  0.398 ± 0.002  sec/op
CompressionBenchmarks.rawDeflateDecompressionFromKompress       compressed_MVT.pbf  avgt   15  0.001          sec/op
KompressBaselineBenchmarks.rawDeflateCompression                        simpleText  avgt   15  0.000          sec/op
KompressBaselineBenchmarks.rawDeflateCompression                              text  avgt   15  0.053          sec/op
KompressBaselineBenchmarks.rawDeflateCompression                           model3D  avgt   15  0.000          sec/op
KompressBaselineBenchmarks.rawDeflateCompression                       Rainier.bmp  avgt   15  0.093 ± 0.001  sec/op
KompressBaselineBenchmarks.rawDeflateCompression                       Maltese.bmp  avgt   15  0.398 ± 0.002  sec/op
KompressBaselineBenchmarks.rawDeflateCompression                       Sunrise.bmp  avgt   15  1.138 ± 0.005  sec/op
KompressBaselineBenchmarks.rawDeflateCompression                compressed_MVT.pbf  avgt   15  0.004          sec/op
KompressBaselineBenchmarks.rawDeflateDecompressionFromKFlate            simpleText  avgt   15  0.000          sec/op
KompressBaselineBenchmarks.rawDeflateDecompressionFromKFlate                  text  avgt   15  0.005          sec/op
KompressBaselineBenchmarks.rawDeflateDecompressionFromKFlate               model3D  avgt   15  0.000          sec/op
KompressBaselineBenchmarks.rawDeflateDecompressionFromKFlate           Rainier.bmp  avgt   15  0.020          sec/op
KompressBaselineBenchmarks.rawDeflateDecompressionFromKFlate           Maltese.bmp  avgt   15  0.065          sec/op
KompressBaselineBenchmarks.rawDeflateDecompressionFromKFlate           Sunrise.bmp  avgt   15  0.211 ± 0.005  sec/op
KompressBaselineBenchmarks.rawDeflateDecompressionFromKFlate    compressed_MVT.pbf  avgt   15  0.001          sec/op
KompressBaselineBenchmarks.rawDeflateDecompressionFromKompress          simpleText  avgt   15  0.000          sec/op
KompressBaselineBenchmarks.rawDeflateDecompressionFromKompress                text  avgt   15  0.005          sec/op
KompressBaselineBenchmarks.rawDeflateDecompressionFromKompress             model3D  avgt   15  0.000          sec/op
KompressBaselineBenchmarks.rawDeflateDecompressionFromKompress         Rainier.bmp  avgt   15  0.018          sec/op
KompressBaselineBenchmarks.rawDeflateDecompressionFromKompress         Maltese.bmp  avgt   15  0.056          sec/op
KompressBaselineBenchmarks.rawDeflateDecompressionFromKompress         Sunrise.bmp  avgt   15  0.218 ± 0.002  sec/op
KompressBaselineBenchmarks.rawDeflateDecompressionFromKompress  compressed_MVT.pbf  avgt   15  0.001          sec/op

Analysing benchmark results is not always trivial,
please refer to https://github.com/Kotlin/kotlinx-benchmark/tree/master?tab=readme-ov-file#analyzing-results for details.


> Task :kotlinWasmKotlinNpmCachesSetup
> Task :kotlinWasmNodeJsSetup
> Task :kotlinWasmRestoreYarnLock SKIPPED
> Task :kotlinWasmYarnSetup
> Task :kflate:wasmJsBenchmarkPackageJson
> Task :kflate:wasmJsPackageJson
> Task :kflate:wasmJsTestPackageJson
> Task :kflate:wasmJsWasmJsBenchmarkBenchmarkPackageJson
> Task :web-demo:wasmJsPackageJson
> Task :web-demo:wasmJsTestPackageJson
> Task :kflate:wasmJsBenchmarkPublicPackageJson
> Task :kflate:wasmJsPublicPackageJson
> Task :kflate:wasmJsTestPublicPackageJson
> Task :kflate:wasmJsWasmJsBenchmarkBenchmarkPublicPackageJson
> Task :web-demo:wasmJsPublicPackageJson
> Task :web-demo:wasmJsTestPublicPackageJson
> Task :kotlinWasmPackageJsonUmbrella
> Task :wasmRootPackageJson

> Task :kotlinWasmNpmInstall
(node:1266736) [DEP0169] DeprecationWarning: `url.parse()` behavior is not standardized and prone to errors that have security implications. Use the WHATWG URL API instead. CVEs are not issued for `url.parse()` vulnerabilities.
(Use `node --trace-deprecation ...` to show where the warning was created)
(node:1266736) [DEP0040] DeprecationWarning: The `punycode` module is deprecated. Please use a userland alternative instead.
warning Ignored scripts due to flag.

> Task :kotlinWasmStoreYarnLock
> Task :kotlinWasmToolingSetup
> Task :kflate:compileKotlinWasmJs
> Task :kflate:wasmJsProcessResources NO-SOURCE
> Task :kflate:wasmJsMainClasses
> Task :kflate:compileBenchmarkKotlinWasmJs
> Task :kflate:wasmJsBenchmarkProcessResources NO-SOURCE
> Task :kflate:wasmJsBenchmarkClasses
> Task :kflate:wasmJsBenchmarkBenchmarkGenerate
> Task :kflate:compileWasmJsBenchmarkBenchmarkKotlinWasmJs
> Task :kflate:kotlinWasmNodeJsSetup
> Task :kflate:wasmJsWasmJsBenchmarkBenchmarkProcessResources NO-SOURCE
> Task :kflate:wasmJsWasmJsBenchmarkBenchmarkClasses
> Task :kflate:compileWasmJsBenchmarkBenchmarkProductionExecutableKotlinWasmJs
> Task :kflate:kotlinWasmBinaryenSetup
> Task :kflate:compileWasmJsBenchmarkBenchmarkProductionExecutableKotlinWasmJsOptimize
> Task :kflate:wasmJsWasmJsBenchmarkBenchmarkWasmJsBenchmarkBenchmarkProductionExecutableCompileSync

> Task :kflate:wasmJsBenchmarkBenchmark
Running 'main' benchmarks for 'wasmJsBenchmark'

… com.rafambn.kflate.benchmark.CompressionBenchmarks.rawDeflateCompression | corpus=simpleText
BENCHMARK_CORPUS library=KFlate name=simpleText originalBytes=100 originalMiB=0.0 operationMiB=0.0 rawBytes=84 rawRatio=0.84
Warm-up #0: 0.0000855531 sec/op
Warm-up #1: 0.0000861213 sec/op
Warm-up #2: 0.0000857532 sec/op
Warm-up #3: 0.0000868512 sec/op
Warm-up #4: 0.0000959762 sec/op
Warm-up #5: 0.0000929570 sec/op
Warm-up #6: 0.0000907623 sec/op
Warm-up #7: 0.000101548 sec/op
Iteration #0: 0.0000990326 sec/op
Iteration #1: 0.0000989578 sec/op
Iteration #2: 0.0000989162 sec/op
Iteration #3: 0.0000967443 sec/op
Iteration #4: 0.0000961343 sec/op
Iteration #5: 0.0000955119 sec/op
Iteration #6: 0.0000957103 sec/op
Iteration #7: 0.0000960082 sec/op
Iteration #8: 0.0000981224 sec/op
Iteration #9: 0.0000962439 sec/op
Iteration #10: 0.0000955640 sec/op
Iteration #11: 0.0000962386 sec/op
Iteration #12: 0.0000961489 sec/op
Iteration #13: 0.0000957479 sec/op
Iteration #14: 0.0000955759 sec/op
Consumed blackhole value: 817502820
  Success:   ~ 0.0000967105 sec/op ±0.70%

… com.rafambn.kflate.benchmark.CompressionBenchmarks.rawDeflateCompression | corpus=text
BENCHMARK_CORPUS library=KFlate name=text originalBytes=1232923 originalMiB=1.1758 operationMiB=1.1758 rawBytes=523365 rawRatio=0.4244
Warm-up #0: 0.0503165 sec/op
Warm-up #1: 0.0500546 sec/op
Warm-up #2: 0.0505183 sec/op
Warm-up #3: 0.0501209 sec/op
Warm-up #4: 0.0498933 sec/op
Warm-up #5: 0.0503450 sec/op
Warm-up #6: 0.0498611 sec/op
Warm-up #7: 0.0497212 sec/op
Iteration #0: 0.0500454 sec/op
Iteration #1: 0.0500746 sec/op
Iteration #2: 0.0499285 sec/op
Iteration #3: 0.0497747 sec/op
Iteration #4: 0.0501824 sec/op
Iteration #5: 0.0497157 sec/op
Iteration #6: 0.0502096 sec/op
Iteration #7: 0.0500778 sec/op
Iteration #8: 0.0495711 sec/op
Iteration #9: 0.0495424 sec/op
Iteration #10: 0.0495655 sec/op
Iteration #11: 0.0497152 sec/op
Iteration #12: 0.0497659 sec/op
Iteration #13: 0.0497878 sec/op
Iteration #14: 0.0501635 sec/op
Consumed blackhole value: 65726433
  Success:   ~ 0.0498747 sec/op ±0.24%

… com.rafambn.kflate.benchmark.CompressionBenchmarks.rawDeflateCompression | corpus=model3D
BENCHMARK_CORPUS library=KFlate name=model3D originalBytes=2478 originalMiB=0.0023 operationMiB=0.0023 rawBytes=2166 rawRatio=0.874
Warm-up #0: 0.000167723 sec/op
Warm-up #1: 0.000167955 sec/op
Warm-up #2: 0.000165081 sec/op
Warm-up #3: 0.000165546 sec/op
Warm-up #4: 0.000157323 sec/op
Warm-up #5: 0.000150484 sec/op
Warm-up #6: 0.000150362 sec/op
Warm-up #7: 0.000150430 sec/op
Iteration #0: 0.000149719 sec/op
Iteration #1: 0.000150279 sec/op
Iteration #2: 0.000150078 sec/op
Iteration #3: 0.000150827 sec/op
Iteration #4: 0.000150488 sec/op
Iteration #5: 0.000149563 sec/op
Iteration #6: 0.000149513 sec/op
Iteration #7: 0.000149378 sec/op
Iteration #8: 0.000149607 sec/op
Iteration #9: 0.000149618 sec/op
Iteration #10: 0.000149543 sec/op
Iteration #11: 0.000149927 sec/op
Iteration #12: 0.000150133 sec/op
Iteration #13: 0.000150326 sec/op
Iteration #14: 0.000149922 sec/op
Consumed blackhole value: 1079802734
  Success:   ~ 0.000149928 sec/op ±0.14%

… com.rafambn.kflate.benchmark.CompressionBenchmarks.rawDeflateCompression | corpus=Rainier.bmp
BENCHMARK_CORPUS library=KFlate name=Rainier.bmp originalBytes=6220854 originalMiB=5.9326 operationMiB=5.9326 rawBytes=3199784 rawRatio=0.5143
Warm-up #0: 0.0993791 sec/op
Warm-up #1: 0.0988921 sec/op
Warm-up #2: 0.0992893 sec/op
Warm-up #3: 0.0999351 sec/op
Warm-up #4: 0.0987338 sec/op
Warm-up #5: 0.0988130 sec/op
Warm-up #6: 0.0994412 sec/op
Warm-up #7: 0.100277 sec/op
Iteration #0: 0.0989062 sec/op
Iteration #1: 0.0987703 sec/op
Iteration #2: 0.0997708 sec/op
Iteration #3: 0.0989364 sec/op
Iteration #4: 0.0988059 sec/op
Iteration #5: 0.100081 sec/op
Iteration #6: 0.0988077 sec/op
Iteration #7: 0.0990656 sec/op
Iteration #8: 0.0988816 sec/op
Iteration #9: 0.100510 sec/op
Iteration #10: 0.0989150 sec/op
Iteration #11: 0.0992412 sec/op
Iteration #12: 0.100092 sec/op
Iteration #13: 0.0992554 sec/op
Iteration #14: 0.0991731 sec/op
Consumed blackhole value: 645786121
  Success:   ~ 0.0992808 sec/op ±0.28%

… com.rafambn.kflate.benchmark.CompressionBenchmarks.rawDeflateCompression | corpus=Maltese.bmp
BENCHMARK_CORPUS library=KFlate name=Maltese.bmp originalBytes=16427390 originalMiB=15.6663 operationMiB=15.6663 rawBytes=6758938 rawRatio=0.4114
Warm-up #0: 0.380756 sec/op
Warm-up #1: 0.381255 sec/op
Warm-up #2: 0.376875 sec/op
Warm-up #3: 0.375958 sec/op
Warm-up #4: 0.377317 sec/op
Warm-up #5: 0.379725 sec/op
Warm-up #6: 0.383664 sec/op
Warm-up #7: 0.377393 sec/op
Iteration #0: 0.382534 sec/op
Iteration #1: 0.381724 sec/op
Iteration #2: 0.379217 sec/op
Iteration #3: 0.380698 sec/op
Iteration #4: 0.378159 sec/op
Iteration #5: 0.381241 sec/op
Iteration #6: 0.425562 sec/op
Iteration #7: 0.454001 sec/op
Iteration #8: 0.437019 sec/op
Iteration #9: 0.440829 sec/op
Iteration #10: 0.436728 sec/op
Iteration #11: 0.435976 sec/op
Iteration #12: 0.439269 sec/op
Iteration #13: 0.436404 sec/op
Iteration #14: 0.437168 sec/op
Consumed blackhole value: 586721552
  Success:   ~ 0.415102 sec/op ±3.6%

… com.rafambn.kflate.benchmark.CompressionBenchmarks.rawDeflateCompression | corpus=Sunrise.bmp
BENCHMARK_CORPUS library=KFlate name=Sunrise.bmp originalBytes=52344054 originalMiB=49.9191 operationMiB=49.9191 rawBytes=25817354 rawRatio=0.4932
Warm-up #0: 1.52344 sec/op
Warm-up #1: 1.55346 sec/op
Warm-up #2: 1.51376 sec/op
Warm-up #3: 1.52398 sec/op
Warm-up #4: 1.51444 sec/op
Warm-up #5: 1.51512 sec/op
Warm-up #6: 1.50784 sec/op
Warm-up #7: 1.51682 sec/op
Iteration #0: 1.53427 sec/op
Iteration #1: 1.52986 sec/op
Iteration #2: 1.51736 sec/op
Iteration #3: 1.52205 sec/op
Iteration #4: 1.50990 sec/op
Iteration #5: 1.51903 sec/op
Iteration #6: 1.51151 sec/op
Iteration #7: 1.53519 sec/op
Iteration #8: 1.50689 sec/op
Iteration #9: 1.52033 sec/op
Iteration #10: 1.50783 sec/op
Iteration #11: 1.51646 sec/op
Iteration #12: 1.51142 sec/op
Iteration #13: 1.51187 sec/op
Iteration #14: 1.50663 sec/op
Consumed blackhole value: -1287003706
  Success:   ~ 1.51737 sec/op ±0.32%

… com.rafambn.kflate.benchmark.CompressionBenchmarks.rawDeflateCompression | corpus=compressed_MVT.pbf
BENCHMARK_CORPUS library=KFlate name=compressed_MVT.pbf originalBytes=146224 originalMiB=0.1394 operationMiB=0.1394 rawBytes=93980 rawRatio=0.6427
Warm-up #0: 0.00389599 sec/op
Warm-up #1: 0.00385915 sec/op
Warm-up #2: 0.00385624 sec/op
Warm-up #3: 0.00385514 sec/op
Warm-up #4: 0.00384404 sec/op
Warm-up #5: 0.00385426 sec/op
Warm-up #6: 0.00384287 sec/op
Warm-up #7: 0.00383361 sec/op
Iteration #0: 0.00385539 sec/op
Iteration #1: 0.00384403 sec/op
Iteration #2: 0.00380599 sec/op
Iteration #3: 0.00333327 sec/op
Iteration #4: 0.00334102 sec/op
Iteration #5: 0.00335059 sec/op
Iteration #6: 0.00334402 sec/op
Iteration #7: 0.00334516 sec/op
Iteration #8: 0.00335426 sec/op
Iteration #9: 0.00335165 sec/op
Iteration #10: 0.00338499 sec/op
Iteration #11: 0.00335720 sec/op
Iteration #12: 0.00335264 sec/op
Iteration #13: 0.00335062 sec/op
Iteration #14: 0.00334764 sec/op
Consumed blackhole value: 1413292279
  Success:   ~ 0.00344790 sec/op ±2.9%

… com.rafambn.kflate.benchmark.CompressionBenchmarks.rawDeflateDecompressionFromKFlate | corpus=simpleText
BENCHMARK_CORPUS library=KFlate name=simpleText originalBytes=100 originalMiB=0.0 operationMiB=0.0 rawBytes=84 rawRatio=0.84
Warm-up #0: 0.00000167002 sec/op
Warm-up #1: 0.00000164534 sec/op
Warm-up #2: 0.00000167275 sec/op
Warm-up #3: 0.00000170760 sec/op
Warm-up #4: 0.00000166052 sec/op
Warm-up #5: 0.00000164968 sec/op
Warm-up #6: 0.00000164026 sec/op
Warm-up #7: 0.00000166059 sec/op
Iteration #0: 0.00000164467 sec/op
Iteration #1: 0.00000167733 sec/op
Iteration #2: 0.00000166818 sec/op
Iteration #3: 0.00000163674 sec/op
Iteration #4: 0.00000162801 sec/op
Iteration #5: 0.00000162407 sec/op
Iteration #6: 0.00000162288 sec/op
Iteration #7: 0.00000162287 sec/op
Iteration #8: 0.00000168041 sec/op
Iteration #9: 0.00000164625 sec/op
Iteration #10: 0.00000163482 sec/op
Iteration #11: 0.00000162766 sec/op
Iteration #12: 0.00000162363 sec/op
Iteration #13: 0.00000162773 sec/op
Iteration #14: 0.00000163010 sec/op
Consumed blackhole value: 1202146048
  Success:   ~ 0.00000163969 sec/op ±0.62%

… com.rafambn.kflate.benchmark.CompressionBenchmarks.rawDeflateDecompressionFromKFlate | corpus=text
BENCHMARK_CORPUS library=KFlate name=text originalBytes=1232923 originalMiB=1.1758 operationMiB=1.1758 rawBytes=523365 rawRatio=0.4244
Warm-up #0: 0.00844522 sec/op
Warm-up #1: 0.00838673 sec/op
Warm-up #2: 0.00834552 sec/op
Warm-up #3: 0.00840845 sec/op
Warm-up #4: 0.00839070 sec/op
Warm-up #5: 0.00842960 sec/op
Warm-up #6: 0.00843806 sec/op
Warm-up #7: 0.00839158 sec/op
Iteration #0: 0.00852322 sec/op
Iteration #1: 0.00861184 sec/op
Iteration #2: 0.00872969 sec/op
Iteration #3: 0.00956959 sec/op
Iteration #4: 0.00963571 sec/op
Iteration #5: 0.0100347 sec/op
Iteration #6: 0.00961221 sec/op
Iteration #7: 0.00959000 sec/op
Iteration #8: 0.00972423 sec/op
Iteration #9: 0.00967967 sec/op
Iteration #10: 0.00950472 sec/op
Iteration #11: 0.00966758 sec/op
Iteration #12: 0.00951812 sec/op
Iteration #13: 0.00952128 sec/op
Iteration #14: 0.00952406 sec/op
Consumed blackhole value: 824581470
  Success:   ~ 0.00942977 sec/op ±2.4%

… com.rafambn.kflate.benchmark.CompressionBenchmarks.rawDeflateDecompressionFromKFlate | corpus=model3D
BENCHMARK_CORPUS library=KFlate name=model3D originalBytes=2478 originalMiB=0.0023 operationMiB=0.0023 rawBytes=2166 rawRatio=0.874
Warm-up #0: 0.0000292442 sec/op
Warm-up #1: 0.0000300696 sec/op
Warm-up #2: 0.0000303932 sec/op
Warm-up #3: 0.0000292606 sec/op
Warm-up #4: 0.0000292812 sec/op
Warm-up #5: 0.0000292852 sec/op
Warm-up #6: 0.0000292131 sec/op
Warm-up #7: 0.0000291787 sec/op
Iteration #0: 0.0000291734 sec/op
Iteration #1: 0.0000291802 sec/op
Iteration #2: 0.0000291360 sec/op
Iteration #3: 0.0000291565 sec/op
Iteration #4: 0.0000290246 sec/op
Iteration #5: 0.0000290269 sec/op
Iteration #6: 0.0000292441 sec/op
Iteration #7: 0.0000291767 sec/op
Iteration #8: 0.0000291036 sec/op
Iteration #9: 0.0000291666 sec/op
Iteration #10: 0.0000290141 sec/op
Iteration #11: 0.0000291068 sec/op
Iteration #12: 0.0000290805 sec/op
Iteration #13: 0.0000290901 sec/op
Iteration #14: 0.0000291039 sec/op
Consumed blackhole value: -1803800315
  Success:   ~ 0.0000291189 sec/op ±0.11%

… com.rafambn.kflate.benchmark.CompressionBenchmarks.rawDeflateDecompressionFromKFlate | corpus=Rainier.bmp
BENCHMARK_CORPUS library=KFlate name=Rainier.bmp originalBytes=6220854 originalMiB=5.9326 operationMiB=5.9326 rawBytes=3199784 rawRatio=0.5143
Warm-up #0: 0.0485123 sec/op
Warm-up #1: 0.0489180 sec/op
Warm-up #2: 0.0491635 sec/op
Warm-up #3: 0.0484926 sec/op
Warm-up #4: 0.0490779 sec/op
Warm-up #5: 0.0486306 sec/op
Warm-up #6: 0.0496335 sec/op
Warm-up #7: 0.0489029 sec/op
Iteration #0: 0.0486956 sec/op
Iteration #1: 0.0494250 sec/op
Iteration #2: 0.0487875 sec/op
Iteration #3: 0.0487370 sec/op
Iteration #4: 0.0495484 sec/op
Iteration #5: 0.0488123 sec/op
Iteration #6: 0.0493409 sec/op
Iteration #7: 0.0488741 sec/op
Iteration #8: 0.0488558 sec/op
Iteration #9: 0.0494849 sec/op
Iteration #10: 0.0488487 sec/op
Iteration #11: 0.0488394 sec/op
Iteration #12: 0.0495590 sec/op
Iteration #13: 0.0488789 sec/op
Iteration #14: 0.0493654 sec/op
Consumed blackhole value: -897149336
  Success:   ~ 0.0490702 sec/op ±0.34%

… com.rafambn.kflate.benchmark.CompressionBenchmarks.rawDeflateDecompressionFromKFlate | corpus=Maltese.bmp
BENCHMARK_CORPUS library=KFlate name=Maltese.bmp originalBytes=16427390 originalMiB=15.6663 operationMiB=15.6663 rawBytes=6758938 rawRatio=0.4114
Warm-up #0: 0.115289 sec/op
Warm-up #1: 0.117128 sec/op
Warm-up #2: 0.116920 sec/op
Warm-up #3: 0.116253 sec/op
Warm-up #4: 0.115303 sec/op
Warm-up #5: 0.119202 sec/op
Warm-up #6: 0.115137 sec/op
Warm-up #7: 0.115167 sec/op
Iteration #0: 0.114572 sec/op
Iteration #1: 0.118887 sec/op
Iteration #2: 0.116219 sec/op
Iteration #3: 0.115354 sec/op
Iteration #4: 0.114905 sec/op
Iteration #5: 0.118704 sec/op
Iteration #6: 0.114997 sec/op
Iteration #7: 0.115286 sec/op
Iteration #8: 0.114635 sec/op
Iteration #9: 0.118536 sec/op
Iteration #10: 0.114635 sec/op
Iteration #11: 0.115364 sec/op
Iteration #12: 0.114583 sec/op
Iteration #13: 0.118573 sec/op
Iteration #14: 0.115479 sec/op
Consumed blackhole value: -1571934000
  Success:   ~ 0.116049 sec/op ±0.74%

… com.rafambn.kflate.benchmark.CompressionBenchmarks.rawDeflateDecompressionFromKFlate | corpus=Sunrise.bmp
BENCHMARK_CORPUS library=KFlate name=Sunrise.bmp originalBytes=52344054 originalMiB=49.9191 operationMiB=49.9191 rawBytes=25817354 rawRatio=0.4932
Warm-up #0: 0.456591 sec/op
Warm-up #1: 0.479236 sec/op
Warm-up #2: 0.455721 sec/op
Warm-up #3: 0.455635 sec/op
Warm-up #4: 0.454913 sec/op
Warm-up #5: 0.476243 sec/op
Warm-up #6: 0.453272 sec/op
Warm-up #7: 0.453099 sec/op
Iteration #0: 0.453900 sec/op
Iteration #1: 0.477621 sec/op
Iteration #2: 0.452252 sec/op
Iteration #3: 0.458840 sec/op
Iteration #4: 0.460233 sec/op
Iteration #5: 0.475593 sec/op
Iteration #6: 0.451608 sec/op
Iteration #7: 0.451952 sec/op
Iteration #8: 0.475369 sec/op
Iteration #9: 0.453465 sec/op
Iteration #10: 0.451909 sec/op
Iteration #11: 0.450848 sec/op
Iteration #12: 0.475018 sec/op
Iteration #13: 0.453482 sec/op
Iteration #14: 0.451069 sec/op
Consumed blackhole value: -1772375882
  Success:   ~ 0.459544 sec/op ±1.2%

… com.rafambn.kflate.benchmark.CompressionBenchmarks.rawDeflateDecompressionFromKFlate | corpus=compressed_MVT.pbf
BENCHMARK_CORPUS library=KFlate name=compressed_MVT.pbf originalBytes=146224 originalMiB=0.1394 operationMiB=0.1394 rawBytes=93980 rawRatio=0.6427
Warm-up #0: 0.00145482 sec/op
Warm-up #1: 0.00144858 sec/op
Warm-up #2: 0.00144138 sec/op
Warm-up #3: 0.00143921 sec/op
Warm-up #4: 0.00144607 sec/op
Warm-up #5: 0.00144823 sec/op
Warm-up #6: 0.00144494 sec/op
Warm-up #7: 0.00144374 sec/op
Iteration #0: 0.00145325 sec/op
Iteration #1: 0.00144246 sec/op
Iteration #2: 0.00144292 sec/op
Iteration #3: 0.00144715 sec/op
Iteration #4: 0.00144505 sec/op
Iteration #5: 0.00144021 sec/op
Iteration #6: 0.00143896 sec/op
Iteration #7: 0.00144449 sec/op
Iteration #8: 0.00144255 sec/op
Iteration #9: 0.00144217 sec/op
Iteration #10: 0.00145633 sec/op
Iteration #11: 0.00144438 sec/op
Iteration #12: 0.00144147 sec/op
Iteration #13: 0.00144578 sec/op
Iteration #14: 0.00144393 sec/op
Consumed blackhole value: -900852930
  Success:   ~ 0.00144474 sec/op ±0.16%

… com.rafambn.kflate.benchmark.CompressionBenchmarks.rawDeflateDecompressionFromKompress | corpus=simpleText
BENCHMARK_CORPUS library=KFlate name=simpleText originalBytes=100 originalMiB=0.0 operationMiB=0.0 rawBytes=84 rawRatio=0.84
Warm-up #0: 0.00000179185 sec/op
Warm-up #1: 0.00000174606 sec/op
Warm-up #2: 0.00000173940 sec/op
Warm-up #3: 0.00000173427 sec/op
Warm-up #4: 0.00000176644 sec/op
Warm-up #5: 0.00000175357 sec/op
Warm-up #6: 0.00000173438 sec/op
Warm-up #7: 0.00000173157 sec/op
Iteration #0: 0.00000177023 sec/op
Iteration #1: 0.00000179193 sec/op
Iteration #2: 0.00000179719 sec/op
Iteration #3: 0.00000175540 sec/op
Iteration #4: 0.00000173582 sec/op
Iteration #5: 0.00000173140 sec/op
Iteration #6: 0.00000172613 sec/op
Iteration #7: 0.00000171848 sec/op
Iteration #8: 0.00000171939 sec/op
Iteration #9: 0.00000171573 sec/op
Iteration #10: 0.00000172265 sec/op
Iteration #11: 0.00000172808 sec/op
Iteration #12: 0.00000172176 sec/op
Iteration #13: 0.00000171663 sec/op
Iteration #14: 0.00000171354 sec/op
Consumed blackhole value: -146635341
  Success:   ~ 0.00000173762 sec/op ±0.81%

… com.rafambn.kflate.benchmark.CompressionBenchmarks.rawDeflateDecompressionFromKompress | corpus=text
BENCHMARK_CORPUS library=KFlate name=text originalBytes=1232923 originalMiB=1.1758 operationMiB=1.1758 rawBytes=523365 rawRatio=0.4244
Warm-up #0: 0.00947358 sec/op
Warm-up #1: 0.00939223 sec/op
Warm-up #2: 0.00947002 sec/op
Warm-up #3: 0.00945332 sec/op
Warm-up #4: 0.00943385 sec/op
Warm-up #5: 0.00939057 sec/op
Warm-up #6: 0.00945329 sec/op
Warm-up #7: 0.00948131 sec/op
Iteration #0: 0.00935708 sec/op
Iteration #1: 0.00946059 sec/op
Iteration #2: 0.00949264 sec/op
Iteration #3: 0.00939048 sec/op
Iteration #4: 0.00949867 sec/op
Iteration #5: 0.00946713 sec/op
Iteration #6: 0.00946255 sec/op
Iteration #7: 0.00939880 sec/op
Iteration #8: 0.00947244 sec/op
Iteration #9: 0.00955293 sec/op
Iteration #10: 0.00946937 sec/op
Iteration #11: 0.00949742 sec/op
Iteration #12: 0.00949145 sec/op
Iteration #13: 0.00939467 sec/op
Iteration #14: 0.00947901 sec/op
Consumed blackhole value: 845951623
  Success:   ~ 0.00945901 sec/op ±0.28%

… com.rafambn.kflate.benchmark.CompressionBenchmarks.rawDeflateDecompressionFromKompress | corpus=model3D
BENCHMARK_CORPUS library=KFlate name=model3D originalBytes=2478 originalMiB=0.0023 operationMiB=0.0023 rawBytes=2166 rawRatio=0.874
Warm-up #0: 0.0000286992 sec/op
Warm-up #1: 0.0000287037 sec/op
Warm-up #2: 0.0000285753 sec/op
Warm-up #3: 0.0000288132 sec/op
Warm-up #4: 0.0000288461 sec/op
Warm-up #5: 0.0000288573 sec/op
Warm-up #6: 0.0000288347 sec/op
Warm-up #7: 0.0000287644 sec/op
Iteration #0: 0.0000288422 sec/op
Iteration #1: 0.0000287944 sec/op
Iteration #2: 0.0000288908 sec/op
Iteration #3: 0.0000288332 sec/op
Iteration #4: 0.0000288143 sec/op
Iteration #5: 0.0000288488 sec/op
Iteration #6: 0.0000295690 sec/op
Iteration #7: 0.0000297453 sec/op
Iteration #8: 0.0000289259 sec/op
Iteration #9: 0.0000288303 sec/op
Iteration #10: 0.0000290378 sec/op
Iteration #11: 0.0000288477 sec/op
Iteration #12: 0.0000288339 sec/op
Iteration #13: 0.0000290099 sec/op
Iteration #14: 0.0000288396 sec/op
Consumed blackhole value: -872374049
  Success:   ~ 0.0000289775 sec/op ±0.50%

… com.rafambn.kflate.benchmark.CompressionBenchmarks.rawDeflateDecompressionFromKompress | corpus=Rainier.bmp
BENCHMARK_CORPUS library=KFlate name=Rainier.bmp originalBytes=6220854 originalMiB=5.9326 operationMiB=5.9326 rawBytes=3199784 rawRatio=0.5143
Warm-up #0: 0.0489894 sec/op
Warm-up #1: 0.0482628 sec/op
Warm-up #2: 0.0486466 sec/op
Warm-up #3: 0.0480435 sec/op
Warm-up #4: 0.0480247 sec/op
Warm-up #5: 0.0489144 sec/op
Warm-up #6: 0.0479453 sec/op
Warm-up #7: 0.0478541 sec/op
Iteration #0: 0.0491344 sec/op
Iteration #1: 0.0479557 sec/op
Iteration #2: 0.0488159 sec/op
Iteration #3: 0.0480583 sec/op
Iteration #4: 0.0478895 sec/op
Iteration #5: 0.0487165 sec/op
Iteration #6: 0.0479885 sec/op
Iteration #7: 0.0481254 sec/op
Iteration #8: 0.0488002 sec/op
Iteration #9: 0.0478689 sec/op
Iteration #10: 0.0479787 sec/op
Iteration #11: 0.0487579 sec/op
Iteration #12: 0.0479211 sec/op
Iteration #13: 0.0488047 sec/op
Iteration #14: 0.0481030 sec/op
Consumed blackhole value: 1116939775
  Success:   ~ 0.0483279 sec/op ±0.47%

… com.rafambn.kflate.benchmark.CompressionBenchmarks.rawDeflateDecompressionFromKompress | corpus=Maltese.bmp
BENCHMARK_CORPUS library=KFlate name=Maltese.bmp originalBytes=16427390 originalMiB=15.6663 operationMiB=15.6663 rawBytes=6758938 rawRatio=0.4114
Warm-up #0: 0.111845 sec/op
Warm-up #1: 0.113671 sec/op
Warm-up #2: 0.111664 sec/op
Warm-up #3: 0.112509 sec/op
Warm-up #4: 0.112017 sec/op
Warm-up #5: 0.116099 sec/op
Warm-up #6: 0.111642 sec/op
Warm-up #7: 0.112294 sec/op
Iteration #0: 0.111596 sec/op
Iteration #1: 0.115810 sec/op
Iteration #2: 0.112648 sec/op
Iteration #3: 0.112288 sec/op
Iteration #4: 0.111500 sec/op
Iteration #5: 0.115832 sec/op
Iteration #6: 0.111680 sec/op
Iteration #7: 0.112276 sec/op
Iteration #8: 0.113872 sec/op
Iteration #9: 0.117732 sec/op
Iteration #10: 0.112811 sec/op
Iteration #11: 0.112617 sec/op
Iteration #12: 0.112033 sec/op
Iteration #13: 0.115781 sec/op
Iteration #14: 0.111980 sec/op
Consumed blackhole value: -1722095951
  Success:   ~ 0.113364 sec/op ±0.88%

… com.rafambn.kflate.benchmark.CompressionBenchmarks.rawDeflateDecompressionFromKompress | corpus=Sunrise.bmp
BENCHMARK_CORPUS library=KFlate name=Sunrise.bmp originalBytes=52344054 originalMiB=49.9191 operationMiB=49.9191 rawBytes=25817354 rawRatio=0.4932
Warm-up #0: 0.444062 sec/op
Warm-up #1: 0.457997 sec/op
Warm-up #2: 0.448363 sec/op
Warm-up #3: 0.448132 sec/op
Warm-up #4: 0.445763 sec/op
Warm-up #5: 0.466927 sec/op
Warm-up #6: 0.446678 sec/op
Warm-up #7: 0.445898 sec/op
Iteration #0: 0.444937 sec/op
Iteration #1: 0.467508 sec/op
Iteration #2: 0.445709 sec/op
Iteration #3: 0.426905 sec/op
Iteration #4: 0.401798 sec/op
Iteration #5: 0.418640 sec/op
Iteration #6: 0.395278 sec/op
Iteration #7: 0.396350 sec/op
Iteration #8: 0.417074 sec/op
Iteration #9: 0.397689 sec/op
Iteration #10: 0.396305 sec/op
Iteration #11: 0.395465 sec/op
Iteration #12: 0.419059 sec/op
Iteration #13: 0.397571 sec/op
Iteration #14: 0.395192 sec/op
Consumed blackhole value: 508620083
  Success:   ~ 0.414365 sec/op ±2.8%

… com.rafambn.kflate.benchmark.CompressionBenchmarks.rawDeflateDecompressionFromKompress | corpus=compressed_MVT.pbf
BENCHMARK_CORPUS library=KFlate name=compressed_MVT.pbf originalBytes=146224 originalMiB=0.1394 operationMiB=0.1394 rawBytes=93980 rawRatio=0.6427
Warm-up #0: 0.00127679 sec/op
Warm-up #1: 0.00128635 sec/op
Warm-up #2: 0.00135922 sec/op
Warm-up #3: 0.00134449 sec/op
Warm-up #4: 0.00129816 sec/op
Warm-up #5: 0.00131649 sec/op
Warm-up #6: 0.00128808 sec/op
Warm-up #7: 0.00129433 sec/op
Iteration #0: 0.00129406 sec/op
Iteration #1: 0.00128876 sec/op
Iteration #2: 0.00129323 sec/op
Iteration #3: 0.00128973 sec/op
Iteration #4: 0.00128790 sec/op
Iteration #5: 0.00129353 sec/op
Iteration #6: 0.00129182 sec/op
Iteration #7: 0.00129779 sec/op
Iteration #8: 0.00129325 sec/op
Iteration #9: 0.00129383 sec/op
Iteration #10: 0.00128823 sec/op
Iteration #11: 0.00129712 sec/op
Iteration #12: 0.00129405 sec/op
Iteration #13: 0.00128591 sec/op
Iteration #14: 0.00129251 sec/op
Consumed blackhole value: -787660370
  Success:   ~ 0.00129212 sec/op ±0.13%

… com.rafambn.kflate.benchmark.KompressBaselineBenchmarks.rawDeflateCompression | corpus=simpleText
BENCHMARK_BASELINE_CORPUS library=Kompress name=simpleText originalBytes=100 originalMiB=0.0 operationMiB=0.0 rawBytes=84 rawRatio=0.84
Warm-up #0: 0.0000592009 sec/op
Warm-up #1: 0.0000581579 sec/op
Warm-up #2: 0.0000587918 sec/op
Warm-up #3: 0.0000598444 sec/op
Warm-up #4: 0.0000591089 sec/op
Warm-up #5: 0.0000617436 sec/op
Warm-up #6: 0.0000600930 sec/op
Warm-up #7: 0.0000593502 sec/op
Iteration #0: 0.0000589586 sec/op
Iteration #1: 0.0000593872 sec/op
Iteration #2: 0.0000608775 sec/op
Iteration #3: 0.0000630367 sec/op
Iteration #4: 0.0000635924 sec/op
Iteration #5: 0.0000648923 sec/op
Iteration #6: 0.0000655868 sec/op
Iteration #7: 0.0000643008 sec/op
Iteration #8: 0.0000651719 sec/op
Iteration #9: 0.0000646498 sec/op
Iteration #10: 0.0000637505 sec/op
Iteration #11: 0.0000644442 sec/op
Iteration #12: 0.0000639512 sec/op
Iteration #13: 0.0000639522 sec/op
Iteration #14: 0.0000656700 sec/op
Consumed blackhole value: -553151982
  Success:   ~ 0.0000634815 sec/op ±1.7%

… com.rafambn.kflate.benchmark.KompressBaselineBenchmarks.rawDeflateCompression | corpus=text
BENCHMARK_BASELINE_CORPUS library=Kompress name=text originalBytes=1232923 originalMiB=1.1758 operationMiB=1.1758 rawBytes=520188 rawRatio=0.4219
Warm-up #0: 0.113821 sec/op
Warm-up #1: 0.112626 sec/op
Warm-up #2: 0.112608 sec/op
Warm-up #3: 0.112463 sec/op
Warm-up #4: 0.112273 sec/op
Warm-up #5: 0.111879 sec/op
Warm-up #6: 0.112346 sec/op
Warm-up #7: 0.112522 sec/op
Iteration #0: 0.112511 sec/op
Iteration #1: 0.112247 sec/op
Iteration #2: 0.112074 sec/op
Iteration #3: 0.111908 sec/op
Iteration #4: 0.112063 sec/op
Iteration #5: 0.112269 sec/op
Iteration #6: 0.112451 sec/op
Iteration #7: 0.111762 sec/op
Iteration #8: 0.111940 sec/op
Iteration #9: 0.112137 sec/op
Iteration #10: 0.111753 sec/op
Iteration #11: 0.112466 sec/op
Iteration #12: 0.112706 sec/op
Iteration #13: 0.0972772 sec/op
Iteration #14: 0.0972665 sec/op
Consumed blackhole value: 1365867363
  Success:   ~ 0.110189 sec/op ±2.4%

… com.rafambn.kflate.benchmark.KompressBaselineBenchmarks.rawDeflateCompression | corpus=model3D
BENCHMARK_BASELINE_CORPUS library=Kompress name=model3D originalBytes=2478 originalMiB=0.0023 operationMiB=0.0023 rawBytes=2152 rawRatio=0.8684
Warm-up #0: 0.000236839 sec/op
Warm-up #1: 0.000238761 sec/op
Warm-up #2: 0.000235896 sec/op
Warm-up #3: 0.000238976 sec/op
Warm-up #4: 0.000237792 sec/op
Warm-up #5: 0.000237082 sec/op
Warm-up #6: 0.000238480 sec/op
Warm-up #7: 0.000237272 sec/op
Iteration #0: 0.000237648 sec/op
Iteration #1: 0.000238281 sec/op
Iteration #2: 0.000238547 sec/op
Iteration #3: 0.000238462 sec/op
Iteration #4: 0.000239343 sec/op
Iteration #5: 0.000236995 sec/op
Iteration #6: 0.000234129 sec/op
Iteration #7: 0.000235054 sec/op
Iteration #8: 0.000234967 sec/op
Iteration #9: 0.000238438 sec/op
Iteration #10: 0.000235611 sec/op
Iteration #11: 0.000236453 sec/op
Iteration #12: 0.000237236 sec/op
Iteration #13: 0.000236602 sec/op
Iteration #14: 0.000237283 sec/op
Consumed blackhole value: -463437639
  Success:   ~ 0.000237003 sec/op ±0.33%

… com.rafambn.kflate.benchmark.KompressBaselineBenchmarks.rawDeflateCompression | corpus=Rainier.bmp
BENCHMARK_BASELINE_CORPUS library=Kompress name=Rainier.bmp originalBytes=6220854 originalMiB=5.9326 operationMiB=5.9326 rawBytes=3143371 rawRatio=0.5052
Warm-up #0: 0.380763 sec/op
Warm-up #1: 0.380548 sec/op
Warm-up #2: 0.382936 sec/op
Warm-up #3: 0.380256 sec/op
Warm-up #4: 0.380021 sec/op
Warm-up #5: 0.380086 sec/op
Warm-up #6: 0.380766 sec/op
Warm-up #7: 0.380663 sec/op
Iteration #0: 0.381389 sec/op
Iteration #1: 0.383249 sec/op
Iteration #2: 0.381034 sec/op
Iteration #3: 0.380169 sec/op
Iteration #4: 0.380481 sec/op
Iteration #5: 0.380843 sec/op
Iteration #6: 0.381434 sec/op
Iteration #7: 0.380442 sec/op
Iteration #8: 0.381249 sec/op
Iteration #9: 0.381582 sec/op
Iteration #10: 0.381162 sec/op
Iteration #11: 0.380608 sec/op
Iteration #12: 0.380924 sec/op
Iteration #13: 0.381291 sec/op
Iteration #14: 0.380323 sec/op
Consumed blackhole value: -528559682
  Success:   ~ 0.381079 sec/op ±0.099%

… com.rafambn.kflate.benchmark.KompressBaselineBenchmarks.rawDeflateCompression | corpus=Maltese.bmp
BENCHMARK_BASELINE_CORPUS library=Kompress name=Maltese.bmp originalBytes=16427390 originalMiB=15.6663 operationMiB=15.6663 rawBytes=6603460 rawRatio=0.4019
Warm-up #0: 1.06714 sec/op
Warm-up #1: 1.07859 sec/op
Warm-up #2: 1.06853 sec/op
Warm-up #3: 1.08505 sec/op
Warm-up #4: 1.06820 sec/op
Warm-up #5: 1.07212 sec/op
Warm-up #6: 1.06592 sec/op
Warm-up #7: 1.06819 sec/op
Iteration #0: 1.07000 sec/op
Iteration #1: 1.06881 sec/op
Iteration #2: 1.07230 sec/op
Iteration #3: 1.06872 sec/op
Iteration #4: 1.06539 sec/op
Iteration #5: 1.07069 sec/op
Iteration #6: 1.06746 sec/op
Iteration #7: 1.06763 sec/op
Iteration #8: 1.06961 sec/op
Iteration #9: 1.07189 sec/op
Iteration #10: 1.06386 sec/op
Iteration #11: 1.06655 sec/op
Iteration #12: 1.08982 sec/op
Iteration #13: 1.06451 sec/op
Iteration #14: 1.06178 sec/op
Consumed blackhole value: 1868245108
  Success:   ~ 1.06927 sec/op ±0.30%

… com.rafambn.kflate.benchmark.KompressBaselineBenchmarks.rawDeflateCompression | corpus=Sunrise.bmp
BENCHMARK_BASELINE_CORPUS library=Kompress name=Sunrise.bmp originalBytes=52344054 originalMiB=49.9191 operationMiB=49.9191 rawBytes=24923928 rawRatio=0.4761
Warm-up #0: 3.64076 sec/op
Warm-up #1: 3.67539 sec/op
Warm-up #2: 3.62328 sec/op
Warm-up #3: 3.61927 sec/op
Warm-up #4: 3.64583 sec/op
Warm-up #5: 3.63452 sec/op
Warm-up #6: 3.62778 sec/op
Warm-up #7: 3.63150 sec/op
Iteration #0: 3.60842 sec/op
Iteration #1: 3.60966 sec/op
Iteration #2: 3.60723 sec/op
Iteration #3: 3.60669 sec/op
Iteration #4: 3.61142 sec/op
Iteration #5: 3.60606 sec/op
Iteration #6: 3.61311 sec/op
Iteration #7: 3.61494 sec/op
Iteration #8: 3.62415 sec/op
Iteration #9: 3.61496 sec/op
Iteration #10: 3.61052 sec/op
Iteration #11: 3.63547 sec/op
Iteration #12: 3.62490 sec/op
Iteration #13: 3.60046 sec/op
Iteration #14: 3.61865 sec/op
Consumed blackhole value: 1986394435
  Success:   ~ 3.61378 sec/op ±0.13%

… com.rafambn.kflate.benchmark.KompressBaselineBenchmarks.rawDeflateCompression | corpus=compressed_MVT.pbf
BENCHMARK_BASELINE_CORPUS library=Kompress name=compressed_MVT.pbf originalBytes=146224 originalMiB=0.1394 operationMiB=0.1394 rawBytes=93881 rawRatio=0.642
Warm-up #0: 0.0102282 sec/op
Warm-up #1: 0.0102536 sec/op
Warm-up #2: 0.0102505 sec/op
Warm-up #3: 0.0102458 sec/op
Warm-up #4: 0.0102697 sec/op
Warm-up #5: 0.0104771 sec/op
Warm-up #6: 0.0103763 sec/op
Warm-up #7: 0.0103119 sec/op
Iteration #0: 0.0113385 sec/op
Iteration #1: 0.0102783 sec/op
Iteration #2: 0.0102503 sec/op
Iteration #3: 0.0102882 sec/op
Iteration #4: 0.0103255 sec/op
Iteration #5: 0.0103559 sec/op
Iteration #6: 0.0102655 sec/op
Iteration #7: 0.0102762 sec/op
Iteration #8: 0.0103071 sec/op
Iteration #9: 0.0103027 sec/op
Iteration #10: 0.0102597 sec/op
Iteration #11: 0.0103286 sec/op
Iteration #12: 0.0102905 sec/op
Iteration #13: 0.0102373 sec/op
Iteration #14: 0.0109717 sec/op
Consumed blackhole value: 1299433715
  Success:   ~ 0.0104051 sec/op ±1.5%

… com.rafambn.kflate.benchmark.KompressBaselineBenchmarks.rawDeflateDecompressionFromKFlate | corpus=simpleText
BENCHMARK_BASELINE_CORPUS library=Kompress name=simpleText originalBytes=100 originalMiB=0.0 operationMiB=0.0 rawBytes=84 rawRatio=0.84
Warm-up #0: 0.0000357579 sec/op
Warm-up #1: 0.0000349492 sec/op
Warm-up #2: 0.0000347881 sec/op
Warm-up #3: 0.0000348469 sec/op
Warm-up #4: 0.0000352746 sec/op
Warm-up #5: 0.0000351256 sec/op
Warm-up #6: 0.0000347955 sec/op
Warm-up #7: 0.0000342735 sec/op
Iteration #0: 0.0000344767 sec/op
Iteration #1: 0.0000343010 sec/op
Iteration #2: 0.0000378861 sec/op
Iteration #3: 0.0000420054 sec/op
Iteration #4: 0.0000392117 sec/op
Iteration #5: 0.0000386453 sec/op
Iteration #6: 0.0000420068 sec/op
Iteration #7: 0.0000409550 sec/op
Iteration #8: 0.0000395129 sec/op
Iteration #9: 0.0000384916 sec/op
Iteration #10: 0.0000386563 sec/op
Iteration #11: 0.0000388432 sec/op
Iteration #12: 0.0000392114 sec/op
Iteration #13: 0.0000391861 sec/op
Iteration #14: 0.0000387619 sec/op
Consumed blackhole value: 793200992
  Success:   ~ 0.0000388101 sec/op ±2.8%

… com.rafambn.kflate.benchmark.KompressBaselineBenchmarks.rawDeflateDecompressionFromKFlate | corpus=text
BENCHMARK_BASELINE_CORPUS library=Kompress name=text originalBytes=1232923 originalMiB=1.1758 operationMiB=1.1758 rawBytes=520188 rawRatio=0.4219
Warm-up #0: 0.0570635 sec/op
Warm-up #1: 0.0567620 sec/op
Warm-up #2: 0.0570941 sec/op
Warm-up #3: 0.0567762 sec/op
Warm-up #4: 0.0566310 sec/op
Warm-up #5: 0.0569768 sec/op
Warm-up #6: 0.0574294 sec/op
Warm-up #7: 0.0592303 sec/op
Iteration #0: 0.0579991 sec/op
Iteration #1: 0.0575054 sec/op
Iteration #2: 0.0570806 sec/op
Iteration #3: 0.0567102 sec/op
Iteration #4: 0.0572480 sec/op
Iteration #5: 0.0566748 sec/op
Iteration #6: 0.0565978 sec/op
Iteration #7: 0.0571591 sec/op
Iteration #8: 0.0569063 sec/op
Iteration #9: 0.0574359 sec/op
Iteration #10: 0.0571698 sec/op
Iteration #11: 0.0573010 sec/op
Iteration #12: 0.0577525 sec/op
Iteration #13: 0.0578063 sec/op
Iteration #14: 0.0572408 sec/op
Consumed blackhole value: -606343409
  Success:   ~ 0.0572392 sec/op ±0.37%

… com.rafambn.kflate.benchmark.KompressBaselineBenchmarks.rawDeflateDecompressionFromKFlate | corpus=model3D
BENCHMARK_BASELINE_CORPUS library=Kompress name=model3D originalBytes=2478 originalMiB=0.0023 operationMiB=0.0023 rawBytes=2152 rawRatio=0.8684
Warm-up #0: 0.000201378 sec/op
Warm-up #1: 0.000202522 sec/op
Warm-up #2: 0.000202522 sec/op
Warm-up #3: 0.000200257 sec/op
Warm-up #4: 0.000200041 sec/op
Warm-up #5: 0.000199329 sec/op
Warm-up #6: 0.000199584 sec/op
Warm-up #7: 0.000201649 sec/op
Iteration #0: 0.000204272 sec/op
Iteration #1: 0.000201671 sec/op
Iteration #2: 0.000171746 sec/op
Iteration #3: 0.000170783 sec/op
Iteration #4: 0.000170702 sec/op
Iteration #5: 0.000171009 sec/op
Iteration #6: 0.000171539 sec/op
Iteration #7: 0.000171389 sec/op
Iteration #8: 0.000171067 sec/op
Iteration #9: 0.000171166 sec/op
Iteration #10: 0.000171523 sec/op
Iteration #11: 0.000171845 sec/op
Iteration #12: 0.000185337 sec/op
Iteration #13: 0.000203571 sec/op
Iteration #14: 0.000202320 sec/op
Consumed blackhole value: 2018425357
  Success:   ~ 0.000180663 sec/op ±4.0%

… com.rafambn.kflate.benchmark.KompressBaselineBenchmarks.rawDeflateDecompressionFromKFlate | corpus=Rainier.bmp
BENCHMARK_BASELINE_CORPUS library=Kompress name=Rainier.bmp originalBytes=6220854 originalMiB=5.9326 operationMiB=5.9326 rawBytes=3143371 rawRatio=0.5052
Warm-up #0: 0.301632 sec/op
Warm-up #1: 0.301460 sec/op
Warm-up #2: 0.300966 sec/op
Warm-up #3: 0.302951 sec/op
Warm-up #4: 0.302790 sec/op
Warm-up #5: 0.301238 sec/op
Warm-up #6: 0.301792 sec/op
Warm-up #7: 0.300424 sec/op
Iteration #0: 0.299649 sec/op
Iteration #1: 0.300408 sec/op
Iteration #2: 0.299775 sec/op
Iteration #3: 0.300868 sec/op
Iteration #4: 0.299405 sec/op
Iteration #5: 0.299662 sec/op
Iteration #6: 0.300047 sec/op
Iteration #7: 0.299564 sec/op
Iteration #8: 0.299021 sec/op
Iteration #9: 0.299240 sec/op
Iteration #10: 0.299553 sec/op
Iteration #11: 0.299363 sec/op
Iteration #12: 0.299370 sec/op
Iteration #13: 0.299826 sec/op
Iteration #14: 0.298616 sec/op
Consumed blackhole value: -1638838464
  Success:   ~ 0.299625 sec/op ±0.092%

… com.rafambn.kflate.benchmark.KompressBaselineBenchmarks.rawDeflateDecompressionFromKFlate | corpus=Maltese.bmp
BENCHMARK_BASELINE_CORPUS library=Kompress name=Maltese.bmp originalBytes=16427390 originalMiB=15.6663 operationMiB=15.6663 rawBytes=6603460 rawRatio=0.4019
Warm-up #0: 0.732907 sec/op
Warm-up #1: 0.756703 sec/op
Warm-up #2: 0.737013 sec/op
Warm-up #3: 0.734051 sec/op
Warm-up #4: 0.727993 sec/op
Warm-up #5: 0.635367 sec/op
Warm-up #6: 0.620169 sec/op
Warm-up #7: 0.620848 sec/op
Iteration #0: 0.619963 sec/op
Iteration #1: 0.626659 sec/op
Iteration #2: 0.620299 sec/op
Iteration #3: 0.620439 sec/op
Iteration #4: 0.623719 sec/op
Iteration #5: 0.620995 sec/op
Iteration #6: 0.621133 sec/op
Iteration #7: 0.623884 sec/op
Iteration #8: 0.621949 sec/op
Iteration #9: 0.620382 sec/op
Iteration #10: 0.624400 sec/op
Iteration #11: 0.621851 sec/op
Iteration #12: 0.622192 sec/op
Iteration #13: 0.625028 sec/op
Iteration #14: 0.623418 sec/op
Consumed blackhole value: 1821343911
  Success:   ~ 0.622421 sec/op ±0.16%

… com.rafambn.kflate.benchmark.KompressBaselineBenchmarks.rawDeflateDecompressionFromKFlate | corpus=Sunrise.bmp
BENCHMARK_BASELINE_CORPUS library=Kompress name=Sunrise.bmp originalBytes=52344054 originalMiB=49.9191 operationMiB=49.9191 rawBytes=24923928 rawRatio=0.4761
Warm-up #0: 2.19401 sec/op
Warm-up #1: 2.19862 sec/op
Warm-up #2: 2.19839 sec/op
Warm-up #3: 2.20269 sec/op
Warm-up #4: 2.19938 sec/op
Warm-up #5: 2.19632 sec/op
Warm-up #6: 2.19666 sec/op
Warm-up #7: 2.20558 sec/op
Iteration #0: 2.20425 sec/op
Iteration #1: 2.20310 sec/op
Iteration #2: 2.21262 sec/op
Iteration #3: 2.21552 sec/op
Iteration #4: 2.20009 sec/op
Iteration #5: 2.20660 sec/op
Iteration #6: 2.20393 sec/op
Iteration #7: 2.20512 sec/op
Iteration #8: 2.20833 sec/op
Iteration #9: 2.20256 sec/op
Iteration #10: 2.20645 sec/op
Iteration #11: 2.21255 sec/op
Iteration #12: 2.21119 sec/op
Iteration #13: 2.21199 sec/op
Iteration #14: 2.20450 sec/op
Consumed blackhole value: 1340528675
  Success:   ~ 2.20725 sec/op ±0.10%

… com.rafambn.kflate.benchmark.KompressBaselineBenchmarks.rawDeflateDecompressionFromKFlate | corpus=compressed_MVT.pbf
BENCHMARK_BASELINE_CORPUS library=Kompress name=compressed_MVT.pbf originalBytes=146224 originalMiB=0.1394 operationMiB=0.1394 rawBytes=93881 rawRatio=0.642
Warm-up #0: 0.00709498 sec/op
Warm-up #1: 0.00715881 sec/op
Warm-up #2: 0.00708706 sec/op
Warm-up #3: 0.00717237 sec/op
Warm-up #4: 0.00716430 sec/op
Warm-up #5: 0.00708512 sec/op
Warm-up #6: 0.00709638 sec/op
Warm-up #7: 0.00709794 sec/op
Iteration #0: 0.00710187 sec/op
Iteration #1: 0.00705339 sec/op
Iteration #2: 0.00802453 sec/op
Iteration #3: 0.00707012 sec/op
Iteration #4: 0.00710934 sec/op
Iteration #5: 0.00713106 sec/op
Iteration #6: 0.00708317 sec/op
Iteration #7: 0.00711970 sec/op
Iteration #8: 0.00707688 sec/op
Iteration #9: 0.00712257 sec/op
Iteration #10: 0.00710772 sec/op
Iteration #11: 0.00712380 sec/op
Iteration #12: 0.00710254 sec/op
Iteration #13: 0.00708920 sec/op
Iteration #14: 0.00713742 sec/op
Consumed blackhole value: 1696806142
  Success:   ~ 0.00716355 sec/op ±1.7%

… com.rafambn.kflate.benchmark.KompressBaselineBenchmarks.rawDeflateDecompressionFromKompress | corpus=simpleText
BENCHMARK_BASELINE_CORPUS library=Kompress name=simpleText originalBytes=100 originalMiB=0.0 operationMiB=0.0 rawBytes=84 rawRatio=0.84
Warm-up #0: 0.0000385334 sec/op
Warm-up #1: 0.0000390700 sec/op
Warm-up #2: 0.0000396414 sec/op
Warm-up #3: 0.0000391880 sec/op
Warm-up #4: 0.0000373683 sec/op
Warm-up #5: 0.0000362054 sec/op
Warm-up #6: 0.0000389341 sec/op
Warm-up #7: 0.0000386147 sec/op
Iteration #0: 0.0000390575 sec/op
Iteration #1: 0.0000388610 sec/op
Iteration #2: 0.0000391928 sec/op
Iteration #3: 0.0000373693 sec/op
Iteration #4: 0.0000388072 sec/op
Iteration #5: 0.0000363579 sec/op
Iteration #6: 0.0000357829 sec/op
Iteration #7: 0.0000360983 sec/op
Iteration #8: 0.0000376642 sec/op
Iteration #9: 0.0000363902 sec/op
Iteration #10: 0.0000371069 sec/op
Iteration #11: 0.0000378265 sec/op
Iteration #12: 0.0000381034 sec/op
Iteration #13: 0.0000377144 sec/op
Iteration #14: 0.0000380233 sec/op
Consumed blackhole value: -2051985800
  Success:   ~ 0.0000376237 sec/op ±1.5%

… com.rafambn.kflate.benchmark.KompressBaselineBenchmarks.rawDeflateDecompressionFromKompress | corpus=text
BENCHMARK_BASELINE_CORPUS library=Kompress name=text originalBytes=1232923 originalMiB=1.1758 operationMiB=1.1758 rawBytes=520188 rawRatio=0.4219
Warm-up #0: 0.0572775 sec/op
Warm-up #1: 0.0570877 sec/op
Warm-up #2: 0.0568801 sec/op
Warm-up #3: 0.0572066 sec/op
Warm-up #4: 0.0567524 sec/op
Warm-up #5: 0.0569688 sec/op
Warm-up #6: 0.0566035 sec/op
Warm-up #7: 0.0565278 sec/op
Iteration #0: 0.0570092 sec/op
Iteration #1: 0.0563831 sec/op
Iteration #2: 0.0566327 sec/op
Iteration #3: 0.0563814 sec/op
Iteration #4: 0.0565859 sec/op
Iteration #5: 0.0565033 sec/op
Iteration #6: 0.0563529 sec/op
Iteration #7: 0.0565029 sec/op
Iteration #8: 0.0562723 sec/op
Iteration #9: 0.0567952 sec/op
Iteration #10: 0.0568235 sec/op
Iteration #11: 0.0565271 sec/op
Iteration #12: 0.0562329 sec/op
Iteration #13: 0.0564545 sec/op
Iteration #14: 0.0559962 sec/op
Consumed blackhole value: 1717049559
  Success:   ~ 0.0564969 sec/op ±0.23%

… com.rafambn.kflate.benchmark.KompressBaselineBenchmarks.rawDeflateDecompressionFromKompress | corpus=model3D
BENCHMARK_BASELINE_CORPUS library=Kompress name=model3D originalBytes=2478 originalMiB=0.0023 operationMiB=0.0023 rawBytes=2152 rawRatio=0.8684
Warm-up #0: 0.000190714 sec/op
Warm-up #1: 0.000169199 sec/op
Warm-up #2: 0.000185949 sec/op
Warm-up #3: 0.000199892 sec/op
Warm-up #4: 0.000199471 sec/op
Warm-up #5: 0.000198738 sec/op
Warm-up #6: 0.000201252 sec/op
Warm-up #7: 0.000199229 sec/op
Iteration #0: 0.000202275 sec/op
Iteration #1: 0.000202520 sec/op
Iteration #2: 0.000200830 sec/op
Iteration #3: 0.000202389 sec/op
Iteration #4: 0.000202093 sec/op
Iteration #5: 0.000201692 sec/op
Iteration #6: 0.000206182 sec/op
Iteration #7: 0.000202643 sec/op
Iteration #8: 0.000202037 sec/op
Iteration #9: 0.000202687 sec/op
Iteration #10: 0.000201751 sec/op
Iteration #11: 0.000201080 sec/op
Iteration #12: 0.000200910 sec/op
Iteration #13: 0.000201067 sec/op
Iteration #14: 0.000200694 sec/op
Consumed blackhole value: -697484557
  Success:   ~ 0.000202057 sec/op ±0.33%

… com.rafambn.kflate.benchmark.KompressBaselineBenchmarks.rawDeflateDecompressionFromKompress | corpus=Rainier.bmp
BENCHMARK_BASELINE_CORPUS library=Kompress name=Rainier.bmp originalBytes=6220854 originalMiB=5.9326 operationMiB=5.9326 rawBytes=3143371 rawRatio=0.5052
Warm-up #0: 0.304569 sec/op
Warm-up #1: 0.300455 sec/op
Warm-up #2: 0.298504 sec/op
Warm-up #3: 0.297605 sec/op
Warm-up #4: 0.297736 sec/op
Warm-up #5: 0.299097 sec/op
Warm-up #6: 0.297546 sec/op
Warm-up #7: 0.298378 sec/op
Iteration #0: 0.297835 sec/op
Iteration #1: 0.297755 sec/op
Iteration #2: 0.296852 sec/op
Iteration #3: 0.297939 sec/op
Iteration #4: 0.297637 sec/op
Iteration #5: 0.297299 sec/op
Iteration #6: 0.297624 sec/op
Iteration #7: 0.296886 sec/op
Iteration #8: 0.298242 sec/op
Iteration #9: 0.276219 sec/op
Iteration #10: 0.255535 sec/op
Iteration #11: 0.253298 sec/op
Iteration #12: 0.252374 sec/op
Iteration #13: 0.252207 sec/op
Iteration #14: 0.252555 sec/op
Consumed blackhole value: 917352098
  Success:   ~ 0.281350 sec/op ±3.8%

… com.rafambn.kflate.benchmark.KompressBaselineBenchmarks.rawDeflateDecompressionFromKompress | corpus=Maltese.bmp
BENCHMARK_BASELINE_CORPUS library=Kompress name=Maltese.bmp originalBytes=16427390 originalMiB=15.6663 operationMiB=15.6663 rawBytes=6603460 rawRatio=0.4019
Warm-up #0: 0.615309 sec/op
Warm-up #1: 0.627801 sec/op
Warm-up #2: 0.618039 sec/op
Warm-up #3: 0.615451 sec/op
Warm-up #4: 0.626656 sec/op
Warm-up #5: 0.648722 sec/op
Warm-up #6: 0.614892 sec/op
Warm-up #7: 0.617819 sec/op
Iteration #0: 0.616313 sec/op
Iteration #1: 0.614595 sec/op
Iteration #2: 0.617741 sec/op
Iteration #3: 0.614062 sec/op
Iteration #4: 0.656433 sec/op
Iteration #5: 0.615862 sec/op
Iteration #6: 0.613174 sec/op
Iteration #7: 0.801473 sec/op
Iteration #8: 0.616178 sec/op
Iteration #9: 0.615693 sec/op
Iteration #10: 0.615409 sec/op
Iteration #11: 0.617222 sec/op
Iteration #12: 0.615978 sec/op
Iteration #13: 0.616103 sec/op
Iteration #14: 0.617554 sec/op
Consumed blackhole value: 1544486787
  Success:   ~ 0.630919 sec/op ±3.9%

… com.rafambn.kflate.benchmark.KompressBaselineBenchmarks.rawDeflateDecompressionFromKompress | corpus=Sunrise.bmp
BENCHMARK_BASELINE_CORPUS library=Kompress name=Sunrise.bmp originalBytes=52344054 originalMiB=49.9191 operationMiB=49.9191 rawBytes=24923928 rawRatio=0.4761
Warm-up #0: 2.16618 sec/op
Warm-up #1: 2.17815 sec/op
Warm-up #2: 2.17169 sec/op
Warm-up #3: 2.17341 sec/op
Warm-up #4: 2.17151 sec/op
Warm-up #5: 2.18369 sec/op
Warm-up #6: 2.17431 sec/op
Warm-up #7: 2.32316 sec/op
Iteration #0: 2.56049 sec/op
Iteration #1: 2.55273 sec/op
Iteration #2: 2.55264 sec/op
Iteration #3: 2.51992 sec/op
Iteration #4: 2.51144 sec/op
Iteration #5: 2.51477 sec/op
Iteration #6: 2.51542 sec/op
Iteration #7: 2.51413 sec/op
Iteration #8: 2.50994 sec/op
Iteration #9: 2.52821 sec/op
Iteration #10: 2.52727 sec/op
Iteration #11: 2.52534 sec/op
Iteration #12: 2.51977 sec/op
Iteration #13: 2.52235 sec/op
Iteration #14: 2.52315 sec/op
Consumed blackhole value: -1720022542
  Success:   ~ 2.52650 sec/op ±0.32%

… com.rafambn.kflate.benchmark.KompressBaselineBenchmarks.rawDeflateDecompressionFromKompress | corpus=compressed_MVT.pbf
BENCHMARK_BASELINE_CORPUS library=Kompress name=compressed_MVT.pbf originalBytes=146224 originalMiB=0.1394 operationMiB=0.1394 rawBytes=93881 rawRatio=0.642
Warm-up #0: 0.00825722 sec/op
Warm-up #1: 0.00829530 sec/op
Warm-up #2: 0.00826213 sec/op
Warm-up #3: 0.00825280 sec/op
Warm-up #4: 0.00826345 sec/op
Warm-up #5: 0.00831463 sec/op
Warm-up #6: 0.00824311 sec/op
Warm-up #7: 0.00829032 sec/op
Iteration #0: 0.00825151 sec/op
Iteration #1: 0.00826822 sec/op
Iteration #2: 0.00830802 sec/op
Iteration #3: 0.00856247 sec/op
Iteration #4: 0.00827444 sec/op
Iteration #5: 0.00833413 sec/op
Iteration #6: 0.00832173 sec/op
Iteration #7: 0.00825905 sec/op
Iteration #8: 0.00828791 sec/op
Iteration #9: 0.00843132 sec/op
Iteration #10: 0.00827152 sec/op
Iteration #11: 0.00827933 sec/op
Iteration #12: 0.00824105 sec/op
Iteration #13: 0.00827521 sec/op
Iteration #14: 0.00831016 sec/op
Consumed blackhole value: 419273643
  Success:   ~ 0.00831174 sec/op ±0.51%

wasmJsBenchmark summary:
Benchmark                                                                 (corpus)  Mode  Cnt  Score   Error   Units
CompressionBenchmarks.rawDeflateCompression                             simpleText  avgt   15  0.000          sec/op
CompressionBenchmarks.rawDeflateCompression                                   text  avgt   15  0.050          sec/op
CompressionBenchmarks.rawDeflateCompression                                model3D  avgt   15  0.000          sec/op
CompressionBenchmarks.rawDeflateCompression                            Rainier.bmp  avgt   15  0.099          sec/op
CompressionBenchmarks.rawDeflateCompression                            Maltese.bmp  avgt   15  0.415 ± 0.015  sec/op
CompressionBenchmarks.rawDeflateCompression                            Sunrise.bmp  avgt   15  1.517 ± 0.005  sec/op
CompressionBenchmarks.rawDeflateCompression                     compressed_MVT.pbf  avgt   15  0.003          sec/op
CompressionBenchmarks.rawDeflateDecompressionFromKFlate                 simpleText  avgt   15  0.000          sec/op
CompressionBenchmarks.rawDeflateDecompressionFromKFlate                       text  avgt   15  0.009          sec/op
CompressionBenchmarks.rawDeflateDecompressionFromKFlate                    model3D  avgt   15  0.000          sec/op
CompressionBenchmarks.rawDeflateDecompressionFromKFlate                Rainier.bmp  avgt   15  0.049          sec/op
CompressionBenchmarks.rawDeflateDecompressionFromKFlate                Maltese.bmp  avgt   15  0.116 ± 0.001  sec/op
CompressionBenchmarks.rawDeflateDecompressionFromKFlate                Sunrise.bmp  avgt   15  0.460 ± 0.005  sec/op
CompressionBenchmarks.rawDeflateDecompressionFromKFlate         compressed_MVT.pbf  avgt   15  0.001          sec/op
CompressionBenchmarks.rawDeflateDecompressionFromKompress               simpleText  avgt   15  0.000          sec/op
CompressionBenchmarks.rawDeflateDecompressionFromKompress                     text  avgt   15  0.009          sec/op
CompressionBenchmarks.rawDeflateDecompressionFromKompress                  model3D  avgt   15  0.000          sec/op
CompressionBenchmarks.rawDeflateDecompressionFromKompress              Rainier.bmp  avgt   15  0.048          sec/op
CompressionBenchmarks.rawDeflateDecompressionFromKompress              Maltese.bmp  avgt   15  0.113 ± 0.001  sec/op
CompressionBenchmarks.rawDeflateDecompressionFromKompress              Sunrise.bmp  avgt   15  0.414 ± 0.012  sec/op
CompressionBenchmarks.rawDeflateDecompressionFromKompress       compressed_MVT.pbf  avgt   15  0.001          sec/op
KompressBaselineBenchmarks.rawDeflateCompression                        simpleText  avgt   15  0.000          sec/op
KompressBaselineBenchmarks.rawDeflateCompression                              text  avgt   15  0.110 ± 0.003  sec/op
KompressBaselineBenchmarks.rawDeflateCompression                           model3D  avgt   15  0.000          sec/op
KompressBaselineBenchmarks.rawDeflateCompression                       Rainier.bmp  avgt   15  0.381          sec/op
KompressBaselineBenchmarks.rawDeflateCompression                       Maltese.bmp  avgt   15  1.069 ± 0.003  sec/op
KompressBaselineBenchmarks.rawDeflateCompression                       Sunrise.bmp  avgt   15  3.614 ± 0.005  sec/op
KompressBaselineBenchmarks.rawDeflateCompression                compressed_MVT.pbf  avgt   15  0.010          sec/op
KompressBaselineBenchmarks.rawDeflateDecompressionFromKFlate            simpleText  avgt   15  0.000          sec/op
KompressBaselineBenchmarks.rawDeflateDecompressionFromKFlate                  text  avgt   15  0.057          sec/op
KompressBaselineBenchmarks.rawDeflateDecompressionFromKFlate               model3D  avgt   15  0.000          sec/op
KompressBaselineBenchmarks.rawDeflateDecompressionFromKFlate           Rainier.bmp  avgt   15  0.300          sec/op
KompressBaselineBenchmarks.rawDeflateDecompressionFromKFlate           Maltese.bmp  avgt   15  0.622 ± 0.001  sec/op
KompressBaselineBenchmarks.rawDeflateDecompressionFromKFlate           Sunrise.bmp  avgt   15  2.207 ± 0.002  sec/op
KompressBaselineBenchmarks.rawDeflateDecompressionFromKFlate    compressed_MVT.pbf  avgt   15  0.007          sec/op
KompressBaselineBenchmarks.rawDeflateDecompressionFromKompress          simpleText  avgt   15  0.000          sec/op
KompressBaselineBenchmarks.rawDeflateDecompressionFromKompress                text  avgt   15  0.056          sec/op
KompressBaselineBenchmarks.rawDeflateDecompressionFromKompress             model3D  avgt   15  0.000          sec/op
KompressBaselineBenchmarks.rawDeflateDecompressionFromKompress         Rainier.bmp  avgt   15  0.281 ± 0.011  sec/op
KompressBaselineBenchmarks.rawDeflateDecompressionFromKompress         Maltese.bmp  avgt   15  0.631 ± 0.024  sec/op
KompressBaselineBenchmarks.rawDeflateDecompressionFromKompress         Sunrise.bmp  avgt   15  2.527 ± 0.008  sec/op
KompressBaselineBenchmarks.rawDeflateDecompressionFromKompress  compressed_MVT.pbf  avgt   15  0.008          sec/op

Analysing benchmark results is not always trivial,
please refer to https://github.com/Kotlin/kotlinx-benchmark/tree/master?tab=readme-ov-file#analyzing-results for details.


> Task :kflate:benchmarkAll

============================================================
Running KFlate Performance Benchmarks (All Platforms)
============================================================


============================================================
Benchmark Results
Check kflate/build/reports/benchmarks for detailed results
============================================================


> Task :kflate:collectBenchmarkMetadata
Merged benchmark metadata rows: 42 -> kflate/performance/benchmark-metadata.jsonl

> Task :kflate:benchmarkComparison
Using benchmark report directory: kflate/build/reports/benchmarks/main/2026-09-06T20.57.38.873936619
Wrote benchmark comparison tables to performance/benchmark-comparison-2026-09-06T22-29-19.md
Wrote benchmark metric JSON to performance/benchmark-comparison-2026-09-06T22-29-19.json

BUILD SUCCESSFUL in 1h 32m 5s
47 actionable tasks: 46 executed, 1 up-to-date
Configuration cache entry stored.
